timestamp,gpu,util_gpu,memory_used_mb,power_w
2026-09-28T19:55:42.831504,4,90.0,20700.0,275.05
2026-09-28T19:55:42.831557,5,0.0,16520.0,29.94
2026-09-28T19:55:42.831579,6,0.0,8436.0,23.19
2026-09-28T19:55:42.831596,7,100.0,13106.0,116.18
2026-09-28T19:55:43.928998,4,90.0,20700.0,275.0
2026-09-28T19:55:43.929045,5,0.0,16520.0,30.17
2026-09-28T19:55:43.929068,6,0.0,8436.0,23.03
2026-09-28T19:55:43.929128,7,100.0,13106.0,115.91
2026-09-28T19:55:45.024194,4,90.0,20700.0,274.95
2026-09-28T19:55:45.024228,5,0.0,16520.0,30.36
2026-09-28T19:55:45.024246,6,0.0,8436.0,22.93
2026-09-28T19:55:45.024263,7,100.0,13106.0,115.61
2026-09-28T19:55:46.116980,4,90.0,20700.0,276.5
2026-09-28T19:55:46.117009,5,0.0,16520.0,30.17
2026-09-28T19:55:46.117026,6,0.0,8436.0,22.85
2026-09-28T19:55:46.117042,7,100.0,13106.0,115.18
2026-09-28T19:55:47.205798,4,0.0,20700.0,214.32
2026-09-28T19:55:47.205850,5,0.0,16520.0,30.34
2026-09-28T19:55:47.205872,6,0.0,8436.0,22.73
2026-09-28T19:55:47.205891,7,100.0,13106.0,114.87
2026-09-28T19:55:48.325632,4,0.0,20700.0,123.79
2026-09-28T19:55:48.325689,5,0.0,16520.0,30.26
2026-09-28T19:55:48.325708,6,12.0,8436.0,86.89
2026-09-28T19:55:48.325725,7,11.0,13106.0,108.4
2026-09-28T19:55:49.474734,4,0.0,20700.0,99.48
2026-09-28T19:55:49.474789,5,0.0,16520.0,29.85
2026-09-28T19:55:49.474806,6,0.0,8436.0,86.41
2026-09-28T19:55:49.474823,7,12.0,13106.0,98.04
2026-09-28T19:55:50.594003,4,0.0,20700.0,92.51
2026-09-28T19:55:50.594033,5,0.0,16520.0,29.71
2026-09-28T19:55:50.594050,6,12.0,8436.0,85.68
2026-09-28T19:55:50.594067,7,100.0,13106.0,98.69
2026-09-28T19:55:51.685853,4,0.0,20700.0,85.51
2026-09-28T19:55:51.685893,5,99.0,16520.0,107.83
2026-09-28T19:55:51.685913,6,0.0,8436.0,85.25
2026-09-28T19:55:51.685932,7,100.0,13106.0,113.89
2026-09-28T19:55:52.778513,4,0.0,20700.0,85.19
2026-09-28T19:55:52.778571,5,96.0,16520.0,454.53
2026-09-28T19:55:52.778593,6,0.0,8436.0,81.71
2026-09-28T19:55:52.778611,7,100.0,13106.0,114.0
2026-09-28T19:55:53.871958,4,0.0,20700.0,84.94
2026-09-28T19:55:53.872017,5,95.0,16520.0,446.04
2026-09-28T19:55:53.872037,6,0.0,8436.0,81.17
2026-09-28T19:55:53.872054,7,100.0,13106.0,113.62
2026-09-28T19:55:54.963094,4,0.0,20700.0,84.55
2026-09-28T19:55:54.963144,5,95.0,16520.0,447.11
2026-09-28T19:55:54.963163,6,0.0,8436.0,81.03
2026-09-28T19:55:54.963180,7,100.0,13106.0,113.45
2026-09-28T19:55:56.054271,4,0.0,20700.0,84.35
2026-09-28T19:55:56.054297,5,96.0,16520.0,449.54
2026-09-28T19:55:56.054315,6,0.0,8436.0,81.11
2026-09-28T19:55:56.054330,7,100.0,13106.0,113.73
2026-09-28T19:55:57.144911,4,0.0,20700.0,84.35
2026-09-28T19:55:57.144944,5,96.0,16520.0,448.86
2026-09-28T19:55:57.144962,6,0.0,8436.0,81.4
2026-09-28T19:55:57.144978,7,100.0,13106.0,113.78
2026-09-28T19:55:58.236150,4,0.0,20700.0,83.85
2026-09-28T19:55:58.236173,5,99.0,16520.0,448.95
2026-09-28T19:55:58.236190,6,0.0,8436.0,81.49
2026-09-28T19:55:58.236206,7,100.0,13106.0,113.69
2026-09-28T19:55:59.327281,4,0.0,20700.0,83.92
2026-09-28T19:55:59.327301,5,95.0,16520.0,448.81
2026-09-28T19:55:59.327316,6,0.0,8436.0,80.93
2026-09-28T19:55:59.327330,7,100.0,13106.0,113.52
2026-09-28T19:56:00.415763,4,0.0,20700.0,83.86
2026-09-28T19:56:00.415790,5,96.0,16520.0,447.8
2026-09-28T19:56:00.415808,6,0.0,8436.0,80.76
2026-09-28T19:56:00.415823,7,100.0,13106.0,113.26
2026-09-28T19:56:01.502148,4,0.0,20700.0,83.47
2026-09-28T19:56:01.502179,5,98.0,16520.0,450.15
2026-09-28T19:56:01.502197,6,0.0,8436.0,80.78
2026-09-28T19:56:01.502213,7,100.0,13106.0,112.99
2026-09-28T19:56:02.592075,4,0.0,20700.0,83.08
2026-09-28T19:56:02.592104,5,99.0,16520.0,448.07
2026-09-28T19:56:02.592130,6,0.0,8436.0,80.71
2026-09-28T19:56:02.592145,7,100.0,13106.0,112.86
2026-09-28T19:56:03.694158,4,0.0,20700.0,83.39
2026-09-28T19:56:03.694192,5,94.0,16520.0,449.08
2026-09-28T19:56:03.694210,6,0.0,8436.0,80.64
2026-09-28T19:56:03.694225,7,100.0,13106.0,113.03
2026-09-28T19:56:04.786705,4,0.0,20700.0,83.62
2026-09-28T19:56:04.786762,5,92.0,16520.0,447.37
2026-09-28T19:56:04.786783,6,0.0,8436.0,80.65
2026-09-28T19:56:04.786801,7,100.0,13106.0,113.18
2026-09-28T19:56:05.897204,4,0.0,20700.0,64.02
2026-09-28T19:56:05.897236,5,86.0,16520.0,445.26
2026-09-28T19:56:05.897253,6,0.0,8436.0,80.62
2026-09-28T19:56:05.897270,7,100.0,13106.0,113.33
2026-09-28T19:56:07.041005,4,0.0,20700.0,36.89
2026-09-28T19:56:07.041038,5,91.0,16520.0,437.73
2026-09-28T19:56:07.041055,6,0.0,8436.0,80.45
2026-09-28T19:56:07.041072,7,100.0,13106.0,113.51
2026-09-28T19:56:08.175755,4,0.0,20700.0,25.92
2026-09-28T19:56:08.175782,5,96.0,16520.0,449.12
2026-09-28T19:56:08.175798,6,0.0,8436.0,80.47
2026-09-28T19:56:08.175813,7,100.0,13106.0,113.37
2026-09-28T19:56:09.273308,4,0.0,20700.0,22.33
2026-09-28T19:56:09.273339,5,96.0,16520.0,447.73
2026-09-28T19:56:09.273358,6,0.0,8436.0,76.24
2026-09-28T19:56:09.273373,7,100.0,13106.0,113.13
2026-09-28T19:56:10.366274,4,0.0,20700.0,22.2
2026-09-28T19:56:10.366302,5,93.0,16520.0,446.87
2026-09-28T19:56:10.366320,6,0.0,8436.0,27.52
2026-09-28T19:56:10.366336,7,100.0,13106.0,113.11
2026-09-28T19:56:11.459122,4,0.0,20700.0,21.92
2026-09-28T19:56:11.459149,5,96.0,16520.0,448.41
2026-09-28T19:56:11.459165,6,0.0,8436.0,22.76
2026-09-28T19:56:11.459180,7,100.0,13106.0,112.87
2026-09-28T19:56:12.550769,4,0.0,20700.0,21.73
2026-09-28T19:56:12.550795,5,96.0,16520.0,449.92
2026-09-28T19:56:12.550811,6,0.0,8436.0,22.46
2026-09-28T19:56:12.550826,7,100.0,13106.0,112.79
2026-09-28T19:56:13.645237,4,0.0,20700.0,21.58
2026-09-28T19:56:13.645261,5,95.0,16520.0,449.61
2026-09-28T19:56:13.645277,6,0.0,8436.0,22.48
2026-09-28T19:56:13.645291,7,100.0,13106.0,112.73
2026-09-28T19:56:14.739943,4,0.0,20700.0,21.57
2026-09-28T19:56:14.739997,5,94.0,16520.0,450.21
2026-09-28T19:56:14.740017,6,0.0,8436.0,22.55
2026-09-28T19:56:14.740034,7,100.0,13106.0,112.97
2026-09-28T19:56:15.841092,4,0.0,20700.0,21.72
2026-09-28T19:56:15.841153,5,95.0,16520.0,448.92
2026-09-28T19:56:15.841172,6,0.0,8436.0,22.54
2026-09-28T19:56:15.841188,7,100.0,13106.0,112.87
2026-09-28T19:56:16.937392,4,0.0,20700.0,21.81
2026-09-28T19:56:16.937449,5,98.0,16520.0,449.4
2026-09-28T19:56:16.937471,6,0.0,8436.0,22.53
2026-09-28T19:56:16.937490,7,100.0,13106.0,113.09
2026-09-28T19:56:18.032791,4,0.0,20700.0,21.65
2026-09-28T19:56:18.032844,5,96.0,16520.0,447.39
2026-09-28T19:56:18.032863,6,0.0,8436.0,22.64
2026-09-28T19:56:18.032881,7,100.0,13106.0,113.32
2026-09-28T19:56:19.126875,4,0.0,20700.0,21.5
2026-09-28T19:56:19.126907,5,99.0,16520.0,449.64
2026-09-28T19:56:19.126925,6,0.0,8436.0,22.76
2026-09-28T19:56:19.126940,7,100.0,13106.0,113.29
2026-09-28T19:56:20.226883,4,0.0,20700.0,21.77
2026-09-28T19:56:20.226916,5,96.0,16520.0,449.3
2026-09-28T19:56:20.226933,6,0.0,8436.0,22.71
2026-09-28T19:56:20.226948,7,100.0,13106.0,113.27
2026-09-28T19:56:21.321457,4,0.0,20700.0,21.6
2026-09-28T19:56:21.321484,5,0.0,16520.0,221.68
2026-09-28T19:56:21.321499,6,97.0,9328.0,354.95
2026-09-28T19:56:21.321515,7,97.0,13106.0,239.92
2026-09-28T19:56:22.416427,4,0.0,20700.0,21.68
2026-09-28T19:56:22.416463,5,0.0,16520.0,162.56
2026-09-28T19:56:22.416481,6,93.0,9328.0,381.62
2026-09-28T19:56:22.416496,7,84.0,13106.0,333.57
2026-09-28T19:56:23.550357,4,0.0,20700.0,21.73
2026-09-28T19:56:23.550385,5,0.0,16520.0,111.16
2026-09-28T19:56:23.550401,6,96.0,9328.0,386.7
2026-09-28T19:56:23.550417,7,95.0,13106.0,346.63
2026-09-28T19:56:24.680621,4,0.0,20700.0,21.42
2026-09-28T19:56:24.680662,5,0.0,16520.0,104.45
2026-09-28T19:56:24.680679,6,90.0,9328.0,381.3
2026-09-28T19:56:24.680694,7,95.0,13106.0,335.01
2026-09-28T19:56:25.782346,4,0.0,20700.0,21.33
2026-09-28T19:56:25.782400,5,0.0,16520.0,104.34
2026-09-28T19:56:25.782420,6,96.0,9328.0,384.46
2026-09-28T19:56:25.782437,7,90.0,13106.0,333.37
2026-09-28T19:56:26.880977,4,0.0,20700.0,21.42
2026-09-28T19:56:26.881011,5,0.0,16520.0,104.01
2026-09-28T19:56:26.881029,6,89.0,9328.0,384.26
2026-09-28T19:56:26.881045,7,91.0,13106.0,341.38
2026-09-28T19:56:27.987472,4,0.0,20700.0,21.57
2026-09-28T19:56:27.987504,5,0.0,16520.0,103.12
2026-09-28T19:56:27.987520,6,96.0,9328.0,381.35
2026-09-28T19:56:27.987536,7,98.0,13106.0,342.16
2026-09-28T19:56:29.080192,4,0.0,20700.0,21.67
2026-09-28T19:56:29.080222,5,0.0,16520.0,102.34
2026-09-28T19:56:29.080238,6,91.0,9328.0,382.52
2026-09-28T19:56:29.080255,7,96.0,13106.0,340.93
2026-09-28T19:56:30.178388,4,0.0,20700.0,20.97
2026-09-28T19:56:30.178413,5,0.0,16520.0,101.75
2026-09-28T19:56:30.178429,6,85.0,9328.0,376.42
2026-09-28T19:56:30.178446,7,83.0,13106.0,333.88
2026-09-28T19:56:31.273680,4,0.0,20700.0,20.93
2026-09-28T19:56:31.273706,5,0.0,16520.0,101.13
2026-09-28T19:56:31.273722,6,97.0,9328.0,387.49
2026-09-28T19:56:31.273738,7,96.0,13106.0,350.58
2026-09-28T19:56:32.369135,4,0.0,20700.0,21.22
2026-09-28T19:56:32.369159,5,0.0,16520.0,100.58
2026-09-28T19:56:32.369174,6,98.0,9328.0,396.73
2026-09-28T19:56:32.369191,7,87.0,13106.0,331.7
2026-09-28T19:56:33.464245,4,0.0,20700.0,21.49
2026-09-28T19:56:33.464283,5,0.0,16520.0,100.06
2026-09-28T19:56:33.464300,6,95.0,9328.0,390.56
2026-09-28T19:56:33.464314,7,96.0,13106.0,338.77
2026-09-28T19:56:34.565921,4,0.0,20700.0,21.54
2026-09-28T19:56:34.565949,5,0.0,16520.0,98.78
2026-09-28T19:56:34.565965,6,84.0,9328.0,382.0
2026-09-28T19:56:34.565980,7,85.0,13106.0,345.42
2026-09-28T19:56:35.661934,4,0.0,20700.0,21.45
2026-09-28T19:56:35.661962,5,0.0,16520.0,98.12
2026-09-28T19:56:35.661977,6,97.0,9328.0,392.39
2026-09-28T19:56:35.661992,7,96.0,13106.0,361.53
2026-09-28T19:56:36.758917,4,0.0,20700.0,21.26
2026-09-28T19:56:36.758974,5,0.0,16520.0,97.76
2026-09-28T19:56:36.758992,6,90.0,9328.0,386.79
2026-09-28T19:56:36.759010,7,83.0,13106.0,354.62
2026-09-28T19:56:37.857828,4,0.0,20700.0,20.99
2026-09-28T19:56:37.857859,5,0.0,16520.0,90.21
2026-09-28T19:56:37.857876,6,97.0,9328.0,387.67
2026-09-28T19:56:37.857893,7,97.0,13106.0,354.36
2026-09-28T19:56:38.955987,4,0.0,20700.0,20.71
2026-09-28T19:56:38.956027,5,0.0,16520.0,64.05
2026-09-28T19:56:38.956046,6,92.0,9328.0,387.0
2026-09-28T19:56:38.956062,7,83.0,13106.0,353.94
2026-09-28T19:56:40.100822,4,0.0,20700.0,20.66
2026-09-28T19:56:40.100852,5,0.0,16520.0,40.91
2026-09-28T19:56:40.100870,6,97.0,9328.0,386.82
2026-09-28T19:56:40.100886,7,96.0,13106.0,362.92
2026-09-28T19:56:41.240576,4,0.0,20700.0,21.02
2026-09-28T19:56:41.240627,5,0.0,16520.0,36.11
2026-09-28T19:56:41.240648,6,89.0,9328.0,396.32
2026-09-28T19:56:41.240666,7,94.0,13106.0,344.28
2026-09-28T19:56:42.344167,4,0.0,20700.0,21.03
2026-09-28T19:56:42.344220,5,0.0,16520.0,35.66
2026-09-28T19:56:42.344239,6,98.0,9328.0,416.88
2026-09-28T19:56:42.344257,7,100.0,13106.0,337.82
2026-09-28T19:56:43.445753,4,0.0,20700.0,20.96
2026-09-28T19:56:43.445809,5,0.0,16520.0,35.14
2026-09-28T19:56:43.445829,6,93.0,9328.0,399.71
2026-09-28T19:56:43.445847,7,84.0,13106.0,343.13
2026-09-28T19:56:44.542413,4,0.0,20700.0,21.01
2026-09-28T19:56:44.542469,5,0.0,16520.0,33.92
2026-09-28T19:56:44.542488,6,97.0,9328.0,400.87
2026-09-28T19:56:44.542506,7,95.0,13106.0,361.26
2026-09-28T19:56:45.639315,4,0.0,20700.0,20.84
2026-09-28T19:56:45.639369,5,0.0,16520.0,33.3
2026-09-28T19:56:45.639389,6,88.0,9328.0,391.16
2026-09-28T19:56:45.639408,7,93.0,13106.0,350.76
2026-09-28T19:56:46.741271,4,0.0,20700.0,20.68
2026-09-28T19:56:46.741323,5,0.0,16520.0,32.83
2026-09-28T19:56:46.741343,6,96.0,9328.0,391.5
2026-09-28T19:56:46.741361,7,99.0,13106.0,343.86
2026-09-28T19:56:47.844782,4,0.0,20700.0,20.91
2026-09-28T19:56:47.844840,5,0.0,16520.0,32.71
2026-09-28T19:56:47.844860,6,89.0,9328.0,389.78
2026-09-28T19:56:47.844877,7,96.0,13106.0,344.47
2026-09-28T19:56:48.942591,4,0.0,20700.0,20.97
2026-09-28T19:56:48.942643,5,0.0,16520.0,32.54
2026-09-28T19:56:48.942663,6,96.0,9328.0,389.24
2026-09-28T19:56:48.942680,7,98.0,13106.0,366.9
2026-09-28T19:56:50.041124,4,0.0,20700.0,20.89
2026-09-28T19:56:50.041158,5,0.0,16520.0,32.54
2026-09-28T19:56:50.041174,6,93.0,9328.0,389.17
2026-09-28T19:56:50.041190,7,96.0,13106.0,349.67
2026-09-28T19:56:51.137195,4,0.0,20700.0,20.83
2026-09-28T19:56:51.137221,5,0.0,16520.0,32.54
2026-09-28T19:56:51.137238,6,86.0,9328.0,394.64
2026-09-28T19:56:51.137254,7,83.0,13106.0,346.3
2026-09-28T19:56:52.235933,4,0.0,20700.0,20.6
2026-09-28T19:56:52.235985,5,0.0,16520.0,32.53
2026-09-28T19:56:52.236007,6,98.0,9328.0,398.68
2026-09-28T19:56:52.236035,7,95.0,13106.0,360.26
2026-09-28T19:56:53.332741,4,0.0,20700.0,20.6
2026-09-28T19:56:53.332790,5,0.0,16520.0,32.47
2026-09-28T19:56:53.332810,6,96.0,9328.0,398.72
2026-09-28T19:56:53.332830,7,85.0,13106.0,352.89
2026-09-28T19:56:54.430925,4,0.0,20700.0,20.33
2026-09-28T19:56:54.430977,5,0.0,16520.0,32.45
2026-09-28T19:56:54.430997,6,95.0,9328.0,396.55
2026-09-28T19:56:54.431015,7,96.0,13106.0,345.54
2026-09-28T19:56:55.529342,4,0.0,20700.0,20.28
2026-09-28T19:56:55.529386,5,0.0,16520.0,32.63
2026-09-28T19:56:55.529404,6,86.0,9328.0,391.65
2026-09-28T19:56:55.529422,7,85.0,13106.0,360.56
2026-09-28T19:56:56.655467,4,0.0,20700.0,20.49
2026-09-28T19:56:56.655519,5,0.0,16520.0,32.6
2026-09-28T19:56:56.655540,6,97.0,9328.0,412.86
2026-09-28T19:56:56.655557,7,95.0,13106.0,347.05
2026-09-28T19:56:57.831489,4,0.0,20700.0,20.69
2026-09-28T19:56:57.831550,5,0.0,16520.0,32.49
2026-09-28T19:56:57.831570,6,92.0,9328.0,396.14
2026-09-28T19:56:57.831588,7,87.0,13106.0,361.1
2026-09-28T19:56:58.959474,4,0.0,20700.0,20.58
2026-09-28T19:56:58.959531,5,0.0,16520.0,32.36
2026-09-28T19:56:58.959550,6,96.0,9328.0,401.18
2026-09-28T19:56:58.959567,7,96.0,13106.0,353.18
2026-09-28T19:57:00.058012,4,0.0,20700.0,20.32
2026-09-28T19:57:00.058041,5,0.0,16520.0,32.27
2026-09-28T19:57:00.058059,6,83.0,9328.0,400.14
2026-09-28T19:57:00.058076,7,85.0,13106.0,346.71
2026-09-28T19:57:01.151981,4,0.0,20700.0,20.37
2026-09-28T19:57:01.152011,5,0.0,16520.0,32.06
2026-09-28T19:57:01.152028,6,96.0,9328.0,398.97
2026-09-28T19:57:01.152044,7,97.0,13106.0,378.17
2026-09-28T19:57:02.247833,4,0.0,20700.0,20.24
2026-09-28T19:57:02.247887,5,0.0,16520.0,31.66
2026-09-28T19:57:02.247907,6,88.0,9328.0,399.8
2026-09-28T19:57:02.247924,7,92.0,13106.0,368.59
2026-09-28T19:57:03.344770,4,0.0,20700.0,19.97
2026-09-28T19:57:03.344822,5,0.0,16520.0,31.53
2026-09-28T19:57:03.344843,6,97.0,9328.0,399.23
2026-09-28T19:57:03.344860,7,98.0,13106.0,365.61
2026-09-28T19:57:04.460993,4,0.0,20700.0,19.94
2026-09-28T19:57:04.461044,5,0.0,16520.0,31.86
2026-09-28T19:57:04.461063,6,95.0,9328.0,408.83
2026-09-28T19:57:04.461081,7,84.0,13106.0,359.52
2026-09-28T19:57:05.557293,4,0.0,20700.0,19.9
2026-09-28T19:57:05.557335,5,0.0,16520.0,31.91
2026-09-28T19:57:05.557353,6,96.0,9328.0,409.34
2026-09-28T19:57:05.557369,7,95.0,13106.0,363.77
2026-09-28T19:57:06.651955,4,0.0,20700.0,19.91
2026-09-28T19:57:06.652001,5,0.0,16520.0,31.88
2026-09-28T19:57:06.652020,6,89.0,9328.0,401.23
2026-09-28T19:57:06.652038,7,95.0,13106.0,350.33
2026-09-28T19:57:07.749886,4,0.0,20700.0,19.97
2026-09-28T19:57:07.749938,5,0.0,16520.0,31.97
2026-09-28T19:57:07.749956,6,96.0,9328.0,401.77
2026-09-28T19:57:07.749973,7,89.0,13106.0,352.02
2026-09-28T19:57:08.855408,4,0.0,20700.0,20.06
2026-09-28T19:57:08.855466,5,0.0,16520.0,32.04
2026-09-28T19:57:08.855486,6,90.0,9328.0,400.48
2026-09-28T19:57:08.855505,7,96.0,13106.0,351.0
2026-09-28T19:57:09.959677,4,0.0,20700.0,19.94
2026-09-28T19:57:09.959715,5,0.0,16520.0,31.91
2026-09-28T19:57:09.959734,6,97.0,9328.0,410.35
2026-09-28T19:57:09.959751,7,99.0,13106.0,356.74
2026-09-28T19:57:11.057477,4,0.0,20700.0,20.0
2026-09-28T19:57:11.057510,5,0.0,16520.0,31.66
2026-09-28T19:57:11.057529,6,91.0,9328.0,404.89
2026-09-28T19:57:11.057546,7,97.0,13106.0,368.93
2026-09-28T19:57:12.156073,4,0.0,20700.0,20.11
2026-09-28T19:57:12.156140,5,0.0,16520.0,31.62
2026-09-28T19:57:12.156159,6,86.0,9328.0,393.79
2026-09-28T19:57:12.156177,7,85.0,13106.0,361.83
2026-09-28T19:57:13.249346,4,0.0,20700.0,20.11
2026-09-28T19:57:13.249393,5,0.0,16520.0,31.49
2026-09-28T19:57:13.249412,6,98.0,9328.0,412.33
2026-09-28T19:57:13.249428,7,96.0,13106.0,380.09
2026-09-28T19:57:14.382282,4,0.0,20700.0,20.03
2026-09-28T19:57:14.382334,5,0.0,16520.0,31.27
2026-09-28T19:57:14.382354,6,97.0,9328.0,411.54
2026-09-28T19:57:14.382372,7,89.0,13106.0,352.45
2026-09-28T19:57:15.549336,4,0.0,20700.0,20.1
2026-09-28T19:57:15.549383,5,0.0,16520.0,31.29
2026-09-28T19:57:15.549401,6,95.0,9328.0,402.13
2026-09-28T19:57:15.549418,7,96.0,13106.0,347.95
2026-09-28T19:57:16.688485,4,0.0,20700.0,20.17
2026-09-28T19:57:16.688514,5,0.0,16520.0,31.42
2026-09-28T19:57:16.688531,6,83.0,9328.0,404.17
2026-09-28T19:57:16.688548,7,90.0,13106.0,360.3
2026-09-28T19:57:17.791376,4,0.0,20700.0,20.17
2026-09-28T19:57:17.791423,5,0.0,16520.0,31.46
2026-09-28T19:57:17.791437,6,96.0,9328.0,400.0
2026-09-28T19:57:17.791450,7,96.0,13106.0,371.11
2026-09-28T19:57:18.885885,4,0.0,20700.0,20.26
2026-09-28T19:57:18.885940,5,0.0,16520.0,31.55
2026-09-28T19:57:18.885959,6,87.0,9328.0,410.2
2026-09-28T19:57:18.885976,7,86.0,13106.0,340.48
2026-09-28T19:57:19.985146,4,0.0,20700.0,20.16
2026-09-28T19:57:19.985202,5,0.0,16520.0,31.55
2026-09-28T19:57:19.985221,6,95.0,9328.0,404.24
2026-09-28T19:57:19.985238,7,96.0,13106.0,356.08
2026-09-28T19:57:21.083565,4,0.0,20700.0,19.94
2026-09-28T19:57:21.083594,5,0.0,16520.0,31.53
2026-09-28T19:57:21.083611,6,92.0,9328.0,398.75
2026-09-28T19:57:21.083628,7,84.0,13106.0,359.36
2026-09-28T19:57:22.184871,4,0.0,20700.0,19.8
2026-09-28T19:57:22.184927,5,0.0,16520.0,31.64
2026-09-28T19:57:22.184948,6,96.0,9328.0,409.82
2026-09-28T19:57:22.184965,7,96.0,13106.0,369.42
2026-09-28T19:57:23.282758,4,0.0,20700.0,19.82
2026-09-28T19:57:23.282812,5,0.0,16520.0,31.68
2026-09-28T19:57:23.282832,6,89.0,9328.0,402.77
2026-09-28T19:57:23.282850,7,91.0,13106.0,359.53
2026-09-28T19:57:24.384196,4,0.0,20700.0,19.9
2026-09-28T19:57:24.384254,5,0.0,16520.0,31.49
2026-09-28T19:57:24.384274,6,96.0,9328.0,399.58
2026-09-28T19:57:24.384292,7,96.0,13106.0,373.55
2026-09-28T19:57:25.485034,4,0.0,20700.0,19.86
2026-09-28T19:57:25.485079,5,0.0,16520.0,31.51
2026-09-28T19:57:25.485097,6,89.0,9328.0,403.67
2026-09-28T19:57:25.485143,7,85.0,13106.0,365.39
2026-09-28T19:57:26.581797,4,0.0,20700.0,19.81
2026-09-28T19:57:26.581833,5,0.0,16520.0,31.81
2026-09-28T19:57:26.581851,6,97.0,9328.0,406.4
2026-09-28T19:57:26.581867,7,97.0,13106.0,368.18
2026-09-28T19:57:27.679463,4,0.0,20700.0,19.82
2026-09-28T19:57:27.679510,5,0.0,16520.0,31.35
2026-09-28T19:57:27.679529,6,93.0,9328.0,408.08
2026-09-28T19:57:27.679546,7,97.0,13106.0,348.49
2026-09-28T19:57:28.776082,4,0.0,20700.0,19.78
2026-09-28T19:57:28.776145,5,0.0,16520.0,31.07
2026-09-28T19:57:28.776165,6,96.0,9328.0,406.12
2026-09-28T19:57:28.776181,7,87.0,13106.0,359.15
2026-09-28T19:57:29.872658,4,0.0,20700.0,19.88
2026-09-28T19:57:29.872713,5,0.0,16520.0,31.19
2026-09-28T19:57:29.872732,6,89.0,9328.0,400.59
2026-09-28T19:57:29.872749,7,95.0,13106.0,354.31
2026-09-28T19:57:30.966600,4,0.0,20700.0,20.03
2026-09-28T19:57:30.966656,5,0.0,16520.0,31.35
2026-09-28T19:57:30.966675,6,97.0,9328.0,407.61
2026-09-28T19:57:30.966692,7,90.0,13106.0,344.41
2026-09-28T19:57:32.102156,4,0.0,20700.0,20.03
2026-09-28T19:57:32.102210,5,0.0,16520.0,31.42
2026-09-28T19:57:32.102229,6,93.0,9328.0,402.94
2026-09-28T19:57:32.102247,7,95.0,13106.0,351.88
2026-09-28T19:57:33.260479,4,0.0,20700.0,20.16
2026-09-28T19:57:33.260534,5,0.0,16520.0,31.51
2026-09-28T19:57:33.260554,6,84.0,9328.0,399.62
2026-09-28T19:57:33.260573,7,91.0,13106.0,358.29
2026-09-28T19:57:34.391477,4,0.0,20700.0,20.13
2026-09-28T19:57:34.391532,5,0.0,16520.0,31.6
2026-09-28T19:57:34.391552,6,92.0,9328.0,401.3
2026-09-28T19:57:34.391570,7,95.0,13106.0,372.2
2026-09-28T19:57:35.491153,4,0.0,20700.0,20.03
2026-09-28T19:57:35.491206,5,0.0,16520.0,31.55
2026-09-28T19:57:35.491227,6,85.0,9328.0,403.66
2026-09-28T19:57:35.491244,7,83.0,13106.0,354.7
2026-09-28T19:57:36.588610,4,0.0,20700.0,20.0
2026-09-28T19:57:36.588642,5,0.0,16520.0,31.63
2026-09-28T19:57:36.588661,6,97.0,9328.0,404.87
2026-09-28T19:57:36.588677,7,97.0,13106.0,368.19
2026-09-28T19:57:37.683302,4,0.0,20700.0,19.85
2026-09-28T19:57:37.683356,5,0.0,16520.0,31.65
2026-09-28T19:57:37.683375,6,91.0,9328.0,400.61
2026-09-28T19:57:37.683393,7,83.0,13106.0,368.46
2026-09-28T19:57:38.779535,4,0.0,20700.0,19.85
2026-09-28T19:57:38.779586,5,0.0,16520.0,31.45
2026-09-28T19:57:38.779605,6,96.0,9328.0,406.36
2026-09-28T19:57:38.779624,7,95.0,13106.0,370.34
2026-09-28T19:57:39.876811,4,0.0,20700.0,20.11
2026-09-28T19:57:39.876845,5,0.0,16520.0,31.17
2026-09-28T19:57:39.876862,6,84.0,9328.0,407.08
2026-09-28T19:57:39.876880,7,90.0,13106.0,355.55
2026-09-28T19:57:40.974746,4,0.0,20700.0,20.33
2026-09-28T19:57:40.974776,5,0.0,16520.0,31.07
2026-09-28T19:57:40.974793,6,96.0,9328.0,406.2
2026-09-28T19:57:40.974808,7,96.0,13106.0,373.66
2026-09-28T19:57:42.072853,4,0.0,20700.0,20.13
2026-09-28T19:57:42.072909,5,0.0,16520.0,31.03
2026-09-28T19:57:42.072930,6,0.0,9328.0,360.14
2026-09-28T19:57:42.072946,7,0.0,13106.0,312.33
2026-09-28T19:57:43.163317,4,100.0,20700.0,324.52
2026-09-28T19:57:43.163370,5,0.0,16520.0,31.09
2026-09-28T19:57:43.163390,6,0.0,9328.0,124.9
2026-09-28T19:57:43.163408,7,100.0,13106.0,139.71
2026-09-28T19:57:44.258581,4,72.0,20700.0,367.46
2026-09-28T19:57:44.258638,5,0.0,16520.0,31.2
2026-09-28T19:57:44.258659,6,0.0,9328.0,118.65
2026-09-28T19:57:44.258677,7,100.0,13106.0,139.28
2026-09-28T19:57:45.357974,4,64.0,20700.0,303.07
2026-09-28T19:57:45.358015,5,0.0,16520.0,31.25
2026-09-28T19:57:45.358035,6,0.0,9328.0,102.73
2026-09-28T19:57:45.358051,7,100.0,13106.0,138.72
2026-09-28T19:57:46.452309,4,67.0,20700.0,305.87
2026-09-28T19:57:46.452343,5,0.0,16520.0,31.34
2026-09-28T19:57:46.452360,6,0.0,9328.0,100.54
2026-09-28T19:57:46.452377,7,100.0,13106.0,137.83
2026-09-28T19:57:47.547175,4,66.0,20700.0,307.73
2026-09-28T19:57:47.547230,5,0.0,16520.0,31.24
2026-09-28T19:57:47.547251,6,0.0,9328.0,99.24
2026-09-28T19:57:47.547267,7,100.0,13106.0,137.52
2026-09-28T19:57:48.657886,4,69.0,20700.0,312.75
2026-09-28T19:57:48.657943,5,0.0,16520.0,31.33
2026-09-28T19:57:48.657963,6,0.0,9328.0,98.7
2026-09-28T19:57:48.657981,7,100.0,13106.0,136.87
2026-09-28T19:57:49.814142,4,68.0,20700.0,315.59
2026-09-28T19:57:49.814201,5,0.0,16520.0,31.19
2026-09-28T19:57:49.814222,6,0.0,9328.0,98.04
2026-09-28T19:57:49.814240,7,100.0,13106.0,136.41
2026-09-28T19:57:50.961255,4,76.0,20700.0,316.6
2026-09-28T19:57:50.961308,5,0.0,16520.0,31.0
2026-09-28T19:57:50.961327,6,0.0,9328.0,96.19
2026-09-28T19:57:50.961344,7,100.0,13106.0,135.68
2026-09-28T19:57:52.060190,4,78.0,20700.0,319.86
2026-09-28T19:57:52.060246,5,0.0,16520.0,31.15
2026-09-28T19:57:52.060266,6,0.0,9328.0,95.16
2026-09-28T19:57:52.060283,7,100.0,13106.0,135.26
2026-09-28T19:57:53.151220,4,0.0,20700.0,263.84
2026-09-28T19:57:53.151274,5,0.0,16520.0,31.17
2026-09-28T19:57:53.151292,6,0.0,9328.0,94.14
2026-09-28T19:57:53.151309,7,100.0,13106.0,134.31
2026-09-28T19:57:54.242027,4,74.0,20700.0,321.43
2026-09-28T19:57:54.242082,5,0.0,16520.0,31.21
2026-09-28T19:57:54.242102,6,0.0,9328.0,93.47
2026-09-28T19:57:54.242128,7,100.0,13106.0,134.01
2026-09-28T19:57:55.336187,4,74.0,20700.0,320.38
2026-09-28T19:57:55.336240,5,0.0,16520.0,31.44
2026-09-28T19:57:55.336260,6,0.0,9328.0,92.43
2026-09-28T19:57:55.336277,7,100.0,13106.0,133.45
2026-09-28T19:57:56.428855,4,80.0,20700.0,322.41
2026-09-28T19:57:56.428890,5,0.0,16520.0,31.58
2026-09-28T19:57:56.428907,6,0.0,9328.0,90.88
2026-09-28T19:57:56.428924,7,100.0,13106.0,132.76
2026-09-28T19:57:57.524750,4,78.0,20700.0,326.33
2026-09-28T19:57:57.524803,5,0.0,16520.0,31.3
2026-09-28T19:57:57.524825,6,0.0,9328.0,89.43
2026-09-28T19:57:57.524842,7,100.0,13106.0,132.02
2026-09-28T19:57:58.619627,4,78.0,20700.0,325.1
2026-09-28T19:57:58.619682,5,0.0,16520.0,31.04
2026-09-28T19:57:58.619702,6,0.0,9328.0,87.93
2026-09-28T19:57:58.619720,7,100.0,13106.0,131.32
2026-09-28T19:57:59.712902,4,82.0,20700.0,327.7
2026-09-28T19:57:59.712956,5,0.0,16520.0,31.13
2026-09-28T19:57:59.712976,6,0.0,9328.0,86.76
2026-09-28T19:57:59.712994,7,100.0,13106.0,130.57
2026-09-28T19:58:00.805853,4,77.0,20700.0,328.4
2026-09-28T19:58:00.805883,5,0.0,16520.0,30.88
2026-09-28T19:58:00.805900,6,0.0,9328.0,74.91
2026-09-28T19:58:00.805916,7,100.0,13106.0,130.04
2026-09-28T19:58:01.901775,4,82.0,20700.0,329.1
2026-09-28T19:58:01.901820,5,0.0,16520.0,30.84
2026-09-28T19:58:01.901839,6,0.0,9328.0,28.46
2026-09-28T19:58:01.901856,7,100.0,13106.0,128.75
2026-09-28T19:58:03.002259,4,80.0,20700.0,329.8
2026-09-28T19:58:03.002313,5,0.0,16520.0,31.2
2026-09-28T19:58:03.002334,6,0.0,9328.0,24.86
2026-09-28T19:58:03.002352,7,100.0,13106.0,128.2
2026-09-28T19:58:04.097906,4,80.0,20700.0,334.29
2026-09-28T19:58:04.097961,5,0.0,16520.0,31.22
2026-09-28T19:58:04.097982,6,0.0,9328.0,24.42
2026-09-28T19:58:04.098000,7,100.0,13106.0,127.5
2026-09-28T19:58:05.210057,4,80.0,20700.0,339.17
2026-09-28T19:58:05.210137,5,0.0,16520.0,30.81
2026-09-28T19:58:05.210158,6,0.0,9328.0,24.13
2026-09-28T19:58:05.210176,7,100.0,13106.0,126.94
2026-09-28T19:58:06.357174,4,80.0,20700.0,333.54
2026-09-28T19:58:06.357225,5,0.0,16520.0,30.56
2026-09-28T19:58:06.357244,6,0.0,9328.0,23.7
2026-09-28T19:58:06.357261,7,100.0,13106.0,126.25
2026-09-28T19:58:07.486746,4,81.0,20700.0,335.98
2026-09-28T19:58:07.486780,5,0.0,16520.0,30.61
2026-09-28T19:58:07.486792,6,0.0,9328.0,23.45
2026-09-28T19:58:07.486802,7,100.0,13106.0,125.67
2026-09-28T19:58:08.587682,4,82.0,20700.0,337.68
2026-09-28T19:58:08.587738,5,0.0,16520.0,30.84
2026-09-28T19:58:08.587758,6,0.0,9328.0,23.29
2026-09-28T19:58:08.587775,7,100.0,13106.0,125.56
2026-09-28T19:58:09.687077,4,80.0,20700.0,338.85
2026-09-28T19:58:09.687163,5,0.0,16520.0,30.66
2026-09-28T19:58:09.687182,6,0.0,9328.0,23.14
2026-09-28T19:58:09.687200,7,100.0,13106.0,124.84
2026-09-28T19:58:10.782041,4,85.0,20700.0,341.7
2026-09-28T19:58:10.782081,5,0.0,16520.0,30.48
2026-09-28T19:58:10.782099,6,0.0,9328.0,23.05
2026-09-28T19:58:10.782128,7,100.0,13106.0,124.72
2026-09-28T19:58:11.875489,4,0.0,20700.0,317.94
2026-09-28T19:58:11.875536,5,0.0,16520.0,30.5
2026-09-28T19:58:11.875555,6,0.0,9328.0,23.0
2026-09-28T19:58:11.875571,7,100.0,13106.0,124.48
2026-09-28T19:58:12.976922,4,86.0,20700.0,232.88
2026-09-28T19:58:12.976979,5,0.0,16520.0,30.66
2026-09-28T19:58:12.976999,6,0.0,9328.0,22.96
2026-09-28T19:58:12.977017,7,100.0,13106.0,124.38
2026-09-28T19:58:14.077176,4,84.0,20700.0,343.72
2026-09-28T19:58:14.077229,5,0.0,16520.0,30.67
2026-09-28T19:58:14.077249,6,0.0,9328.0,22.99
2026-09-28T19:58:14.077267,7,100.0,13106.0,123.94
2026-09-28T19:58:15.175904,4,83.0,20700.0,344.29
2026-09-28T19:58:15.175958,5,0.0,16520.0,30.85
2026-09-28T19:58:15.175977,6,0.0,9328.0,23.09
2026-09-28T19:58:15.175994,7,100.0,13106.0,123.26
2026-09-28T19:58:16.277053,4,87.0,20700.0,329.85
2026-09-28T19:58:16.277106,5,0.0,16520.0,31.13
2026-09-28T19:58:16.277155,6,0.0,9328.0,23.21
2026-09-28T19:58:16.277172,7,100.0,13106.0,123.07
2026-09-28T19:58:17.375804,4,85.0,20700.0,329.14
2026-09-28T19:58:17.375858,5,0.0,16520.0,31.04
2026-09-28T19:58:17.375879,6,0.0,9328.0,23.13
2026-09-28T19:58:17.375896,7,100.0,13106.0,122.74
2026-09-28T19:58:18.473834,4,87.0,20700.0,327.71
2026-09-28T19:58:18.473890,5,0.0,16520.0,30.82
2026-09-28T19:58:18.473911,6,0.0,9328.0,23.04
2026-09-28T19:58:18.473927,7,100.0,13106.0,122.21
2026-09-28T19:58:19.573015,4,87.0,20700.0,328.02
2026-09-28T19:58:19.573064,5,0.0,16520.0,30.94
2026-09-28T19:58:19.573084,6,0.0,9328.0,23.17
2026-09-28T19:58:19.573100,7,100.0,13106.0,121.89
2026-09-28T19:58:20.674985,4,86.0,20700.0,331.79
2026-09-28T19:58:20.675024,5,0.0,16520.0,31.21
2026-09-28T19:58:20.675042,6,0.0,9328.0,23.15
2026-09-28T19:58:20.675057,7,100.0,13106.0,121.71
2026-09-28T19:58:21.773434,4,88.0,20700.0,328.86
2026-09-28T19:58:21.773487,5,0.0,16520.0,31.43
2026-09-28T19:58:21.773507,6,0.0,9328.0,23.06
2026-09-28T19:58:21.773524,7,100.0,13106.0,121.26
2026-09-28T19:58:22.921283,4,88.0,20700.0,329.71
2026-09-28T19:58:22.921341,5,0.0,16520.0,31.41
2026-09-28T19:58:22.921362,6,0.0,9328.0,23.25
2026-09-28T19:58:22.921380,7,100.0,13106.0,120.53
2026-09-28T19:58:24.059318,4,87.0,20700.0,320.41
2026-09-28T19:58:24.059371,5,0.0,16520.0,31.18
2026-09-28T19:58:24.059390,6,0.0,9328.0,23.24
2026-09-28T19:58:24.059407,7,100.0,13106.0,119.61
2026-09-28T19:58:25.159437,4,89.0,20700.0,308.27
2026-09-28T19:58:25.159465,5,0.0,16520.0,31.09
2026-09-28T19:58:25.159482,6,0.0,9328.0,23.26
2026-09-28T19:58:25.159499,7,100.0,13106.0,118.65
2026-09-28T19:58:26.255236,4,90.0,20700.0,286.92
2026-09-28T19:58:26.255264,5,0.0,16520.0,31.09
2026-09-28T19:58:26.255280,6,0.0,9328.0,23.17
2026-09-28T19:58:26.255305,7,100.0,13106.0,117.99
2026-09-28T19:58:27.351469,4,90.0,20700.0,279.95
2026-09-28T19:58:27.351519,5,0.0,16520.0,31.14
2026-09-28T19:58:27.351540,6,0.0,9328.0,23.03
2026-09-28T19:58:27.351557,7,100.0,13106.0,118.16
2026-09-28T19:58:28.447537,4,91.0,20700.0,274.8
2026-09-28T19:58:28.447589,5,0.0,16520.0,31.06
2026-09-28T19:58:28.447610,6,0.0,9328.0,23.01
2026-09-28T19:58:28.447628,7,100.0,13106.0,118.22
2026-09-28T19:58:29.544510,4,90.0,20700.0,274.73
2026-09-28T19:58:29.544543,5,0.0,16520.0,30.69
2026-09-28T19:58:29.544560,6,0.0,9328.0,23.01
2026-09-28T19:58:29.544576,7,100.0,13106.0,117.96
2026-09-28T19:58:30.639744,4,91.0,20700.0,272.54
2026-09-28T19:58:30.639768,5,0.0,16520.0,30.75
2026-09-28T19:58:30.639784,6,0.0,9328.0,23.12
2026-09-28T19:58:30.639800,7,100.0,13106.0,117.81
2026-09-28T19:58:31.734564,4,91.0,20700.0,296.48
2026-09-28T19:58:31.734608,5,0.0,16520.0,30.88
2026-09-28T19:58:31.734626,6,0.0,9328.0,23.22
2026-09-28T19:58:31.734642,7,100.0,13106.0,117.38
2026-09-28T19:58:32.829993,4,91.0,20700.0,300.32
2026-09-28T19:58:32.830050,5,0.0,16520.0,31.0
2026-09-28T19:58:32.830070,6,0.0,9328.0,23.16
2026-09-28T19:58:32.830088,7,100.0,13106.0,117.01
2026-09-28T19:58:33.920932,4,0.0,20700.0,207.62
2026-09-28T19:58:33.920992,5,0.0,16520.0,30.96
2026-09-28T19:58:33.921012,6,9.0,9328.0,44.22
2026-09-28T19:58:33.921032,7,11.0,13106.0,111.72
2026-09-28T19:58:35.014582,4,0.0,20700.0,136.57
2026-09-28T19:58:35.014641,5,0.0,16520.0,30.79
2026-09-28T19:58:35.014661,6,12.0,9328.0,85.24
2026-09-28T19:58:35.014680,7,11.0,13106.0,108.29
2026-09-28T19:58:36.106409,4,0.0,20700.0,103.07
2026-09-28T19:58:36.106449,5,0.0,16520.0,30.63
2026-09-28T19:58:36.106466,6,12.0,9328.0,86.71
2026-09-28T19:58:36.106482,7,12.0,13106.0,100.07
2026-09-28T19:58:37.196839,4,0.0,20700.0,88.62
2026-09-28T19:58:37.196893,5,0.0,16520.0,30.52
2026-09-28T19:58:37.196913,6,11.0,9328.0,86.33
2026-09-28T19:58:37.196930,7,12.0,13106.0,93.23
2026-09-28T19:58:38.286069,4,0.0,20700.0,88.18
2026-09-28T19:58:38.286136,5,95.0,16520.0,148.07
2026-09-28T19:58:38.286157,6,0.0,9328.0,84.79
2026-09-28T19:58:38.286175,7,100.0,13106.0,106.33
2026-09-28T19:58:39.404440,4,0.0,20700.0,87.97
2026-09-28T19:58:39.404496,5,96.0,16520.0,450.75
2026-09-28T19:58:39.404518,6,0.0,9328.0,81.83
2026-09-28T19:58:39.404537,7,100.0,13106.0,115.55
2026-09-28T19:58:40.562848,4,0.0,20700.0,87.73
2026-09-28T19:58:40.562896,5,94.0,16520.0,446.5
2026-09-28T19:58:40.562916,6,0.0,9328.0,80.53
2026-09-28T19:58:40.562934,7,100.0,13106.0,115.43
2026-09-28T19:58:41.674024,4,0.0,20700.0,87.32
2026-09-28T19:58:41.674076,5,97.0,16520.0,448.32
2026-09-28T19:58:41.674097,6,0.0,9328.0,80.63
2026-09-28T19:58:41.674142,7,100.0,13106.0,114.73
2026-09-28T19:58:42.768376,4,0.0,20700.0,87.03
2026-09-28T19:58:42.768428,5,99.0,16520.0,448.2
2026-09-28T19:58:42.768448,6,0.0,9328.0,80.92
2026-09-28T19:58:42.768466,7,100.0,13106.0,114.06
2026-09-28T19:58:43.859164,4,0.0,20700.0,86.57
2026-09-28T19:58:43.859218,5,95.0,16520.0,449.23
2026-09-28T19:58:43.859238,6,0.0,9328.0,80.82
2026-09-28T19:58:43.859255,7,100.0,13106.0,113.78
2026-09-28T19:58:44.950475,4,0.0,20700.0,86.02
2026-09-28T19:58:44.950530,5,95.0,16520.0,448.1
2026-09-28T19:58:44.950550,6,0.0,9328.0,80.96
2026-09-28T19:58:44.950567,7,100.0,13106.0,113.7
2026-09-28T19:58:46.043969,4,0.0,20700.0,85.62
2026-09-28T19:58:46.044017,5,95.0,16520.0,448.01
2026-09-28T19:58:46.044037,6,0.0,9328.0,80.97
2026-09-28T19:58:46.044054,7,100.0,13106.0,113.48
2026-09-28T19:58:47.134754,4,0.0,20700.0,85.15
2026-09-28T19:58:47.134810,5,99.0,16520.0,448.28
2026-09-28T19:58:47.134830,6,0.0,9328.0,80.6
2026-09-28T19:58:47.134847,7,100.0,13106.0,113.25
2026-09-28T19:58:48.225895,4,0.0,20700.0,84.38
2026-09-28T19:58:48.225948,5,92.0,16520.0,448.66
2026-09-28T19:58:48.225968,6,0.0,9328.0,80.39
2026-09-28T19:58:48.225985,7,100.0,13106.0,113.59
2026-09-28T19:58:49.317041,4,0.0,20700.0,83.95
2026-09-28T19:58:49.317090,5,96.0,16520.0,446.97
2026-09-28T19:58:49.317108,6,0.0,9328.0,80.38
2026-09-28T19:58:49.317137,7,100.0,13106.0,114.0
2026-09-28T19:58:50.409195,4,0.0,20700.0,80.06
2026-09-28T19:58:50.409243,5,91.0,16520.0,445.42
2026-09-28T19:58:50.409264,6,0.0,9328.0,80.4
2026-09-28T19:58:50.409281,7,100.0,13106.0,113.39
2026-09-28T19:58:51.503160,4,0.0,20700.0,54.37
2026-09-28T19:58:51.503201,5,94.0,16520.0,447.15
2026-09-28T19:58:51.503220,6,0.0,9328.0,80.46
2026-09-28T19:58:51.503237,7,100.0,13106.0,113.81
2026-09-28T19:58:52.595872,4,0.0,20700.0,27.86
2026-09-28T19:58:52.595928,5,96.0,16520.0,448.61
2026-09-28T19:58:52.595952,6,0.0,9328.0,80.54
2026-09-28T19:58:52.595972,7,100.0,13106.0,113.5
2026-09-28T19:58:53.696956,4,0.0,20700.0,23.14
2026-09-28T19:58:53.697011,5,95.0,16520.0,447.98
2026-09-28T19:58:53.697031,6,0.0,9328.0,80.61
2026-09-28T19:58:53.697049,7,100.0,13106.0,113.36
2026-09-28T19:58:54.790526,4,0.0,20700.0,22.73
2026-09-28T19:58:54.790584,5,93.0,16520.0,447.04
2026-09-28T19:58:54.790604,6,0.0,9328.0,80.52
2026-09-28T19:58:54.790622,7,100.0,13106.0,113.22
2026-09-28T19:58:55.883849,4,0.0,20700.0,22.35
2026-09-28T19:58:55.883904,5,99.0,16520.0,448.1
2026-09-28T19:58:55.883924,6,0.0,9328.0,45.13
2026-09-28T19:58:55.883942,7,100.0,13106.0,113.03
2026-09-28T19:58:56.995091,4,0.0,20700.0,22.06
2026-09-28T19:58:56.995192,5,92.0,16520.0,447.15
2026-09-28T19:58:56.995214,6,0.0,9328.0,26.27
2026-09-28T19:58:56.995231,7,100.0,13106.0,112.97
2026-09-28T19:58:58.141503,4,0.0,20700.0,21.99
2026-09-28T19:58:58.141536,5,99.0,16520.0,449.17
2026-09-28T19:58:58.141554,6,0.0,9328.0,22.41
2026-09-28T19:58:58.141571,7,100.0,13106.0,113.03
2026-09-28T19:58:59.273817,4,0.0,20700.0,21.59
2026-09-28T19:58:59.273841,5,99.0,16520.0,449.53
2026-09-28T19:58:59.273858,6,0.0,9328.0,22.41
2026-09-28T19:58:59.273873,7,100.0,13106.0,113.06
2026-09-28T19:59:00.369897,4,0.0,20700.0,21.52
2026-09-28T19:59:00.369922,5,96.0,16520.0,449.67
2026-09-28T19:59:00.369938,6,0.0,9328.0,22.44
2026-09-28T19:59:00.369952,7,100.0,13106.0,113.14
2026-09-28T19:59:01.462820,4,0.0,20700.0,21.47
2026-09-28T19:59:01.462842,5,96.0,16520.0,449.36
2026-09-28T19:59:01.462858,6,0.0,9328.0,22.33
2026-09-28T19:59:01.462872,7,100.0,13106.0,113.13
2026-09-28T19:59:02.556769,4,0.0,20700.0,21.36
2026-09-28T19:59:02.556793,5,95.0,16520.0,447.43
2026-09-28T19:59:02.556808,6,0.0,9328.0,22.28
2026-09-28T19:59:02.556822,7,100.0,13106.0,112.98
2026-09-28T19:59:03.650761,4,0.0,20700.0,21.13
2026-09-28T19:59:03.650781,5,96.0,16520.0,448.66
2026-09-28T19:59:03.650795,6,0.0,9328.0,22.42
2026-09-28T19:59:03.650810,7,100.0,13106.0,113.0
2026-09-28T19:59:04.743704,4,0.0,20700.0,20.96
2026-09-28T19:59:04.743751,5,96.0,16520.0,448.86
2026-09-28T19:59:04.743771,6,0.0,9328.0,22.48
2026-09-28T19:59:04.743787,7,100.0,13106.0,113.0
2026-09-28T19:59:05.849195,4,0.0,20700.0,20.87
2026-09-28T19:59:05.849226,5,96.0,16520.0,448.52
2026-09-28T19:59:05.849244,6,0.0,9328.0,22.16
2026-09-28T19:59:05.849261,7,100.0,13106.0,112.86
2026-09-28T19:59:06.940664,4,0.0,20700.0,20.77
2026-09-28T19:59:06.940685,5,95.0,16520.0,449.57
2026-09-28T19:59:06.940692,6,0.0,9328.0,22.05
2026-09-28T19:59:06.940699,7,100.0,13106.0,112.91
2026-09-28T19:59:08.036608,4,0.0,20700.0,20.76
2026-09-28T19:59:08.036670,5,0.0,16520.0,361.96
2026-09-28T19:59:08.036690,6,96.0,9328.0,132.09
2026-09-28T19:59:08.036707,7,96.0,13106.0,233.74
2026-09-28T19:59:09.133294,4,0.0,20700.0,20.92
2026-09-28T19:59:09.133338,5,0.0,16520.0,153.53
2026-09-28T19:59:09.133354,6,0.0,9328.0,343.83
2026-09-28T19:59:09.133370,7,94.0,13106.0,393.86
2026-09-28T19:59:10.226636,4,0.0,20700.0,20.97
2026-09-28T19:59:10.226672,5,0.0,16520.0,119.96
2026-09-28T19:59:10.226689,6,96.0,9328.0,301.14
2026-09-28T19:59:10.226704,7,96.0,13106.0,320.06
2026-09-28T19:59:11.319970,4,0.0,20700.0,21.25
2026-09-28T19:59:11.320011,5,0.0,16520.0,112.54
2026-09-28T19:59:11.320028,6,97.0,9328.0,389.37
2026-09-28T19:59:11.320044,7,90.0,13106.0,384.9
2026-09-28T19:59:12.417052,4,0.0,20700.0,21.54
2026-09-28T19:59:12.417117,5,0.0,16520.0,105.09
2026-09-28T19:59:12.417139,6,95.0,9328.0,364.44
2026-09-28T19:59:12.417157,7,97.0,13106.0,396.05
2026-09-28T19:59:13.513247,4,0.0,20700.0,21.55
2026-09-28T19:59:13.513303,5,0.0,16520.0,104.66
2026-09-28T19:59:13.513324,6,92.0,9328.0,360.03
2026-09-28T19:59:13.513340,7,87.0,13106.0,395.95
2026-09-28T19:59:14.640289,4,0.0,20700.0,21.27
2026-09-28T19:59:14.640339,5,0.0,16520.0,103.33
2026-09-28T19:59:14.640358,6,97.0,9328.0,373.25
2026-09-28T19:59:14.640376,7,97.0,13106.0,396.31
2026-09-28T19:59:15.804765,4,0.0,20700.0,20.96
2026-09-28T19:59:15.804798,5,0.0,16520.0,102.78
2026-09-28T19:59:15.804814,6,92.0,9328.0,360.0
2026-09-28T19:59:15.804830,7,95.0,13106.0,392.46
2026-09-28T19:59:16.935676,4,0.0,20700.0,20.97
2026-09-28T19:59:16.935729,5,0.0,16520.0,102.02
2026-09-28T19:59:16.935748,6,95.0,9328.0,371.69
2026-09-28T19:59:16.935764,7,97.0,13106.0,403.86
2026-09-28T19:59:18.040153,4,0.0,20700.0,21.11
2026-09-28T19:59:18.040211,5,0.0,16520.0,100.85
2026-09-28T19:59:18.040232,6,93.0,9328.0,365.55
2026-09-28T19:59:18.040249,7,96.0,13106.0,397.73
2026-09-28T19:59:19.137286,4,0.0,20700.0,21.13
2026-09-28T19:59:19.137344,5,0.0,16520.0,100.06
2026-09-28T19:59:19.137364,6,83.0,9328.0,360.92
2026-09-28T19:59:19.137381,7,95.0,13106.0,400.59
2026-09-28T19:59:20.233330,4,0.0,20700.0,21.21
2026-09-28T19:59:20.233380,5,0.0,16520.0,99.7
2026-09-28T19:59:20.233399,6,96.0,9328.0,363.43
2026-09-28T19:59:20.233416,7,96.0,13106.0,404.99
2026-09-28T19:59:21.324751,4,0.0,20700.0,21.12
2026-09-28T19:59:21.324794,5,0.0,16520.0,99.27
2026-09-28T19:59:21.324812,6,90.0,9328.0,368.19
2026-09-28T19:59:21.324829,7,91.0,13106.0,402.68
2026-09-28T19:59:22.421458,4,0.0,20700.0,20.88
2026-09-28T19:59:22.421514,5,0.0,16520.0,98.39
2026-09-28T19:59:22.421535,6,96.0,9328.0,364.98
2026-09-28T19:59:22.421553,7,97.0,13106.0,409.54
2026-09-28T19:59:23.519690,4,0.0,20700.0,21.03
2026-09-28T19:59:23.519749,5,0.0,16520.0,97.91
2026-09-28T19:59:23.519771,6,93.0,9328.0,369.79
2026-09-28T19:59:23.519789,7,94.0,13106.0,402.29
2026-09-28T19:59:24.617636,4,0.0,20700.0,21.15
2026-09-28T19:59:24.617693,5,0.0,16520.0,88.89
2026-09-28T19:59:24.617713,6,86.0,9328.0,369.46
2026-09-28T19:59:24.617731,7,83.0,13106.0,400.63
2026-09-28T19:59:25.719789,4,0.0,20700.0,20.88
2026-09-28T19:59:25.719835,5,0.0,16520.0,63.65
2026-09-28T19:59:25.719852,6,96.0,9328.0,372.55
2026-09-28T19:59:25.719869,7,97.0,13106.0,405.18
2026-09-28T19:59:26.818220,4,0.0,20700.0,20.72
2026-09-28T19:59:26.818265,5,0.0,16520.0,42.01
2026-09-28T19:59:26.818283,6,85.0,9328.0,364.22
2026-09-28T19:59:26.818301,7,87.0,13106.0,405.58
2026-09-28T19:59:27.913364,4,0.0,20700.0,20.65
2026-09-28T19:59:27.913420,5,0.0,16520.0,36.35
2026-09-28T19:59:27.913441,6,96.0,9328.0,368.95
2026-09-28T19:59:27.913459,7,96.0,13106.0,411.57
2026-09-28T19:59:29.010765,4,0.0,20700.0,20.57
2026-09-28T19:59:29.010818,5,0.0,16520.0,35.19
2026-09-28T19:59:29.010837,6,88.0,9328.0,378.16
2026-09-28T19:59:29.010854,7,96.0,13106.0,411.11
2026-09-28T19:59:30.116017,4,0.0,20700.0,20.68
2026-09-28T19:59:30.116061,5,0.0,16520.0,34.43
2026-09-28T19:59:30.116080,6,97.0,9328.0,370.83
2026-09-28T19:59:30.116097,7,91.0,13106.0,405.51
2026-09-28T19:59:31.214148,4,0.0,20700.0,20.69
2026-09-28T19:59:31.214192,5,0.0,16520.0,33.92
2026-09-28T19:59:31.214212,6,95.0,9328.0,369.72
2026-09-28T19:59:31.214229,7,96.0,13106.0,405.4
2026-09-28T19:59:32.351163,4,0.0,20700.0,20.89
2026-09-28T19:59:32.351219,5,0.0,16520.0,33.58
2026-09-28T19:59:32.351239,6,87.0,9328.0,358.39
2026-09-28T19:59:32.351257,7,94.0,13106.0,405.5
2026-09-28T19:59:33.493557,4,0.0,20700.0,20.8
2026-09-28T19:59:33.493610,5,0.0,16520.0,33.24
2026-09-28T19:59:33.493630,6,97.0,9328.0,378.03
2026-09-28T19:59:33.493647,7,97.0,13106.0,413.39
2026-09-28T19:59:34.601357,4,0.0,20700.0,20.68
2026-09-28T19:59:34.601409,5,0.0,16520.0,32.68
2026-09-28T19:59:34.601427,6,89.0,9328.0,374.76
2026-09-28T19:59:34.601443,7,93.0,13106.0,413.3
2026-09-28T19:59:35.701153,4,0.0,20700.0,20.65
2026-09-28T19:59:35.701185,5,0.0,16520.0,32.62
2026-09-28T19:59:35.701202,6,96.0,9328.0,371.3
2026-09-28T19:59:35.701220,7,87.0,13106.0,411.54
2026-09-28T19:59:36.797130,4,0.0,20700.0,20.57
2026-09-28T19:59:36.797158,5,0.0,16520.0,32.79
2026-09-28T19:59:36.797175,6,91.0,9328.0,355.84
2026-09-28T19:59:36.797194,7,97.0,13106.0,421.58
2026-09-28T19:59:37.895075,4,0.0,20700.0,20.71
2026-09-28T19:59:37.895145,5,0.0,16520.0,32.86
2026-09-28T19:59:37.895165,6,96.0,9328.0,378.37
2026-09-28T19:59:37.895182,7,86.0,13106.0,414.58
2026-09-28T19:59:38.992304,4,0.0,20700.0,20.88
2026-09-28T19:59:38.992351,5,0.0,16520.0,32.82
2026-09-28T19:59:38.992370,6,92.0,9328.0,375.57
2026-09-28T19:59:38.992387,7,96.0,13106.0,407.48
2026-09-28T19:59:40.094417,4,0.0,20700.0,20.97
2026-09-28T19:59:40.094464,5,0.0,16520.0,32.84
2026-09-28T19:59:40.094483,6,86.0,9328.0,375.27
2026-09-28T19:59:40.094499,7,91.0,13106.0,410.26
2026-09-28T19:59:41.195022,4,0.0,20700.0,20.75
2026-09-28T19:59:41.195062,5,0.0,16520.0,32.81
2026-09-28T19:59:41.195079,6,96.0,9328.0,371.63
2026-09-28T19:59:41.195095,7,97.0,13106.0,426.64
2026-09-28T19:59:42.304203,4,0.0,20700.0,20.77
2026-09-28T19:59:42.304254,5,0.0,16520.0,32.4
2026-09-28T19:59:42.304273,6,91.0,9328.0,371.8
2026-09-28T19:59:42.304290,7,91.0,13106.0,420.23
2026-09-28T19:59:43.402142,4,0.0,20700.0,20.89
2026-09-28T19:59:43.402195,5,0.0,16520.0,32.15
2026-09-28T19:59:43.402215,6,97.0,9328.0,370.98
2026-09-28T19:59:43.402233,7,97.0,13106.0,421.09
2026-09-28T19:59:44.501903,4,0.0,20700.0,20.78
2026-09-28T19:59:44.501960,5,0.0,16520.0,32.33
2026-09-28T19:59:44.501979,6,88.0,9328.0,373.63
2026-09-28T19:59:44.501995,7,94.0,13106.0,414.71
2026-09-28T19:59:45.600855,4,0.0,20700.0,20.51
2026-09-28T19:59:45.600897,5,0.0,16520.0,32.35
2026-09-28T19:59:45.600914,6,96.0,9328.0,378.66
2026-09-28T19:59:45.600931,7,85.0,13106.0,409.09
2026-09-28T19:59:46.693077,4,0.0,20700.0,20.29
2026-09-28T19:59:46.693124,5,0.0,16520.0,32.29
2026-09-28T19:59:46.693141,6,93.0,9328.0,379.45
2026-09-28T19:59:46.693157,7,96.0,13106.0,413.51
2026-09-28T19:59:47.786024,4,0.0,20700.0,20.45
2026-09-28T19:59:47.786079,5,0.0,16520.0,32.38
2026-09-28T19:59:47.786100,6,86.0,9328.0,366.39
2026-09-28T19:59:47.786128,7,89.0,13106.0,416.03
2026-09-28T19:59:48.920853,4,0.0,20700.0,20.49
2026-09-28T19:59:48.920908,5,0.0,16520.0,32.5
2026-09-28T19:59:48.920929,6,93.0,9328.0,376.61
2026-09-28T19:59:48.920946,7,96.0,13106.0,417.14
2026-09-28T19:59:50.084911,4,0.0,20700.0,20.27
2026-09-28T19:59:50.084951,5,0.0,16520.0,32.71
2026-09-28T19:59:50.084967,6,96.0,9328.0,317.48
2026-09-28T19:59:50.084983,7,97.0,13106.0,344.32
2026-09-28T19:59:51.219214,4,0.0,20700.0,20.13
2026-09-28T19:59:51.219269,5,0.0,16520.0,32.42
2026-09-28T19:59:51.219288,6,88.0,9328.0,391.27
2026-09-28T19:59:51.219305,7,95.0,13106.0,406.92
2026-09-28T19:59:52.318981,4,0.0,20700.0,20.28
2026-09-28T19:59:52.319037,5,0.0,16520.0,32.24
2026-09-28T19:59:52.319056,6,96.0,9328.0,380.23
2026-09-28T19:59:52.319073,7,84.0,13106.0,414.51
2026-09-28T19:59:53.415566,4,0.0,20700.0,20.3
2026-09-28T19:59:53.415623,5,0.0,16520.0,32.41
2026-09-28T19:59:53.415644,6,88.0,9328.0,381.76
2026-09-28T19:59:53.415661,7,95.0,13106.0,409.38
2026-09-28T19:59:54.532671,4,0.0,20700.0,20.14
2026-09-28T19:59:54.532727,5,0.0,16520.0,32.26
2026-09-28T19:59:54.532747,6,96.0,9328.0,378.68
2026-09-28T19:59:54.532764,7,92.0,13106.0,412.61
2026-09-28T19:59:55.630556,4,0.0,20700.0,19.86
2026-09-28T19:59:55.630612,5,0.0,16520.0,32.26
2026-09-28T19:59:55.630631,6,95.0,9328.0,373.33
2026-09-28T19:59:55.630648,7,97.0,13106.0,418.73
2026-09-28T19:59:56.728304,4,0.0,20700.0,19.94
2026-09-28T19:59:56.728359,5,0.0,16520.0,32.4
2026-09-28T19:59:56.728380,6,91.0,9328.0,373.6
2026-09-28T19:59:56.728398,7,93.0,13106.0,417.09
2026-09-28T19:59:57.826652,4,0.0,20700.0,20.23
2026-09-28T19:59:57.826709,5,0.0,16520.0,32.27
2026-09-28T19:59:57.826729,6,97.0,9328.0,385.08
2026-09-28T19:59:57.826747,7,86.0,13106.0,404.57
2026-09-28T19:59:58.926654,4,0.0,20700.0,20.18
2026-09-28T19:59:58.926704,5,0.0,16520.0,32.29
2026-09-28T19:59:58.926725,6,91.0,9328.0,395.59
2026-09-28T19:59:58.926743,7,94.0,13106.0,415.35
2026-09-28T20:00:00.021195,4,0.0,20700.0,20.1
2026-09-28T20:00:00.021238,5,0.0,16520.0,32.39
2026-09-28T20:00:00.021256,6,96.0,9328.0,392.36
2026-09-28T20:00:00.021286,7,86.0,13106.0,414.26
2026-09-28T20:00:01.123255,4,0.0,20700.0,20.09
2026-09-28T20:00:01.123312,5,0.0,16520.0,32.29
2026-09-28T20:00:01.123333,6,95.0,9328.0,374.95
2026-09-28T20:00:01.123351,7,96.0,13106.0,420.74
2026-09-28T20:00:02.224475,4,0.0,20700.0,20.24
2026-09-28T20:00:02.224527,5,0.0,16520.0,32.31
2026-09-28T20:00:02.224546,6,84.0,9328.0,380.36
2026-09-28T20:00:02.224564,7,90.0,13106.0,416.55
2026-09-28T20:00:03.321929,4,0.0,20700.0,20.16
2026-09-28T20:00:03.321955,5,0.0,16520.0,32.25
2026-09-28T20:00:03.321972,6,95.0,9328.0,371.04
2026-09-28T20:00:03.321988,7,97.0,13106.0,425.15
2026-09-28T20:00:04.418655,4,0.0,20700.0,20.14
2026-09-28T20:00:04.418683,5,0.0,16520.0,31.94
2026-09-28T20:00:04.418698,6,84.0,9328.0,380.05
2026-09-28T20:00:04.418714,7,88.0,13106.0,415.39
2026-09-28T20:00:05.514761,4,0.0,20700.0,20.13
2026-09-28T20:00:05.514793,5,0.0,16520.0,31.78
2026-09-28T20:00:05.514811,6,96.0,9328.0,390.45
2026-09-28T20:00:05.514828,7,97.0,13106.0,418.03
2026-09-28T20:00:06.687831,4,0.0,20700.0,20.0
2026-09-28T20:00:06.687858,5,0.0,16520.0,31.65
2026-09-28T20:00:06.687874,6,87.0,9328.0,374.0
2026-09-28T20:00:06.687888,7,96.0,13106.0,418.52
2026-09-28T20:00:07.832334,4,0.0,20700.0,19.81
2026-09-28T20:00:07.832360,5,0.0,16520.0,31.66
2026-09-28T20:00:07.832375,6,96.0,9328.0,375.8
2026-09-28T20:00:07.832390,7,93.0,13106.0,413.99
2026-09-28T20:00:08.935880,4,0.0,20700.0,19.83
2026-09-28T20:00:08.935900,5,0.0,16520.0,31.83
2026-09-28T20:00:08.935915,6,87.0,9328.0,384.94
2026-09-28T20:00:08.935930,7,97.0,13106.0,410.18
2026-09-28T20:00:10.036357,4,0.0,20700.0,20.02
2026-09-28T20:00:10.036382,5,0.0,16520.0,31.66
2026-09-28T20:00:10.036397,6,93.0,9328.0,374.32
2026-09-28T20:00:10.036412,7,93.0,13106.0,415.95
2026-09-28T20:00:11.132998,4,0.0,20700.0,19.96
2026-09-28T20:00:11.133031,5,0.0,16520.0,31.38
2026-09-28T20:00:11.133046,6,97.0,9328.0,387.06
2026-09-28T20:00:11.133060,7,96.0,13106.0,416.44
2026-09-28T20:00:12.231394,4,0.0,20700.0,19.94
2026-09-28T20:00:12.231451,5,0.0,16520.0,31.51
2026-09-28T20:00:12.231471,6,89.0,9328.0,388.51
2026-09-28T20:00:12.231488,7,92.0,13106.0,408.29
2026-09-28T20:00:13.333554,4,0.0,20700.0,19.97
2026-09-28T20:00:13.333581,5,0.0,16520.0,31.61
2026-09-28T20:00:13.333598,6,95.0,9328.0,389.81
2026-09-28T20:00:13.333614,7,85.0,13106.0,409.39
2026-09-28T20:00:14.431728,4,0.0,20700.0,20.04
2026-09-28T20:00:14.431761,5,0.0,16520.0,31.49
2026-09-28T20:00:14.431777,6,92.0,9328.0,379.58
2026-09-28T20:00:14.431793,7,94.0,13106.0,415.97
2026-09-28T20:00:15.531056,4,0.0,20700.0,20.17
2026-09-28T20:00:15.531079,5,0.0,16520.0,31.38
2026-09-28T20:00:15.531095,6,84.0,9328.0,382.36
2026-09-28T20:00:15.531142,7,91.0,13106.0,408.82
2026-09-28T20:00:16.628260,4,0.0,20700.0,19.98
2026-09-28T20:00:16.628283,5,0.0,16520.0,31.58
2026-09-28T20:00:16.628298,6,95.0,9328.0,378.48
2026-09-28T20:00:16.628313,7,96.0,13106.0,411.49
2026-09-28T20:00:17.727302,4,0.0,20700.0,19.88
2026-09-28T20:00:17.727327,5,0.0,16520.0,31.65
2026-09-28T20:00:17.727342,6,89.0,9328.0,394.9
2026-09-28T20:00:17.727357,7,92.0,13106.0,411.73
2026-09-28T20:00:18.833787,4,0.0,20700.0,19.9
2026-09-28T20:00:18.833809,5,0.0,16520.0,31.48
2026-09-28T20:00:18.833824,6,97.0,9328.0,392.06
2026-09-28T20:00:18.833839,7,86.0,13106.0,406.42
2026-09-28T20:00:19.932487,4,0.0,20700.0,20.0
2026-09-28T20:00:19.932507,5,0.0,16520.0,31.32
2026-09-28T20:00:19.932522,6,93.0,9328.0,390.67
2026-09-28T20:00:19.932537,7,95.0,13106.0,413.09
2026-09-28T20:00:21.029199,4,0.0,20700.0,20.16
2026-09-28T20:00:21.029220,5,0.0,16520.0,31.31
2026-09-28T20:00:21.029235,6,87.0,9328.0,382.85
2026-09-28T20:00:21.029250,7,86.0,13106.0,418.75
2026-09-28T20:00:22.126158,4,0.0,20700.0,20.02
2026-09-28T20:00:22.126181,5,0.0,16520.0,31.28
2026-09-28T20:00:22.126196,6,96.0,9328.0,383.27
2026-09-28T20:00:22.126213,7,96.0,13106.0,412.33
2026-09-28T20:00:23.266007,4,0.0,20700.0,19.54
2026-09-28T20:00:23.266064,5,0.0,16520.0,31.4
2026-09-28T20:00:23.266085,6,88.0,9328.0,389.37
2026-09-28T20:00:23.266104,7,90.0,13106.0,416.49
2026-09-28T20:00:24.407172,4,0.0,20700.0,19.59
2026-09-28T20:00:24.407203,5,0.0,16520.0,31.47
2026-09-28T20:00:24.407220,6,96.0,9328.0,374.31
2026-09-28T20:00:24.407237,7,96.0,13106.0,408.34
2026-09-28T20:00:25.507610,4,0.0,20700.0,19.51
2026-09-28T20:00:25.507633,5,0.0,16520.0,31.57
2026-09-28T20:00:25.507649,6,89.0,9328.0,380.58
2026-09-28T20:00:25.507665,7,85.0,13106.0,407.68
2026-09-28T20:00:26.602834,4,0.0,20700.0,19.49
2026-09-28T20:00:26.602858,5,0.0,16520.0,31.16
2026-09-28T20:00:26.602873,6,96.0,9328.0,387.11
2026-09-28T20:00:26.602889,7,87.0,13106.0,408.44
2026-09-28T20:00:27.695933,4,58.0,20700.0,28.92
2026-09-28T20:00:27.695955,5,0.0,16520.0,30.96
2026-09-28T20:00:27.695971,6,0.0,9328.0,285.76
2026-09-28T20:00:27.695986,7,0.0,13106.0,311.15
2026-09-28T20:00:28.791146,4,95.0,20700.0,384.6
2026-09-28T20:00:28.791168,5,0.0,16520.0,30.89
2026-09-28T20:00:28.791183,6,0.0,9328.0,118.37
2026-09-28T20:00:28.791198,7,100.0,13106.0,142.57
2026-09-28T20:00:29.885440,4,65.0,20700.0,335.67
2026-09-28T20:00:29.885496,5,0.0,16520.0,30.85
2026-09-28T20:00:29.885516,6,0.0,9328.0,106.18
2026-09-28T20:00:29.885531,7,100.0,13106.0,138.42
2026-09-28T20:00:30.987269,4,71.0,20700.0,303.52
2026-09-28T20:00:30.987295,5,0.0,16520.0,30.85
2026-09-28T20:00:30.987312,6,0.0,9328.0,100.05
2026-09-28T20:00:30.987326,7,100.0,13106.0,137.93
2026-09-28T20:00:32.081557,4,66.0,20700.0,305.06
2026-09-28T20:00:32.081583,5,0.0,16520.0,31.1
2026-09-28T20:00:32.081602,6,0.0,9328.0,93.64
2026-09-28T20:00:32.081617,7,100.0,13106.0,137.37
2026-09-28T20:00:33.177048,4,74.0,20700.0,309.18
2026-09-28T20:00:33.177105,5,0.0,16520.0,30.99
2026-09-28T20:00:33.177140,6,0.0,9328.0,92.54
2026-09-28T20:00:33.177156,7,100.0,13106.0,136.68
2026-09-28T20:00:34.273054,4,73.0,20700.0,312.03
2026-09-28T20:00:34.273145,5,0.0,16520.0,30.8
2026-09-28T20:00:34.273168,6,0.0,9328.0,91.64
2026-09-28T20:00:34.273185,7,100.0,13106.0,136.02
2026-09-28T20:00:35.369733,4,72.0,20700.0,311.64
2026-09-28T20:00:35.369767,5,0.0,16520.0,31.04
2026-09-28T20:00:35.369786,6,0.0,9328.0,90.84
2026-09-28T20:00:35.369803,7,100.0,13106.0,135.05
2026-09-28T20:00:36.465830,4,73.0,20700.0,314.16
2026-09-28T20:00:36.465867,5,0.0,16520.0,31.1
2026-09-28T20:00:36.465886,6,0.0,9328.0,89.63
2026-09-28T20:00:36.465902,7,100.0,13106.0,133.53
2026-09-28T20:00:37.554388,4,76.0,20700.0,314.44
2026-09-28T20:00:37.554416,5,0.0,16520.0,30.92
2026-09-28T20:00:37.554433,6,0.0,9328.0,88.53
2026-09-28T20:00:37.554449,7,100.0,13106.0,132.29
2026-09-28T20:00:38.647397,4,9.0,20700.0,202.24
2026-09-28T20:00:38.647422,5,0.0,16520.0,30.85
2026-09-28T20:00:38.647438,6,0.0,9328.0,87.29
2026-09-28T20:00:38.647455,7,100.0,13106.0,131.36
2026-09-28T20:00:39.778228,4,72.0,20700.0,318.8
2026-09-28T20:00:39.778252,5,0.0,16520.0,30.93
2026-09-28T20:00:39.778267,6,0.0,9328.0,85.77
2026-09-28T20:00:39.778282,7,100.0,13106.0,130.7
2026-09-28T20:00:40.936915,4,77.0,20700.0,319.62
2026-09-28T20:00:40.936936,5,0.0,16520.0,30.88
2026-09-28T20:00:40.936950,6,0.0,9328.0,83.97
2026-09-28T20:00:40.936964,7,100.0,13106.0,129.21
2026-09-28T20:00:42.059576,4,78.0,20700.0,321.58
2026-09-28T20:00:42.059599,5,0.0,16520.0,30.81
2026-09-28T20:00:42.059613,6,0.0,9328.0,83.29
2026-09-28T20:00:42.059627,7,100.0,13106.0,128.45
2026-09-28T20:00:43.168935,4,78.0,20700.0,324.15
2026-09-28T20:00:43.168968,5,0.0,16520.0,30.9
2026-09-28T20:00:43.168984,6,0.0,9328.0,82.7
2026-09-28T20:00:43.168999,7,100.0,13106.0,127.71
2026-09-28T20:00:44.267053,4,75.0,20700.0,325.28
2026-09-28T20:00:44.267096,5,0.0,16520.0,31.01
2026-09-28T20:00:44.267128,6,0.0,9328.0,82.5
2026-09-28T20:00:44.267146,7,100.0,13106.0,126.71
2026-09-28T20:00:45.368343,4,78.0,20700.0,323.61
2026-09-28T20:00:45.368372,5,0.0,16520.0,30.9
2026-09-28T20:00:45.368389,6,0.0,9328.0,65.61
2026-09-28T20:00:45.368406,7,100.0,13106.0,125.57
2026-09-28T20:00:46.468923,4,79.0,20700.0,325.46
2026-09-28T20:00:46.468947,5,0.0,16520.0,30.73
2026-09-28T20:00:46.468963,6,0.0,9328.0,37.79
2026-09-28T20:00:46.468977,7,100.0,13106.0,123.73
2026-09-28T20:00:47.565463,4,81.0,20700.0,327.77
2026-09-28T20:00:47.565484,5,0.0,16520.0,30.6
2026-09-28T20:00:47.565499,6,0.0,9328.0,25.11
2026-09-28T20:00:47.565513,7,100.0,13106.0,122.86
2026-09-28T20:00:48.662298,4,76.0,20700.0,328.08
2026-09-28T20:00:48.662320,5,0.0,16520.0,30.56
2026-09-28T20:00:48.662334,6,0.0,9328.0,23.19
2026-09-28T20:00:48.662348,7,100.0,13106.0,122.21
2026-09-28T20:00:49.756935,4,77.0,20700.0,331.1
2026-09-28T20:00:49.756956,5,0.0,16520.0,30.72
2026-09-28T20:00:49.756971,6,0.0,9328.0,23.02
2026-09-28T20:00:49.756985,7,100.0,13106.0,121.93
2026-09-28T20:00:50.856747,4,84.0,20700.0,331.8
2026-09-28T20:00:50.856768,5,0.0,16520.0,30.67
2026-09-28T20:00:50.856783,6,0.0,9328.0,22.8
2026-09-28T20:00:50.856797,7,100.0,13106.0,121.3
2026-09-28T20:00:51.953511,4,79.0,20700.0,332.17
2026-09-28T20:00:51.953534,5,0.0,16520.0,30.28
2026-09-28T20:00:51.953548,6,0.0,9328.0,22.7
2026-09-28T20:00:51.953562,7,100.0,13106.0,120.27
2026-09-28T20:00:53.051642,4,80.0,20700.0,329.15
2026-09-28T20:00:53.051665,5,0.0,16520.0,30.09
2026-09-28T20:00:53.051681,6,0.0,9328.0,22.65
2026-09-28T20:00:53.051695,7,100.0,13106.0,118.57
2026-09-28T20:00:54.149809,4,81.0,20700.0,326.04
2026-09-28T20:00:54.149833,5,0.0,16520.0,30.29
2026-09-28T20:00:54.149848,6,0.0,9328.0,22.67
2026-09-28T20:00:54.149862,7,100.0,13106.0,117.5
2026-09-28T20:00:55.255439,4,80.0,20700.0,328.24
2026-09-28T20:00:55.255477,5,0.0,16520.0,30.44
2026-09-28T20:00:55.255492,6,0.0,9328.0,22.77
2026-09-28T20:00:55.255507,7,100.0,13106.0,117.37
2026-09-28T20:00:56.370371,4,84.0,20700.0,330.4
2026-09-28T20:00:56.370393,5,0.0,16520.0,30.44
2026-09-28T20:00:56.370407,6,0.0,9328.0,22.83
2026-09-28T20:00:56.370421,7,100.0,13106.0,117.28
2026-09-28T20:00:57.514571,4,82.0,20700.0,334.42
2026-09-28T20:00:57.514595,5,0.0,16520.0,30.45
2026-09-28T20:00:57.514610,6,0.0,9328.0,22.86
2026-09-28T20:00:57.514624,7,100.0,13106.0,117.04
2026-09-28T20:00:58.652144,4,84.0,20700.0,333.89
2026-09-28T20:00:58.652165,5,0.0,16520.0,30.48
2026-09-28T20:00:58.652180,6,0.0,9328.0,22.73
2026-09-28T20:00:58.652194,7,100.0,13106.0,116.66
2026-09-28T20:00:59.755251,4,83.0,20700.0,335.45
2026-09-28T20:00:59.755284,5,0.0,16520.0,30.34
2026-09-28T20:00:59.755299,6,0.0,9328.0,22.6
2026-09-28T20:00:59.755315,7,100.0,13106.0,116.35
2026-09-28T20:01:00.855514,4,85.0,20700.0,320.28
2026-09-28T20:01:00.855537,5,0.0,16520.0,30.36
2026-09-28T20:01:00.855553,6,0.0,9328.0,22.46
2026-09-28T20:01:00.855567,7,100.0,13106.0,115.96
2026-09-28T20:01:01.957189,4,84.0,20700.0,316.07
2026-09-28T20:01:01.957212,5,0.0,16520.0,30.51
2026-09-28T20:01:01.957228,6,0.0,9328.0,22.41
2026-09-28T20:01:01.957241,7,100.0,13106.0,115.46
2026-09-28T20:01:03.057051,4,0.0,20700.0,198.28
2026-09-28T20:01:03.057073,5,0.0,16520.0,30.41
2026-09-28T20:01:03.057087,6,0.0,9328.0,22.47
2026-09-28T20:01:03.057102,7,100.0,13106.0,115.36
2026-09-28T20:01:04.151336,4,86.0,20700.0,293.04
2026-09-28T20:01:04.151361,5,0.0,16520.0,30.24
2026-09-28T20:01:04.151376,6,0.0,9328.0,22.52
2026-09-28T20:01:04.151391,7,100.0,13106.0,114.66
2026-09-28T20:01:05.247652,4,87.0,20700.0,324.43
2026-09-28T20:01:05.247673,5,0.0,16520.0,30.23
2026-09-28T20:01:05.247686,6,0.0,9328.0,22.54
2026-09-28T20:01:05.247701,7,100.0,13106.0,114.36
2026-09-28T20:01:06.349467,4,88.0,20700.0,318.78
2026-09-28T20:01:06.349524,5,0.0,16520.0,30.39
2026-09-28T20:01:06.349546,6,0.0,9328.0,22.54
2026-09-28T20:01:06.349564,7,100.0,13106.0,114.13
2026-09-28T20:01:07.455698,4,87.0,20700.0,320.43
2026-09-28T20:01:07.455756,5,0.0,16520.0,30.57
2026-09-28T20:01:07.455778,6,0.0,9328.0,22.53
2026-09-28T20:01:07.455795,7,100.0,13106.0,114.04
2026-09-28T20:01:08.555264,4,88.0,20700.0,319.71
2026-09-28T20:01:08.555311,5,0.0,16520.0,30.23
2026-09-28T20:01:08.555331,6,0.0,9328.0,22.59
2026-09-28T20:01:08.555348,7,100.0,13106.0,113.93
2026-09-28T20:01:09.653363,4,89.0,20700.0,315.87
2026-09-28T20:01:09.653403,5,0.0,16520.0,30.15
2026-09-28T20:01:09.653420,6,0.0,9328.0,22.65
2026-09-28T20:01:09.653437,7,100.0,13106.0,113.77
2026-09-28T20:01:10.749137,4,88.0,20700.0,314.64
2026-09-28T20:01:10.749176,5,0.0,16520.0,30.26
2026-09-28T20:01:10.749194,6,0.0,9328.0,22.57
2026-09-28T20:01:10.749210,7,100.0,13106.0,113.78
2026-09-28T20:01:11.847864,4,88.0,20700.0,313.52
2026-09-28T20:01:11.847921,5,0.0,16520.0,30.23
2026-09-28T20:01:11.847942,6,0.0,9328.0,22.65
2026-09-28T20:01:11.847959,7,100.0,13106.0,113.47
2026-09-28T20:01:12.944415,4,88.0,20700.0,315.16
2026-09-28T20:01:12.944462,5,0.0,16520.0,30.18
2026-09-28T20:01:12.944480,6,0.0,9328.0,22.67
2026-09-28T20:01:12.944498,7,100.0,13106.0,113.31
2026-09-28T20:01:14.084803,4,89.0,20700.0,315.35
2026-09-28T20:01:14.084844,5,0.0,16520.0,30.13
2026-09-28T20:01:14.084861,6,0.0,9328.0,22.65
2026-09-28T20:01:14.084878,7,100.0,13106.0,113.17
2026-09-28T20:01:15.250487,4,89.0,20700.0,305.25
2026-09-28T20:01:15.250527,5,0.0,16520.0,30.2
2026-09-28T20:01:15.250545,6,0.0,9328.0,22.5
2026-09-28T20:01:15.250561,7,100.0,13106.0,113.34
2026-09-28T20:01:16.377413,4,90.0,20700.0,304.27
2026-09-28T20:01:16.377468,5,0.0,16520.0,30.37
2026-09-28T20:01:16.377489,6,0.0,9328.0,22.42
2026-09-28T20:01:16.377507,7,100.0,13106.0,113.35
2026-09-28T20:01:17.488739,4,89.0,20700.0,305.43
2026-09-28T20:01:17.488795,5,0.0,16520.0,30.33
2026-09-28T20:01:17.488815,6,0.0,9328.0,22.43
2026-09-28T20:01:17.488831,7,100.0,13106.0,113.18
2026-09-28T20:01:18.584285,4,90.0,20700.0,303.22
2026-09-28T20:01:18.584338,5,0.0,16520.0,30.48
2026-09-28T20:01:18.584356,6,0.0,9328.0,22.35
2026-09-28T20:01:18.584373,7,100.0,13106.0,113.09
2026-09-28T20:01:19.691216,4,90.0,20700.0,288.62
2026-09-28T20:01:19.691255,5,0.0,16520.0,30.53
2026-09-28T20:01:19.691272,6,0.0,9328.0,22.24
2026-09-28T20:01:19.691288,7,100.0,13106.0,113.23
2026-09-28T20:01:20.785719,4,91.0,20700.0,285.8
2026-09-28T20:01:20.785754,5,0.0,16520.0,30.57
2026-09-28T20:01:20.785772,6,0.0,9328.0,22.2
2026-09-28T20:01:20.785788,7,100.0,13106.0,113.39
2026-09-28T20:01:21.883766,4,91.0,20700.0,278.11
2026-09-28T20:01:21.883799,5,0.0,16520.0,30.51
2026-09-28T20:01:21.883816,6,0.0,9328.0,22.31
2026-09-28T20:01:21.883833,7,100.0,13106.0,113.29
2026-09-28T20:01:22.977132,4,0.0,20700.0,241.24
2026-09-28T20:01:22.977189,5,0.0,16520.0,30.39
2026-09-28T20:01:22.977212,6,11.0,9328.0,33.1
2026-09-28T20:01:22.977233,7,12.0,13106.0,111.27
2026-09-28T20:01:24.068199,4,0.0,20700.0,118.29
2026-09-28T20:01:24.068246,5,0.0,16520.0,30.37
2026-09-28T20:01:24.068262,6,11.0,9328.0,85.07
2026-09-28T20:01:24.068277,7,11.0,13106.0,105.19
2026-09-28T20:01:25.158575,4,0.0,20700.0,99.79
2026-09-28T20:01:25.158627,5,0.0,16520.0,30.42
2026-09-28T20:01:25.158646,6,11.0,9328.0,85.01
2026-09-28T20:01:25.158663,7,12.0,13106.0,99.05
2026-09-28T20:01:26.249361,4,0.0,20700.0,93.06
2026-09-28T20:01:26.249395,5,0.0,16520.0,30.46
2026-09-28T20:01:26.249411,6,11.0,9328.0,83.28
2026-09-28T20:01:26.249428,7,100.0,13106.0,101.36
2026-09-28T20:01:27.339214,4,0.0,20700.0,86.22
2026-09-28T20:01:27.339266,5,47.0,16520.0,32.33
2026-09-28T20:01:27.339285,6,0.0,9328.0,82.87
2026-09-28T20:01:27.339303,7,100.0,13106.0,112.41
2026-09-28T20:01:28.428235,4,0.0,20700.0,85.89
2026-09-28T20:01:28.428290,5,95.0,16520.0,254.4
2026-09-28T20:01:28.428310,6,0.0,9328.0,80.07
2026-09-28T20:01:28.428329,7,100.0,13106.0,113.26
2026-09-28T20:01:29.518380,4,0.0,20700.0,85.66
2026-09-28T20:01:29.518439,5,95.0,16520.0,449.2
2026-09-28T20:01:29.518460,6,0.0,9328.0,78.91
2026-09-28T20:01:29.518478,7,100.0,13106.0,113.15
2026-09-28T20:01:30.608254,4,0.0,20700.0,85.4
2026-09-28T20:01:30.608284,5,94.0,16520.0,448.91
2026-09-28T20:01:30.608302,6,0.0,9328.0,79.07
2026-09-28T20:01:30.608319,7,100.0,13106.0,113.16
2026-09-28T20:01:31.750102,4,0.0,20700.0,85.0
2026-09-28T20:01:31.750174,5,96.0,16520.0,448.6
2026-09-28T20:01:31.750195,6,0.0,9328.0,79.2
2026-09-28T20:01:31.750212,7,100.0,13106.0,112.91
2026-09-28T20:01:32.881955,4,0.0,20700.0,85.04
2026-09-28T20:01:32.882012,5,96.0,16520.0,448.51
2026-09-28T20:01:32.882033,6,0.0,9328.0,79.18
2026-09-28T20:01:32.882050,7,100.0,13106.0,112.77
2026-09-28T20:01:33.973717,4,0.0,20700.0,84.83
2026-09-28T20:01:33.973756,5,95.0,16520.0,449.93
2026-09-28T20:01:33.973773,6,0.0,9328.0,79.11
2026-09-28T20:01:33.973801,7,100.0,13106.0,112.97
2026-09-28T20:01:35.062950,4,0.0,20700.0,84.51
2026-09-28T20:01:35.062974,5,94.0,16520.0,447.31
2026-09-28T20:01:35.062990,6,0.0,9328.0,79.21
2026-09-28T20:01:35.063005,7,100.0,13106.0,113.01
2026-09-28T20:01:36.153187,4,0.0,20700.0,84.33
2026-09-28T20:01:36.153212,5,93.0,16520.0,447.77
2026-09-28T20:01:36.153229,6,0.0,9328.0,79.36
2026-09-28T20:01:36.153245,7,100.0,13106.0,112.77
2026-09-28T20:01:37.243204,4,0.0,20700.0,84.07
2026-09-28T20:01:37.243265,5,95.0,16520.0,449.06
2026-09-28T20:01:37.243285,6,0.0,9328.0,79.34
2026-09-28T20:01:37.243302,7,100.0,13106.0,112.84
2026-09-28T20:01:38.334169,4,0.0,20700.0,83.78
2026-09-28T20:01:38.334226,5,84.0,16520.0,440.26
2026-09-28T20:01:38.334246,6,0.0,9328.0,79.43
2026-09-28T20:01:38.334263,7,100.0,13106.0,112.98
2026-09-28T20:01:39.421751,4,0.0,20700.0,83.28
2026-09-28T20:01:39.421798,5,95.0,16520.0,447.67
2026-09-28T20:01:39.421817,6,0.0,9328.0,79.25
2026-09-28T20:01:39.421835,7,100.0,13106.0,112.72
2026-09-28T20:01:40.508741,4,0.0,20700.0,82.84
2026-09-28T20:01:40.508784,5,96.0,16520.0,448.05
2026-09-28T20:01:40.508802,6,0.0,9328.0,79.42
2026-09-28T20:01:40.508819,7,100.0,13106.0,112.8
2026-09-28T20:01:41.599456,4,0.0,20700.0,70.88
2026-09-28T20:01:41.599504,5,94.0,16520.0,448.42
2026-09-28T20:01:41.599523,6,0.0,9328.0,79.67
2026-09-28T20:01:41.599541,7,100.0,13106.0,112.7
2026-09-28T20:01:42.695889,4,0.0,20700.0,26.89
2026-09-28T20:01:42.695933,5,99.0,16520.0,449.75
2026-09-28T20:01:42.695952,6,0.0,9328.0,79.69
2026-09-28T20:01:42.695969,7,100.0,13106.0,112.76
2026-09-28T20:01:43.785654,4,0.0,20700.0,22.58
2026-09-28T20:01:43.785697,5,95.0,16520.0,449.42
2026-09-28T20:01:43.785717,6,0.0,9328.0,79.7
2026-09-28T20:01:43.785733,7,100.0,13106.0,112.62
2026-09-28T20:01:44.876336,4,0.0,20700.0,22.1
2026-09-28T20:01:44.876383,5,96.0,16520.0,448.85
2026-09-28T20:01:44.876401,6,0.0,9328.0,79.71
2026-09-28T20:01:44.876418,7,100.0,13106.0,112.71
2026-09-28T20:01:45.980499,4,0.0,20700.0,21.67
2026-09-28T20:01:45.980549,5,96.0,16520.0,447.93
2026-09-28T20:01:45.980569,6,0.0,9328.0,56.37
2026-09-28T20:01:45.980586,7,100.0,13106.0,112.65
2026-09-28T20:01:47.070941,4,0.0,20700.0,21.49
2026-09-28T20:01:47.070985,5,95.0,16520.0,448.05
2026-09-28T20:01:47.071003,6,0.0,9328.0,28.2
2026-09-28T20:01:47.071020,7,100.0,13106.0,112.74
2026-09-28T20:01:48.192149,4,0.0,20700.0,21.53
2026-09-28T20:01:48.192198,5,95.0,16520.0,448.65
2026-09-28T20:01:48.192218,6,0.0,9328.0,22.82
2026-09-28T20:01:48.192235,7,100.0,13106.0,112.78
2026-09-28T20:01:49.347053,4,0.0,20700.0,21.43
2026-09-28T20:01:49.347103,5,96.0,16520.0,447.39
2026-09-28T20:01:49.347153,6,0.0,9328.0,22.12
2026-09-28T20:01:49.347171,7,100.0,13106.0,112.65
2026-09-28T20:01:50.468423,4,0.0,20700.0,21.42
2026-09-28T20:01:50.468464,5,99.0,16520.0,448.39
2026-09-28T20:01:50.468482,6,0.0,9328.0,21.9
2026-09-28T20:01:50.468498,7,100.0,13106.0,112.49
2026-09-28T20:01:51.562359,4,0.0,20700.0,21.41
2026-09-28T20:01:51.562402,5,96.0,16520.0,448.14
2026-09-28T20:01:51.562420,6,0.0,9328.0,21.95
2026-09-28T20:01:51.562437,7,100.0,13106.0,112.63
2026-09-28T20:01:52.655124,4,0.0,20700.0,21.26
2026-09-28T20:01:52.655155,5,96.0,16520.0,448.34
2026-09-28T20:01:52.655173,6,0.0,9328.0,22.1
2026-09-28T20:01:52.655189,7,100.0,13106.0,112.83
2026-09-28T20:01:53.750528,4,0.0,20700.0,20.82
2026-09-28T20:01:53.750586,5,99.0,16520.0,448.24
2026-09-28T20:01:53.750606,6,0.0,9328.0,22.26
2026-09-28T20:01:53.750624,7,100.0,13106.0,112.82
2026-09-28T20:01:54.842811,4,0.0,20700.0,20.81
2026-09-28T20:01:54.842854,5,96.0,16520.0,448.48
2026-09-28T20:01:54.842873,6,0.0,9328.0,22.34
2026-09-28T20:01:54.842890,7,100.0,13106.0,112.79
2026-09-28T20:01:55.933305,4,0.0,20700.0,20.85
2026-09-28T20:01:55.933348,5,95.0,16520.0,449.11
2026-09-28T20:01:55.933366,6,0.0,9328.0,22.21
2026-09-28T20:01:55.933382,7,100.0,13106.0,112.65
2026-09-28T20:01:57.025974,4,0.0,20700.0,20.88
2026-09-28T20:01:57.026019,5,94.0,16520.0,447.43
2026-09-28T20:01:57.026038,6,0.0,9328.0,22.11
2026-09-28T20:01:57.026055,7,100.0,13106.0,112.86
2026-09-28T20:01:58.137175,4,0.0,20700.0,20.71
2026-09-28T20:01:58.137236,5,48.0,16520.0,434.96
2026-09-28T20:01:58.137257,6,0.0,9328.0,22.07
2026-09-28T20:01:58.137275,7,100.0,13106.0,112.4
2026-09-28T20:01:59.233937,4,0.0,20700.0,20.47
2026-09-28T20:01:59.233982,5,0.0,16520.0,167.26
2026-09-28T20:01:59.233999,6,87.0,9328.0,173.13
2026-09-28T20:01:59.234016,7,95.0,13106.0,291.15
2026-09-28T20:02:00.330293,4,0.0,20700.0,20.7
2026-09-28T20:02:00.330348,5,0.0,16520.0,116.34
2026-09-28T20:02:00.330369,6,96.0,9328.0,383.77
2026-09-28T20:02:00.330386,7,86.0,13106.0,343.46
2026-09-28T20:02:01.426727,4,0.0,20700.0,20.95
2026-09-28T20:02:01.426775,5,0.0,16520.0,109.53
2026-09-28T20:02:01.426793,6,94.0,9328.0,382.36
2026-09-28T20:02:01.426810,7,96.0,13106.0,330.43
2026-09-28T20:02:02.523941,4,0.0,20700.0,20.8
2026-09-28T20:02:02.523985,5,0.0,16520.0,102.91
2026-09-28T20:02:02.524003,6,94.0,9328.0,386.33
2026-09-28T20:02:02.524019,7,83.0,13106.0,340.5
2026-09-28T20:02:03.618693,4,0.0,20700.0,20.77
2026-09-28T20:02:03.618743,5,0.0,16520.0,102.59
2026-09-28T20:02:03.618764,6,96.0,9328.0,398.81
2026-09-28T20:02:03.618780,7,97.0,13106.0,348.21
2026-09-28T20:02:04.710413,4,0.0,20700.0,20.84
2026-09-28T20:02:04.710441,5,0.0,16520.0,102.19
2026-09-28T20:02:04.710457,6,93.0,9328.0,383.77
2026-09-28T20:02:04.710473,7,95.0,13106.0,348.37
2026-09-28T20:02:05.855585,4,0.0,20700.0,20.88
2026-09-28T20:02:05.855619,5,0.0,16520.0,101.74
2026-09-28T20:02:05.855636,6,86.0,9328.0,382.79
2026-09-28T20:02:05.855652,7,81.0,13106.0,345.17
2026-09-28T20:02:06.993637,4,0.0,20700.0,20.92
2026-09-28T20:02:06.993687,5,0.0,16520.0,101.29
2026-09-28T20:02:06.993705,6,96.0,9328.0,384.99
2026-09-28T20:02:06.993722,7,95.0,13106.0,348.88
2026-09-28T20:02:08.091530,4,0.0,20700.0,20.97
2026-09-28T20:02:08.091576,5,0.0,16520.0,99.97
2026-09-28T20:02:08.091594,6,91.0,9328.0,382.19
2026-09-28T20:02:08.091611,7,96.0,13106.0,339.78
2026-09-28T20:02:09.186467,4,0.0,20700.0,21.07
2026-09-28T20:02:09.186502,5,0.0,16520.0,99.5
2026-09-28T20:02:09.186520,6,86.0,9328.0,396.55
2026-09-28T20:02:09.186537,7,83.0,13106.0,332.6
2026-09-28T20:02:10.299828,4,0.0,20700.0,20.87
2026-09-28T20:02:10.299883,5,0.0,16520.0,98.71
2026-09-28T20:02:10.299902,6,97.0,9328.0,391.99
2026-09-28T20:02:10.299920,7,95.0,13106.0,351.58
2026-09-28T20:02:11.394297,4,0.0,20700.0,20.56
2026-09-28T20:02:11.394352,5,0.0,16520.0,97.88
2026-09-28T20:02:11.394373,6,92.0,9328.0,378.66
2026-09-28T20:02:11.394392,7,82.0,13106.0,353.88
2026-09-28T20:02:12.488703,4,0.0,20700.0,20.56
2026-09-28T20:02:12.488743,5,0.0,16520.0,97.4
2026-09-28T20:02:12.488762,6,96.0,9328.0,385.3
2026-09-28T20:02:12.488779,7,98.0,13106.0,348.72
2026-09-28T20:02:13.584793,4,0.0,20700.0,20.49
2026-09-28T20:02:13.584830,5,0.0,16520.0,96.82
2026-09-28T20:02:13.584848,6,94.0,9328.0,406.4
2026-09-28T20:02:13.584864,7,95.0,13106.0,324.98
2026-09-28T20:02:14.681157,4,0.0,20700.0,20.41
2026-09-28T20:02:14.681197,5,0.0,16520.0,96.44
2026-09-28T20:02:14.681213,6,84.0,9328.0,389.58
2026-09-28T20:02:14.681230,7,86.0,13106.0,335.5
2026-09-28T20:02:15.777630,4,0.0,20700.0,20.17
2026-09-28T20:02:15.777666,5,0.0,16520.0,96.19
2026-09-28T20:02:15.777682,6,96.0,9328.0,393.26
2026-09-28T20:02:15.777699,7,95.0,13106.0,363.9
2026-09-28T20:02:16.882068,4,0.0,20700.0,19.96
2026-09-28T20:02:16.882138,5,0.0,16520.0,71.85
2026-09-28T20:02:16.882157,6,88.0,9328.0,386.32
2026-09-28T20:02:16.882174,7,95.0,13106.0,347.15
2026-09-28T20:02:17.978917,4,0.0,20700.0,19.96
2026-09-28T20:02:17.978972,5,0.0,16520.0,43.62
2026-09-28T20:02:17.978992,6,93.0,9328.0,386.3
2026-09-28T20:02:17.979010,7,87.0,13106.0,352.76
2026-09-28T20:02:19.074419,4,0.0,20700.0,20.23
2026-09-28T20:02:19.074469,5,0.0,16520.0,34.78
2026-09-28T20:02:19.074489,6,96.0,9328.0,393.7
2026-09-28T20:02:19.074506,7,95.0,13106.0,349.8
2026-09-28T20:02:20.168015,4,0.0,20700.0,20.43
2026-09-28T20:02:20.168058,5,0.0,16520.0,34.5
2026-09-28T20:02:20.168078,6,89.0,9328.0,389.69
2026-09-28T20:02:20.168095,7,94.0,13106.0,350.76
2026-09-28T20:02:21.277027,4,0.0,20700.0,20.36
2026-09-28T20:02:21.277082,5,0.0,16520.0,34.01
2026-09-28T20:02:21.277100,6,87.0,9328.0,392.54
2026-09-28T20:02:21.277146,7,86.0,13106.0,346.89
2026-09-28T20:02:22.442093,4,0.0,20700.0,20.3
2026-09-28T20:02:22.442171,5,0.0,16520.0,33.68
2026-09-28T20:02:22.442189,6,90.0,9328.0,390.82
2026-09-28T20:02:22.442206,7,96.0,13106.0,342.06
2026-09-28T20:02:23.577860,4,0.0,20700.0,20.24
2026-09-28T20:02:23.577900,5,0.0,16520.0,33.3
2026-09-28T20:02:23.577918,6,85.0,9328.0,386.9
2026-09-28T20:02:23.577934,7,82.0,13106.0,348.89
2026-09-28T20:02:24.680188,4,0.0,20700.0,20.15
2026-09-28T20:02:24.680236,5,0.0,16520.0,33.02
2026-09-28T20:02:24.680255,6,95.0,9328.0,397.83
2026-09-28T20:02:24.680272,7,95.0,13106.0,362.31
2026-09-28T20:02:25.779379,4,0.0,20700.0,20.37
2026-09-28T20:02:25.779431,5,0.0,16520.0,33.05
2026-09-28T20:02:25.779450,6,92.0,9328.0,385.4
2026-09-28T20:02:25.779468,7,95.0,13106.0,351.24
2026-09-28T20:02:26.879594,4,0.0,20700.0,20.46
2026-09-28T20:02:26.879644,5,0.0,16520.0,32.81
2026-09-28T20:02:26.879664,6,87.0,9328.0,390.3
2026-09-28T20:02:26.879681,7,81.0,13106.0,353.97
2026-09-28T20:02:27.978525,4,0.0,20700.0,20.37
2026-09-28T20:02:27.978573,5,0.0,16520.0,32.63
2026-09-28T20:02:27.978590,6,96.0,9328.0,394.76
2026-09-28T20:02:27.978607,7,96.0,13106.0,356.92
2026-09-28T20:02:29.075060,4,0.0,20700.0,20.2
2026-09-28T20:02:29.075122,5,0.0,16520.0,32.4
2026-09-28T20:02:29.075141,6,89.0,9328.0,402.14
2026-09-28T20:02:29.075158,7,92.0,13106.0,354.66
2026-09-28T20:02:30.174078,4,0.0,20700.0,20.16
2026-09-28T20:02:30.174131,5,0.0,16520.0,32.26
2026-09-28T20:02:30.174149,6,86.0,9328.0,387.23
2026-09-28T20:02:30.174166,7,85.0,13106.0,351.06
2026-09-28T20:02:31.273924,4,0.0,20700.0,20.2
2026-09-28T20:02:31.273977,5,0.0,16520.0,32.18
2026-09-28T20:02:31.273996,6,96.0,9328.0,397.1
2026-09-28T20:02:31.274013,7,95.0,13106.0,356.9
2026-09-28T20:02:32.372519,4,0.0,20700.0,20.04
2026-09-28T20:02:32.372575,5,0.0,16520.0,32.05
2026-09-28T20:02:32.372594,6,91.0,9328.0,391.78
2026-09-28T20:02:32.372611,7,95.0,13106.0,359.82
2026-09-28T20:02:33.467749,4,0.0,20700.0,19.79
2026-09-28T20:02:33.467798,5,0.0,16520.0,31.97
2026-09-28T20:02:33.467817,6,95.0,9328.0,392.75
2026-09-28T20:02:33.467835,7,98.0,13106.0,358.99
2026-09-28T20:02:34.577385,4,0.0,20700.0,19.55
2026-09-28T20:02:34.577434,5,0.0,16520.0,32.05
2026-09-28T20:02:34.577453,6,96.0,9328.0,396.93
2026-09-28T20:02:34.577470,7,95.0,13106.0,349.91
2026-09-28T20:02:35.670267,4,0.0,20700.0,19.71
2026-09-28T20:02:35.670314,5,0.0,16520.0,32.04
2026-09-28T20:02:35.670333,6,90.0,9328.0,396.82
2026-09-28T20:02:35.670349,7,80.0,13106.0,364.27
2026-09-28T20:02:36.767861,4,0.0,20700.0,19.5
2026-09-28T20:02:36.767903,5,0.0,16520.0,32.02
2026-09-28T20:02:36.767921,6,96.0,9328.0,403.79
2026-09-28T20:02:36.767938,7,89.0,13106.0,347.84
2026-09-28T20:02:37.895712,4,0.0,20700.0,19.4
2026-09-28T20:02:37.895763,5,0.0,16520.0,31.98
2026-09-28T20:02:37.895783,6,94.0,9328.0,406.51
2026-09-28T20:02:37.895801,7,97.0,13106.0,350.26
2026-09-28T20:02:39.063156,4,0.0,20700.0,19.44
2026-09-28T20:02:39.063193,5,0.0,16520.0,31.9
2026-09-28T20:02:39.063211,6,86.0,9328.0,411.31
2026-09-28T20:02:39.063228,7,84.0,13106.0,346.97
2026-09-28T20:02:40.192717,4,0.0,20700.0,19.55
2026-09-28T20:02:40.192747,5,0.0,16520.0,31.59
2026-09-28T20:02:40.192764,6,96.0,9328.0,406.2
2026-09-28T20:02:40.192781,7,95.0,13106.0,369.97
2026-09-28T20:02:41.291344,4,0.0,20700.0,19.76
2026-09-28T20:02:41.291377,5,0.0,16520.0,31.6
2026-09-28T20:02:41.291394,6,89.0,9328.0,402.3
2026-09-28T20:02:41.291410,7,96.0,13106.0,360.42
2026-09-28T20:02:42.387971,4,0.0,20700.0,19.98
2026-09-28T20:02:42.388021,5,0.0,16520.0,31.61
2026-09-28T20:02:42.388041,6,95.0,9328.0,402.54
2026-09-28T20:02:42.388057,7,89.0,13106.0,352.29
2026-09-28T20:02:43.486546,4,0.0,20700.0,19.89
2026-09-28T20:02:43.486597,5,0.0,16520.0,31.5
2026-09-28T20:02:43.486617,6,97.0,9328.0,396.4
2026-09-28T20:02:43.486635,7,96.0,13106.0,362.4
2026-09-28T20:02:44.584678,4,0.0,20700.0,19.65
2026-09-28T20:02:44.584725,5,0.0,16520.0,31.56
2026-09-28T20:02:44.584743,6,90.0,9328.0,403.42
2026-09-28T20:02:44.584762,7,81.0,13106.0,364.26
2026-09-28T20:02:45.682779,4,0.0,20700.0,19.67
2026-09-28T20:02:45.682822,5,0.0,16520.0,31.76
2026-09-28T20:02:45.682839,6,96.0,9328.0,405.34
2026-09-28T20:02:45.682855,7,89.0,13106.0,342.74
2026-09-28T20:02:46.796291,4,0.0,20700.0,19.55
2026-09-28T20:02:46.796340,5,0.0,16520.0,31.75
2026-09-28T20:02:46.796361,6,96.0,9328.0,398.81
2026-09-28T20:02:46.796378,7,95.0,13106.0,353.2
2026-09-28T20:02:47.891441,4,0.0,20700.0,19.55
2026-09-28T20:02:47.891486,5,0.0,16520.0,31.64
2026-09-28T20:02:47.891504,6,82.0,9328.0,409.08
2026-09-28T20:02:47.891521,7,93.0,13106.0,350.14
2026-09-28T20:02:48.983769,4,0.0,20700.0,19.62
2026-09-28T20:02:48.983819,5,0.0,16520.0,31.45
2026-09-28T20:02:48.983838,6,96.0,9328.0,399.4
2026-09-28T20:02:48.983855,7,96.0,13106.0,387.42
2026-09-28T20:02:50.079888,4,0.0,20700.0,19.45
2026-09-28T20:02:50.079939,5,0.0,16520.0,31.59
2026-09-28T20:02:50.079957,6,91.0,9328.0,419.41
2026-09-28T20:02:50.079975,7,95.0,13106.0,348.99
2026-09-28T20:02:51.177843,4,0.0,20700.0,19.29
2026-09-28T20:02:51.177887,5,0.0,16520.0,31.61
2026-09-28T20:02:51.177905,6,86.0,9328.0,409.11
2026-09-28T20:02:51.177923,7,86.0,13106.0,348.88
2026-09-28T20:02:52.275604,4,0.0,20700.0,19.3
2026-09-28T20:02:52.275658,5,0.0,16520.0,31.58
2026-09-28T20:02:52.275678,6,97.0,9328.0,415.39
2026-09-28T20:02:52.275695,7,95.0,13106.0,350.15
2026-09-28T20:02:53.373937,4,0.0,20700.0,19.39
2026-09-28T20:02:53.373992,5,0.0,16520.0,31.59
2026-09-28T20:02:53.374013,6,85.0,9328.0,408.93
2026-09-28T20:02:53.374030,7,83.0,13106.0,361.77
2026-09-28T20:02:54.481872,4,0.0,20700.0,19.39
2026-09-28T20:02:54.481928,5,0.0,16520.0,31.68
2026-09-28T20:02:54.481948,6,96.0,9328.0,407.45
2026-09-28T20:02:54.481966,7,96.0,13106.0,380.32
2026-09-28T20:02:55.625496,4,0.0,20700.0,19.41
2026-09-28T20:02:55.625549,5,0.0,16520.0,31.54
2026-09-28T20:02:55.625566,6,91.0,9328.0,403.96
2026-09-28T20:02:55.625583,7,97.0,13106.0,354.55
2026-09-28T20:02:56.756806,4,0.0,20700.0,19.41
2026-09-28T20:02:56.756858,5,0.0,16520.0,31.56
2026-09-28T20:02:56.756876,6,84.0,9328.0,402.17
2026-09-28T20:02:56.756893,7,92.0,13106.0,356.93
2026-09-28T20:02:57.856824,4,0.0,20700.0,19.2
2026-09-28T20:02:57.856868,5,0.0,16520.0,31.66
2026-09-28T20:02:57.856886,6,97.0,9328.0,408.73
2026-09-28T20:02:57.856903,7,95.0,13106.0,379.31
2026-09-28T20:02:58.965505,4,0.0,20700.0,19.22
2026-09-28T20:02:58.965546,5,0.0,16520.0,31.55
2026-09-28T20:02:58.965563,6,93.0,9328.0,417.26
2026-09-28T20:02:58.965580,7,79.0,13106.0,353.94
2026-09-28T20:03:00.062144,4,0.0,20700.0,19.3
2026-09-28T20:03:00.062183,5,0.0,16520.0,31.51
2026-09-28T20:03:00.062202,6,95.0,9328.0,407.83
2026-09-28T20:03:00.062218,7,98.0,13106.0,364.27
2026-09-28T20:03:01.159517,4,0.0,20700.0,19.3
2026-09-28T20:03:01.159565,5,0.0,16520.0,31.29
2026-09-28T20:03:01.159584,6,94.0,9328.0,409.51
2026-09-28T20:03:01.159601,7,96.0,13106.0,352.99
2026-09-28T20:03:02.256372,4,0.0,20700.0,19.41
2026-09-28T20:03:02.256415,5,0.0,16520.0,31.42
2026-09-28T20:03:02.256432,6,92.0,9328.0,406.74
2026-09-28T20:03:02.256448,7,81.0,13106.0,365.9
2026-09-28T20:03:03.353156,4,0.0,20700.0,19.47
2026-09-28T20:03:03.353203,5,0.0,16520.0,31.4
2026-09-28T20:03:03.353221,6,96.0,9328.0,404.89
2026-09-28T20:03:03.353237,7,98.0,13106.0,360.78
2026-09-28T20:03:04.455425,4,0.0,20700.0,19.61
2026-09-28T20:03:04.455482,5,0.0,16520.0,31.3
2026-09-28T20:03:04.455504,6,87.0,9328.0,408.17
2026-09-28T20:03:04.455525,7,96.0,13106.0,355.12
2026-09-28T20:03:05.556259,4,0.0,20700.0,19.54
2026-09-28T20:03:05.556303,5,0.0,16520.0,31.27
2026-09-28T20:03:05.556319,6,86.0,9328.0,405.44
2026-09-28T20:03:05.556335,7,82.0,13106.0,362.39
2026-09-28T20:03:06.655509,4,0.0,20700.0,19.39
2026-09-28T20:03:06.655551,5,0.0,16520.0,31.38
2026-09-28T20:03:06.655569,6,96.0,9328.0,415.25
2026-09-28T20:03:06.655585,7,96.0,13106.0,369.11
2026-09-28T20:03:07.751581,4,0.0,20700.0,19.41
2026-09-28T20:03:07.751624,5,0.0,16520.0,31.55
2026-09-28T20:03:07.751641,6,87.0,9328.0,408.04
2026-09-28T20:03:07.751669,7,96.0,13106.0,357.98
2026-09-28T20:03:08.847970,4,0.0,20700.0,19.59
2026-09-28T20:03:08.848013,5,0.0,16520.0,31.64
2026-09-28T20:03:08.848031,6,97.0,9328.0,416.49
2026-09-28T20:03:08.848047,7,82.0,13106.0,354.33
2026-09-28T20:03:09.944339,4,0.0,20700.0,19.63
2026-09-28T20:03:09.944376,5,0.0,16520.0,31.73
2026-09-28T20:03:09.944393,6,95.0,9328.0,419.7
2026-09-28T20:03:09.944410,7,95.0,13106.0,340.62
2026-09-28T20:03:11.077297,4,0.0,20700.0,19.56
2026-09-28T20:03:11.077327,5,0.0,16520.0,31.48
2026-09-28T20:03:11.077343,6,84.0,9328.0,420.13
2026-09-28T20:03:11.077361,7,90.0,13106.0,345.67
2026-09-28T20:03:12.222696,4,0.0,20700.0,19.7
2026-09-28T20:03:12.222728,5,0.0,16520.0,31.47
2026-09-28T20:03:12.222744,6,96.0,9328.0,403.87
2026-09-28T20:03:12.222760,7,96.0,13106.0,381.42
2026-09-28T20:03:13.348020,4,0.0,20700.0,19.76
2026-09-28T20:03:13.348047,5,0.0,16520.0,31.36
2026-09-28T20:03:13.348063,6,91.0,9328.0,405.92
2026-09-28T20:03:13.348079,7,96.0,13106.0,362.17
2026-09-28T20:03:14.448567,4,0.0,20700.0,19.78
2026-09-28T20:03:14.448620,5,0.0,16520.0,31.25
2026-09-28T20:03:14.448639,6,95.0,9328.0,412.34
2026-09-28T20:03:14.448657,7,88.0,13106.0,355.94
2026-09-28T20:03:15.541760,4,0.0,20700.0,19.86
2026-09-28T20:03:15.541816,5,0.0,16520.0,31.41
2026-09-28T20:03:15.541836,6,0.0,9328.0,302.1
2026-09-28T20:03:15.541854,7,32.0,13106.0,258.75
2026-09-28T20:03:16.632845,4,95.0,20700.0,149.57
2026-09-28T20:03:16.632903,5,0.0,16520.0,31.65
2026-09-28T20:03:16.632924,6,0.0,9328.0,124.45
2026-09-28T20:03:16.632942,7,100.0,13106.0,143.11
2026-09-28T20:03:17.727771,4,70.0,20700.0,318.64
2026-09-28T20:03:17.727827,5,0.0,16520.0,31.68
2026-09-28T20:03:17.727848,6,0.0,9328.0,119.64
2026-09-28T20:03:17.727865,7,100.0,13106.0,138.33
2026-09-28T20:03:18.820969,4,64.0,20700.0,303.67
2026-09-28T20:03:18.821020,5,0.0,16520.0,31.59
2026-09-28T20:03:18.821039,6,0.0,9328.0,111.88
2026-09-28T20:03:18.821056,7,100.0,13106.0,137.72
2026-09-28T20:03:19.915038,4,68.0,20700.0,306.18
2026-09-28T20:03:19.915066,5,0.0,16520.0,31.62
2026-09-28T20:03:19.915083,6,0.0,9328.0,99.31
2026-09-28T20:03:19.915100,7,100.0,13106.0,137.48
2026-09-28T20:03:21.007583,4,75.0,20700.0,311.17
2026-09-28T20:03:21.007612,5,0.0,16520.0,31.61
2026-09-28T20:03:21.007620,6,0.0,9328.0,98.8
2026-09-28T20:03:21.007626,7,100.0,13106.0,136.85
2026-09-28T20:03:22.102713,4,73.0,20700.0,311.68
2026-09-28T20:03:22.102772,5,0.0,16520.0,30.96
2026-09-28T20:03:22.102794,6,0.0,9328.0,98.0
2026-09-28T20:03:22.102813,7,100.0,13106.0,136.2
2026-09-28T20:03:23.197229,4,71.0,20700.0,316.34
2026-09-28T20:03:23.197285,5,0.0,16520.0,30.9
2026-09-28T20:03:23.197307,6,0.0,9328.0,96.93
2026-09-28T20:03:23.197324,7,100.0,13106.0,135.68
2026-09-28T20:03:24.295166,4,72.0,20700.0,319.32
2026-09-28T20:03:24.295216,5,0.0,16520.0,31.08
2026-09-28T20:03:24.295236,6,0.0,9328.0,95.85
2026-09-28T20:03:24.295254,7,100.0,13106.0,134.97
2026-09-28T20:03:25.390603,4,73.0,20700.0,318.73
2026-09-28T20:03:25.390649,5,0.0,16520.0,30.98
2026-09-28T20:03:25.390667,6,0.0,9328.0,94.64
2026-09-28T20:03:25.390684,7,100.0,13106.0,133.88
2026-09-28T20:03:26.481869,4,75.0,20700.0,322.84
2026-09-28T20:03:26.481919,5,0.0,16520.0,30.95
2026-09-28T20:03:26.481940,6,0.0,9328.0,93.63
2026-09-28T20:03:26.481958,7,100.0,13106.0,133.35
2026-09-28T20:03:27.576722,4,73.0,20700.0,325.12
2026-09-28T20:03:27.576769,5,0.0,16520.0,31.09
2026-09-28T20:03:27.576788,6,0.0,9328.0,92.51
2026-09-28T20:03:27.576805,7,100.0,13106.0,132.88
2026-09-28T20:03:28.728378,4,80.0,20700.0,199.65
2026-09-28T20:03:28.728430,5,0.0,16520.0,31.21
2026-09-28T20:03:28.728450,6,0.0,9328.0,91.02
2026-09-28T20:03:28.728467,7,100.0,13106.0,132.45
2026-09-28T20:03:29.865846,4,78.0,20700.0,327.46
2026-09-28T20:03:29.865892,5,0.0,16520.0,31.56
2026-09-28T20:03:29.865910,6,0.0,9328.0,88.11
2026-09-28T20:03:29.865927,7,100.0,13106.0,131.81
2026-09-28T20:03:30.964440,4,78.0,20700.0,329.52
2026-09-28T20:03:30.964485,5,0.0,16520.0,31.83
2026-09-28T20:03:30.964505,6,0.0,9328.0,86.78
2026-09-28T20:03:30.964523,7,100.0,13106.0,130.82
2026-09-28T20:03:32.060590,4,78.0,20700.0,332.5
2026-09-28T20:03:32.060634,5,0.0,16520.0,31.24
2026-09-28T20:03:32.060653,6,0.0,9328.0,86.01
2026-09-28T20:03:32.060670,7,100.0,13106.0,130.15
2026-09-28T20:03:33.159869,4,82.0,20700.0,333.51
2026-09-28T20:03:33.159921,5,0.0,16520.0,31.12
2026-09-28T20:03:33.159942,6,0.0,9328.0,85.23
2026-09-28T20:03:33.159959,7,100.0,13106.0,129.29
2026-09-28T20:03:34.259066,4,83.0,20700.0,335.73
2026-09-28T20:03:34.259130,5,0.0,16520.0,31.09
2026-09-28T20:03:34.259151,6,0.0,9328.0,69.03
2026-09-28T20:03:34.259169,7,100.0,13106.0,128.62
2026-09-28T20:03:35.366792,4,79.0,20700.0,336.26
2026-09-28T20:03:35.366846,5,0.0,16520.0,31.2
2026-09-28T20:03:35.366866,6,0.0,9328.0,41.94
2026-09-28T20:03:35.366882,7,100.0,13106.0,127.92
2026-09-28T20:03:36.470368,4,81.0,20700.0,337.73
2026-09-28T20:03:36.470427,5,0.0,16520.0,31.12
2026-09-28T20:03:36.470449,6,0.0,9328.0,27.57
2026-09-28T20:03:36.470466,7,100.0,13106.0,127.39
2026-09-28T20:03:37.573368,4,81.0,20700.0,333.74
2026-09-28T20:03:37.573425,5,0.0,16520.0,30.94
2026-09-28T20:03:37.573445,6,0.0,9328.0,24.36
2026-09-28T20:03:37.573463,7,100.0,13106.0,126.83
2026-09-28T20:03:38.674476,4,81.0,20700.0,331.68
2026-09-28T20:03:38.674529,5,0.0,16520.0,30.89
2026-09-28T20:03:38.674550,6,0.0,9328.0,24.02
2026-09-28T20:03:38.674567,7,100.0,13106.0,126.29
2026-09-28T20:03:39.771878,4,78.0,20700.0,333.88
2026-09-28T20:03:39.771918,5,0.0,16520.0,30.98
2026-09-28T20:03:39.771936,6,0.0,9328.0,23.86
2026-09-28T20:03:39.771954,7,100.0,13106.0,126.27
2026-09-28T20:03:40.866744,4,80.0,20700.0,335.16
2026-09-28T20:03:40.866789,5,0.0,16520.0,31.05
2026-09-28T20:03:40.866807,6,0.0,9328.0,23.46
2026-09-28T20:03:40.866824,7,100.0,13106.0,125.4
2026-09-28T20:03:41.965275,4,82.0,20700.0,336.86
2026-09-28T20:03:41.965317,5,0.0,16520.0,31.1
2026-09-28T20:03:41.965334,6,0.0,9328.0,23.4
2026-09-28T20:03:41.965350,7,100.0,13106.0,124.88
2026-09-28T20:03:43.063151,4,85.0,20700.0,337.09
2026-09-28T20:03:43.063204,5,0.0,16520.0,31.06
2026-09-28T20:03:43.063225,6,0.0,9328.0,23.37
2026-09-28T20:03:43.063243,7,100.0,13106.0,124.48
2026-09-28T20:03:44.160446,4,84.0,20700.0,332.07
2026-09-28T20:03:44.160469,5,0.0,16520.0,31.08
2026-09-28T20:03:44.160475,6,0.0,9328.0,23.39
2026-09-28T20:03:44.160479,7,100.0,13106.0,124.11
2026-09-28T20:03:45.288596,4,85.0,20700.0,316.39
2026-09-28T20:03:45.288641,5,0.0,16520.0,30.89
2026-09-28T20:03:45.288660,6,0.0,9328.0,23.5
2026-09-28T20:03:45.288677,7,100.0,13106.0,123.93
2026-09-28T20:03:46.452514,4,85.0,20700.0,321.69
2026-09-28T20:03:46.452558,5,0.0,16520.0,30.86
2026-09-28T20:03:46.452577,6,0.0,9328.0,23.32
2026-09-28T20:03:46.452594,7,100.0,13106.0,123.54
2026-09-28T20:03:47.592602,4,87.0,20700.0,323.15
2026-09-28T20:03:47.592640,5,0.0,16520.0,30.81
2026-09-28T20:03:47.592657,6,0.0,9328.0,23.19
2026-09-28T20:03:47.592674,7,100.0,13106.0,123.26
2026-09-28T20:03:48.692959,4,86.0,20700.0,321.97
2026-09-28T20:03:48.693013,5,0.0,16520.0,30.61
2026-09-28T20:03:48.693032,6,0.0,9328.0,23.23
2026-09-28T20:03:48.693050,7,100.0,13106.0,122.68
2026-09-28T20:03:49.794476,4,86.0,20700.0,322.45
2026-09-28T20:03:49.794528,5,0.0,16520.0,30.55
2026-09-28T20:03:49.794549,6,0.0,9328.0,23.07
2026-09-28T20:03:49.794567,7,100.0,13106.0,122.42
2026-09-28T20:03:50.895587,4,88.0,20700.0,322.01
2026-09-28T20:03:50.895635,5,0.0,16520.0,30.43
2026-09-28T20:03:50.895653,6,0.0,9328.0,23.02
2026-09-28T20:03:50.895671,7,100.0,13106.0,122.03
2026-09-28T20:03:51.995811,4,88.0,20700.0,315.28
2026-09-28T20:03:51.995851,5,0.0,16520.0,30.41
2026-09-28T20:03:51.995869,6,0.0,9328.0,23.09
2026-09-28T20:03:51.995886,7,100.0,13106.0,121.72
2026-09-28T20:03:53.093978,4,88.0,20700.0,314.34
2026-09-28T20:03:53.094032,5,0.0,16520.0,30.53
2026-09-28T20:03:53.094053,6,0.0,9328.0,23.09
2026-09-28T20:03:53.094071,7,100.0,13106.0,121.1
2026-09-28T20:03:54.191046,4,88.0,20700.0,301.89
2026-09-28T20:03:54.191091,5,0.0,16520.0,30.5
2026-09-28T20:03:54.191122,6,0.0,9328.0,22.95
2026-09-28T20:03:54.191138,7,100.0,13106.0,120.32
2026-09-28T20:03:55.287796,4,90.0,20700.0,294.01
2026-09-28T20:03:55.287836,5,0.0,16520.0,30.57
2026-09-28T20:03:55.287855,6,0.0,9328.0,22.83
2026-09-28T20:03:55.287871,7,100.0,13106.0,119.04
2026-09-28T20:03:56.383697,4,90.0,20700.0,281.34
2026-09-28T20:03:56.383742,5,0.0,16520.0,30.33
2026-09-28T20:03:56.383762,6,0.0,9328.0,22.77
2026-09-28T20:03:56.383779,7,100.0,13106.0,118.19
2026-09-28T20:03:57.480010,4,89.0,20700.0,272.41
2026-09-28T20:03:57.480052,5,0.0,16520.0,29.99
2026-09-28T20:03:57.480070,6,0.0,9328.0,22.83
2026-09-28T20:03:57.480086,7,100.0,13106.0,117.22
2026-09-28T20:03:58.578104,4,91.0,20700.0,279.04
2026-09-28T20:03:58.578173,5,0.0,16520.0,29.8
2026-09-28T20:03:58.578194,6,0.0,9328.0,22.92
2026-09-28T20:03:58.578211,7,100.0,13106.0,117.77
2026-09-28T20:03:59.677476,4,37.0,20700.0,286.39
2026-09-28T20:03:59.677528,5,0.0,16520.0,29.96
2026-09-28T20:03:59.677549,6,5.0,9328.0,23.41
2026-09-28T20:03:59.677567,7,10.0,13106.0,116.53
2026-09-28T20:04:00.768591,4,0.0,20700.0,128.35
2026-09-28T20:04:00.768633,5,0.0,16520.0,30.26
2026-09-28T20:04:00.768651,6,12.0,9328.0,59.99
2026-09-28T20:04:00.768667,7,11.0,13106.0,107.73
2026-09-28T20:04:01.860832,4,0.0,20700.0,98.85
2026-09-28T20:04:01.860870,5,0.0,16520.0,30.32
2026-09-28T20:04:01.860886,6,12.0,9328.0,87.48
2026-09-28T20:04:01.860902,7,12.0,13106.0,105.2
2026-09-28T20:04:03.016088,4,0.0,20700.0,92.72
2026-09-28T20:04:03.016156,5,0.0,16520.0,30.21
2026-09-28T20:04:03.016172,6,12.0,9328.0,87.81
2026-09-28T20:04:03.016189,7,100.0,13106.0,93.18
2026-09-28T20:04:04.145654,4,0.0,20700.0,86.71
2026-09-28T20:04:04.145703,5,95.0,16520.0,446.38
2026-09-28T20:04:04.145723,6,0.0,9328.0,83.16
2026-09-28T20:04:04.145740,7,100.0,13106.0,114.27
2026-09-28T20:04:05.237090,4,0.0,20700.0,86.37
2026-09-28T20:04:05.237132,5,95.0,16520.0,447.13
2026-09-28T20:04:05.237150,6,0.0,9328.0,82.68
2026-09-28T20:04:05.237166,7,100.0,13106.0,116.5
2026-09-28T20:04:06.330424,4,0.0,20700.0,86.23
2026-09-28T20:04:06.330456,5,95.0,16520.0,446.77
2026-09-28T20:04:06.330473,6,0.0,9328.0,81.75
2026-09-28T20:04:06.330490,7,100.0,13106.0,116.02
2026-09-28T20:04:07.422283,4,0.0,20700.0,86.07
2026-09-28T20:04:07.422311,5,93.0,16520.0,447.18
2026-09-28T20:04:07.422327,6,0.0,9328.0,82.06
2026-09-28T20:04:07.422343,7,100.0,13106.0,115.43
2026-09-28T20:04:08.513313,4,0.0,20700.0,85.75
2026-09-28T20:04:08.513342,5,92.0,16520.0,446.99
2026-09-28T20:04:08.513358,6,0.0,9328.0,82.07
2026-09-28T20:04:08.513372,7,100.0,13106.0,115.66
2026-09-28T20:04:09.606448,4,0.0,20700.0,85.43
2026-09-28T20:04:09.606501,5,94.0,16520.0,448.61
2026-09-28T20:04:09.606520,6,0.0,9328.0,82.0
2026-09-28T20:04:09.606536,7,100.0,13106.0,115.01
2026-09-28T20:04:10.697918,4,0.0,20700.0,85.23
2026-09-28T20:04:10.697957,5,95.0,16520.0,449.35
2026-09-28T20:04:10.697974,6,0.0,9328.0,81.79
2026-09-28T20:04:10.697991,7,100.0,13106.0,114.5
2026-09-28T20:04:11.793165,4,0.0,20700.0,84.78
2026-09-28T20:04:11.793195,5,93.0,16520.0,449.55
2026-09-28T20:04:11.793212,6,0.0,9328.0,81.48
2026-09-28T20:04:11.793228,7,100.0,13106.0,113.99
2026-09-28T20:04:12.882089,4,0.0,20700.0,84.41
2026-09-28T20:04:12.882156,5,95.0,16520.0,448.74
2026-09-28T20:04:12.882176,6,0.0,9328.0,81.26
2026-09-28T20:04:12.882194,7,100.0,13106.0,113.75
2026-09-28T20:04:13.973521,4,0.0,20700.0,84.14
2026-09-28T20:04:13.973580,5,94.0,16520.0,447.58
2026-09-28T20:04:13.973601,6,0.0,9328.0,81.17
2026-09-28T20:04:13.973620,7,100.0,13106.0,113.74
2026-09-28T20:04:15.064328,4,0.0,20700.0,83.85
2026-09-28T20:04:15.064356,5,95.0,16520.0,448.7
2026-09-28T20:04:15.064374,6,0.0,9328.0,81.1
2026-09-28T20:04:15.064390,7,100.0,13106.0,113.59
2026-09-28T20:04:16.156921,4,0.0,20700.0,83.56
2026-09-28T20:04:16.156946,5,95.0,16520.0,448.75
2026-09-28T20:04:16.156962,6,0.0,9328.0,81.09
2026-09-28T20:04:16.156979,7,100.0,13106.0,113.76
2026-09-28T20:04:17.250271,4,0.0,20700.0,55.73
2026-09-28T20:04:17.250295,5,99.0,16520.0,449.2
2026-09-28T20:04:17.250311,6,0.0,9328.0,81.19
2026-09-28T20:04:17.250326,7,100.0,13106.0,113.86
2026-09-28T20:04:18.342711,4,0.0,20700.0,28.63
2026-09-28T20:04:18.342735,5,95.0,16520.0,449.68
2026-09-28T20:04:18.342752,6,0.0,9328.0,81.22
2026-09-28T20:04:18.342768,7,100.0,13106.0,114.1
2026-09-28T20:04:19.458519,4,0.0,20700.0,22.3
2026-09-28T20:04:19.458573,5,95.0,16520.0,449.04
2026-09-28T20:04:19.458594,6,0.0,9328.0,81.15
2026-09-28T20:04:19.458611,7,100.0,13106.0,113.64
2026-09-28T20:04:20.603084,4,0.0,20700.0,21.97
2026-09-28T20:04:20.603169,5,99.0,16520.0,449.05
2026-09-28T20:04:20.603189,6,0.0,9328.0,81.25
2026-09-28T20:04:20.603206,7,100.0,13106.0,113.46
2026-09-28T20:04:21.731446,4,0.0,20700.0,21.5
2026-09-28T20:04:21.731497,5,92.0,16520.0,447.78
2026-09-28T20:04:21.731518,6,0.0,9328.0,59.13
2026-09-28T20:04:21.731535,7,100.0,13106.0,113.59
2026-09-28T20:04:22.828531,4,0.0,20700.0,21.52
2026-09-28T20:04:22.828567,5,92.0,16520.0,446.31
2026-09-28T20:04:22.828585,6,0.0,9328.0,30.51
2026-09-28T20:04:22.828601,7,100.0,13106.0,113.35
2026-09-28T20:04:23.937290,4,0.0,20700.0,21.37
2026-09-28T20:04:23.937331,5,96.0,16520.0,447.32
2026-09-28T20:04:23.937348,6,0.0,9328.0,23.52
2026-09-28T20:04:23.937364,7,100.0,13106.0,113.13
2026-09-28T20:04:25.032769,4,0.0,20700.0,21.39
2026-09-28T20:04:25.032794,5,96.0,16520.0,447.86
2026-09-28T20:04:25.032810,6,0.0,9328.0,22.87
2026-09-28T20:04:25.032825,7,100.0,13106.0,113.0
2026-09-28T20:04:26.129702,4,0.0,20700.0,21.56
2026-09-28T20:04:26.129725,5,98.0,16520.0,449.79
2026-09-28T20:04:26.129741,6,0.0,9328.0,22.72
2026-09-28T20:04:26.129756,7,100.0,13106.0,113.03
2026-09-28T20:04:27.225039,4,0.0,20700.0,20.95
2026-09-28T20:04:27.225062,5,95.0,16520.0,448.04
2026-09-28T20:04:27.225077,6,0.0,9328.0,22.7
2026-09-28T20:04:27.225092,7,100.0,13106.0,112.85
2026-09-28T20:04:28.321717,4,0.0,20700.0,20.96
2026-09-28T20:04:28.321739,5,96.0,16520.0,448.65
2026-09-28T20:04:28.321755,6,0.0,9328.0,22.58
2026-09-28T20:04:28.321770,7,100.0,13106.0,112.97
2026-09-28T20:04:29.416392,4,0.0,20700.0,20.97
2026-09-28T20:04:29.416418,5,96.0,16520.0,448.02
2026-09-28T20:04:29.416433,6,0.0,9328.0,22.57
2026-09-28T20:04:29.416447,7,100.0,13106.0,113.01
2026-09-28T20:04:30.513046,4,0.0,20700.0,20.94
2026-09-28T20:04:30.513098,5,95.0,16520.0,449.11
2026-09-28T20:04:30.513127,6,0.0,9328.0,22.69
2026-09-28T20:04:30.513144,7,100.0,13106.0,113.01
2026-09-28T20:04:31.608232,4,0.0,20700.0,21.14
2026-09-28T20:04:31.608285,5,0.0,16520.0,153.53
2026-09-28T20:04:31.608304,6,87.0,9328.0,200.98
2026-09-28T20:04:31.608321,7,95.0,13106.0,318.05
2026-09-28T20:04:32.702720,4,0.0,20700.0,21.35
2026-09-28T20:04:32.702759,5,0.0,16520.0,117.49
2026-09-28T20:04:32.702777,6,83.0,9328.0,369.74
2026-09-28T20:04:32.702793,7,95.0,13106.0,368.07
2026-09-28T20:04:33.800085,4,0.0,20700.0,21.3
2026-09-28T20:04:33.800128,5,0.0,16520.0,110.73
2026-09-28T20:04:33.800145,6,85.0,9328.0,379.04
2026-09-28T20:04:33.800160,7,96.0,13106.0,376.15
2026-09-28T20:04:34.896840,4,0.0,20700.0,21.44
2026-09-28T20:04:34.896877,5,0.0,16520.0,104.21
2026-09-28T20:04:34.896894,6,88.0,9328.0,377.69
2026-09-28T20:04:34.896910,7,91.0,13106.0,361.48
2026-09-28T20:04:35.992964,4,0.0,20700.0,21.49
2026-09-28T20:04:35.993006,5,0.0,16520.0,103.96
2026-09-28T20:04:35.993024,6,85.0,9328.0,380.19
2026-09-28T20:04:35.993039,7,81.0,13106.0,370.59
2026-09-28T20:04:37.113310,4,0.0,20700.0,21.25
2026-09-28T20:04:37.113358,5,0.0,16520.0,103.6
2026-09-28T20:04:37.113378,6,95.0,9328.0,387.53
2026-09-28T20:04:37.113395,7,84.0,13106.0,356.03
2026-09-28T20:04:38.264078,4,0.0,20700.0,20.82
2026-09-28T20:04:38.264151,5,0.0,16520.0,103.09
2026-09-28T20:04:38.264169,6,95.0,9328.0,377.75
2026-09-28T20:04:38.264186,7,80.0,13106.0,373.14
2026-09-28T20:04:39.381630,4,0.0,20700.0,20.64
2026-09-28T20:04:39.381656,5,0.0,16520.0,102.45
2026-09-28T20:04:39.381671,6,95.0,9328.0,379.96
2026-09-28T20:04:39.381686,7,85.0,13106.0,369.43
2026-09-28T20:04:40.482371,4,0.0,20700.0,20.65
2026-09-28T20:04:40.482395,5,0.0,16520.0,101.7
2026-09-28T20:04:40.482411,6,95.0,9328.0,372.79
2026-09-28T20:04:40.482427,7,90.0,13106.0,361.36
2026-09-28T20:04:41.581258,4,0.0,20700.0,20.71
2026-09-28T20:04:41.581309,5,0.0,16520.0,100.41
2026-09-28T20:04:41.581328,6,96.0,9328.0,379.42
2026-09-28T20:04:41.581359,7,95.0,13106.0,368.75
2026-09-28T20:04:42.680930,4,0.0,20700.0,20.78
2026-09-28T20:04:42.680974,5,0.0,16520.0,100.03
2026-09-28T20:04:42.680993,6,94.0,9328.0,374.85
2026-09-28T20:04:42.681009,7,95.0,13106.0,375.0
2026-09-28T20:04:43.778438,4,0.0,20700.0,20.69
2026-09-28T20:04:43.778463,5,0.0,16520.0,99.28
2026-09-28T20:04:43.778480,6,92.0,9328.0,376.77
2026-09-28T20:04:43.778497,7,95.0,13106.0,380.93
2026-09-28T20:04:44.874142,4,0.0,20700.0,20.59
2026-09-28T20:04:44.874165,5,0.0,16520.0,98.53
2026-09-28T20:04:44.874180,6,85.0,9328.0,382.1
2026-09-28T20:04:44.874195,7,95.0,13106.0,380.59
2026-09-28T20:04:45.971835,4,0.0,20700.0,20.72
2026-09-28T20:04:45.971865,5,0.0,16520.0,98.27
2026-09-28T20:04:45.971881,6,92.0,9328.0,386.4
2026-09-28T20:04:45.971898,7,95.0,13106.0,375.08
2026-09-28T20:04:47.070696,4,0.0,20700.0,20.83
2026-09-28T20:04:47.070738,5,0.0,16520.0,98.06
2026-09-28T20:04:47.070756,6,84.0,9328.0,385.73
2026-09-28T20:04:47.070773,7,93.0,13106.0,366.95
2026-09-28T20:04:48.167711,4,0.0,20700.0,20.77
2026-09-28T20:04:48.167749,5,0.0,16520.0,84.73
2026-09-28T20:04:48.167766,6,88.0,9328.0,384.58
2026-09-28T20:04:48.167782,7,91.0,13106.0,373.61
2026-09-28T20:04:49.264640,4,0.0,20700.0,20.27
2026-09-28T20:04:49.264675,5,0.0,16520.0,57.49
2026-09-28T20:04:49.264692,6,90.0,9328.0,395.74
2026-09-28T20:04:49.264709,7,83.0,13106.0,375.45
2026-09-28T20:04:50.363060,4,0.0,20700.0,20.24
2026-09-28T20:04:50.363095,5,0.0,16520.0,39.95
2026-09-28T20:04:50.363122,6,83.0,9328.0,382.39
2026-09-28T20:04:50.363139,7,83.0,13106.0,375.68
2026-09-28T20:04:51.457679,4,0.0,20700.0,20.28
2026-09-28T20:04:51.457719,5,0.0,16520.0,36.15
2026-09-28T20:04:51.457736,6,86.0,9328.0,384.7
2026-09-28T20:04:51.457752,7,84.0,13106.0,375.92
2026-09-28T20:04:52.559711,4,0.0,20700.0,20.36
2026-09-28T20:04:52.559767,5,0.0,16520.0,35.02
2026-09-28T20:04:52.559787,6,95.0,9328.0,388.99
2026-09-28T20:04:52.559805,7,87.0,13106.0,371.14
2026-09-28T20:04:53.671677,4,0.0,20700.0,20.19
2026-09-28T20:04:53.671733,5,0.0,16520.0,34.56
2026-09-28T20:04:53.671752,6,95.0,9328.0,378.89
2026-09-28T20:04:53.671770,7,95.0,13106.0,383.91
2026-09-28T20:04:54.825886,4,0.0,20700.0,19.94
2026-09-28T20:04:54.825937,5,0.0,16520.0,34.24
2026-09-28T20:04:54.825956,6,89.0,9328.0,302.71
2026-09-28T20:04:54.825974,7,83.0,13106.0,306.11
2026-09-28T20:04:55.961254,4,0.0,20700.0,19.99
2026-09-28T20:04:55.961297,5,0.0,16520.0,33.87
2026-09-28T20:04:55.961313,6,86.0,9328.0,399.73
2026-09-28T20:04:55.961330,7,85.0,13106.0,381.35
2026-09-28T20:04:57.061890,4,0.0,20700.0,20.24
2026-09-28T20:04:57.061936,5,0.0,16520.0,33.56
2026-09-28T20:04:57.061956,6,95.0,9328.0,383.16
2026-09-28T20:04:57.061972,7,86.0,13106.0,379.4
2026-09-28T20:04:58.162400,4,0.0,20700.0,20.29
2026-09-28T20:04:58.162429,5,0.0,16520.0,33.48
2026-09-28T20:04:58.162446,6,96.0,9328.0,390.55
2026-09-28T20:04:58.162462,7,96.0,13106.0,382.65
2026-09-28T20:04:59.261803,4,0.0,20700.0,20.44
2026-09-28T20:04:59.261851,5,0.0,16520.0,33.43
2026-09-28T20:04:59.261871,6,95.0,9328.0,381.37
2026-09-28T20:04:59.261888,7,95.0,13106.0,383.94
2026-09-28T20:05:00.361638,4,0.0,20700.0,20.37
2026-09-28T20:05:00.361681,5,0.0,16520.0,33.17
2026-09-28T20:05:00.361699,6,95.0,9328.0,390.89
2026-09-28T20:05:00.361716,7,95.0,13106.0,383.29
2026-09-28T20:05:01.458089,4,0.0,20700.0,20.27
2026-09-28T20:05:01.458145,5,0.0,16520.0,32.94
2026-09-28T20:05:01.458164,6,94.0,9328.0,391.25
2026-09-28T20:05:01.458181,7,95.0,13106.0,386.08
2026-09-28T20:05:02.556275,4,0.0,20700.0,20.38
2026-09-28T20:05:02.556319,5,0.0,16520.0,32.71
2026-09-28T20:05:02.556338,6,91.0,9328.0,397.08
2026-09-28T20:05:02.556354,7,96.0,13106.0,382.95
2026-09-28T20:05:03.653337,4,0.0,20700.0,20.54
2026-09-28T20:05:03.653395,5,0.0,16520.0,32.67
2026-09-28T20:05:03.653415,6,86.0,9328.0,394.09
2026-09-28T20:05:03.653434,7,93.0,13106.0,396.11
2026-09-28T20:05:04.762036,4,0.0,20700.0,20.2
2026-09-28T20:05:04.762088,5,0.0,16520.0,32.84
2026-09-28T20:05:04.762140,6,85.0,9328.0,398.56
2026-09-28T20:05:04.762158,7,82.0,13106.0,381.46
2026-09-28T20:05:05.855510,4,0.0,20700.0,19.93
2026-09-28T20:05:05.855558,5,0.0,16520.0,33.05
2026-09-28T20:05:05.855577,6,82.0,9328.0,396.85
2026-09-28T20:05:05.855596,7,83.0,13106.0,381.49
2026-09-28T20:05:06.949735,4,0.0,20700.0,20.05
2026-09-28T20:05:06.949784,5,0.0,16520.0,32.89
2026-09-28T20:05:06.949804,6,84.0,9328.0,394.32
2026-09-28T20:05:06.949822,7,81.0,13106.0,382.47
2026-09-28T20:05:08.049216,4,0.0,20700.0,19.99
2026-09-28T20:05:08.049263,5,0.0,16520.0,32.51
2026-09-28T20:05:08.049280,6,85.0,9328.0,387.02
2026-09-28T20:05:08.049298,7,84.0,13106.0,384.02
2026-09-28T20:05:09.146577,4,0.0,20700.0,19.97
2026-09-28T20:05:09.146618,5,0.0,16520.0,32.63
2026-09-28T20:05:09.146638,6,95.0,9328.0,389.31
2026-09-28T20:05:09.146655,7,87.0,13106.0,376.17
2026-09-28T20:05:10.238664,4,0.0,20700.0,19.97
2026-09-28T20:05:10.238712,5,0.0,16520.0,32.81
2026-09-28T20:05:10.238731,6,96.0,9328.0,390.77
2026-09-28T20:05:10.238749,7,96.0,13106.0,381.76
2026-09-28T20:05:11.378597,4,0.0,20700.0,20.03
2026-09-28T20:05:11.378641,5,0.0,16520.0,32.77
2026-09-28T20:05:11.378658,6,96.0,9328.0,395.99
2026-09-28T20:05:11.378674,7,95.0,13106.0,384.05
2026-09-28T20:05:12.521270,4,0.0,20700.0,20.24
2026-09-28T20:05:12.521313,5,0.0,16520.0,32.69
2026-09-28T20:05:12.521331,6,95.0,9328.0,391.0
2026-09-28T20:05:12.521347,7,95.0,13106.0,382.52
2026-09-28T20:05:13.621349,4,0.0,20700.0,20.18
2026-09-28T20:05:13.621387,5,0.0,16520.0,32.43
2026-09-28T20:05:13.621406,6,95.0,9328.0,401.54
2026-09-28T20:05:13.621423,7,95.0,13106.0,390.28
2026-09-28T20:05:14.721185,4,0.0,20700.0,20.01
2026-09-28T20:05:14.721221,5,0.0,16520.0,32.31
2026-09-28T20:05:14.721240,6,90.0,9328.0,398.57
2026-09-28T20:05:14.721257,7,96.0,13106.0,383.31
2026-09-28T20:05:15.820330,4,0.0,20700.0,19.86
2026-09-28T20:05:15.820377,5,0.0,16520.0,32.25
2026-09-28T20:05:15.820397,6,82.0,9328.0,392.04
2026-09-28T20:05:15.820415,7,93.0,13106.0,376.05
2026-09-28T20:05:16.922373,4,0.0,20700.0,19.72
2026-09-28T20:05:16.922419,5,0.0,16520.0,32.13
2026-09-28T20:05:16.922438,6,85.0,9328.0,396.23
2026-09-28T20:05:16.922456,7,83.0,13106.0,389.3
2026-09-28T20:05:18.019214,4,0.0,20700.0,19.71
2026-09-28T20:05:18.019262,5,0.0,16520.0,32.04
2026-09-28T20:05:18.019282,6,87.0,9328.0,394.2
2026-09-28T20:05:18.019299,7,82.0,13106.0,401.46
2026-09-28T20:05:19.117884,4,0.0,20700.0,19.82
2026-09-28T20:05:19.117928,5,0.0,16520.0,32.06
2026-09-28T20:05:19.117945,6,82.0,9328.0,398.77
2026-09-28T20:05:19.117962,7,87.0,13106.0,396.83
2026-09-28T20:05:20.216595,4,0.0,20700.0,19.75
2026-09-28T20:05:20.216646,5,0.0,16520.0,32.28
2026-09-28T20:05:20.216665,6,84.0,9328.0,394.95
2026-09-28T20:05:20.216682,7,82.0,13106.0,397.43
2026-09-28T20:05:21.314482,4,0.0,20700.0,19.79
2026-09-28T20:05:21.314525,5,0.0,16520.0,32.42
2026-09-28T20:05:21.314543,6,86.0,9328.0,388.06
2026-09-28T20:05:21.314559,7,84.0,13106.0,392.22
2026-09-28T20:05:22.410888,4,0.0,20700.0,19.84
2026-09-28T20:05:22.410939,5,0.0,16520.0,32.26
2026-09-28T20:05:22.410959,6,96.0,9328.0,397.58
2026-09-28T20:05:22.410977,7,96.0,13106.0,382.84
2026-09-28T20:05:23.506365,4,0.0,20700.0,19.92
2026-09-28T20:05:23.506415,5,0.0,16520.0,32.08
2026-09-28T20:05:23.506435,6,96.0,9328.0,398.58
2026-09-28T20:05:23.506453,7,95.0,13106.0,383.36
2026-09-28T20:05:24.603521,4,0.0,20700.0,20.03
2026-09-28T20:05:24.603571,5,0.0,16520.0,32.09
2026-09-28T20:05:24.603590,6,96.0,9328.0,397.37
2026-09-28T20:05:24.603606,7,95.0,13106.0,386.62
2026-09-28T20:05:25.700586,4,0.0,20700.0,20.12
2026-09-28T20:05:25.700638,5,0.0,16520.0,32.04
2026-09-28T20:05:25.700657,6,95.0,9328.0,406.51
2026-09-28T20:05:25.700674,7,95.0,13106.0,385.09
2026-09-28T20:05:26.799034,4,0.0,20700.0,20.0
2026-09-28T20:05:26.799075,5,0.0,16520.0,32.19
2026-09-28T20:05:26.799097,6,93.0,9328.0,394.48
2026-09-28T20:05:26.799125,7,94.0,13106.0,385.19
2026-09-28T20:05:27.930299,4,0.0,20700.0,19.93
2026-09-28T20:05:27.930352,5,0.0,16520.0,32.17
2026-09-28T20:05:27.930372,6,83.0,9328.0,405.72
2026-09-28T20:05:27.930389,7,92.0,13106.0,390.27
2026-09-28T20:05:29.100739,4,0.0,20700.0,19.9
2026-09-28T20:05:29.100768,5,0.0,16520.0,31.92
2026-09-28T20:05:29.100785,6,86.0,9328.0,393.91
2026-09-28T20:05:29.100801,7,89.0,13106.0,389.0
2026-09-28T20:05:30.217059,4,0.0,20700.0,19.65
2026-09-28T20:05:30.217107,5,0.0,16520.0,31.72
2026-09-28T20:05:30.217156,6,90.0,9328.0,403.06
2026-09-28T20:05:30.217173,7,83.0,13106.0,383.78
2026-09-28T20:05:31.312879,4,0.0,20700.0,19.6
2026-09-28T20:05:31.312924,5,0.0,16520.0,31.79
2026-09-28T20:05:31.312943,6,83.0,9328.0,397.2
2026-09-28T20:05:31.312961,7,84.0,13106.0,386.4
2026-09-28T20:05:32.410185,4,0.0,20700.0,19.55
2026-09-28T20:05:32.410220,5,0.0,16520.0,31.9
2026-09-28T20:05:32.410237,6,97.0,9328.0,411.83
2026-09-28T20:05:32.410254,7,85.0,13106.0,379.92
2026-09-28T20:05:33.506761,4,0.0,20700.0,19.38
2026-09-28T20:05:33.506804,5,0.0,16520.0,31.86
2026-09-28T20:05:33.506821,6,95.0,9328.0,396.77
2026-09-28T20:05:33.506837,7,93.0,13106.0,377.83
2026-09-28T20:05:34.606479,4,0.0,20700.0,19.44
2026-09-28T20:05:34.606526,5,0.0,16520.0,31.94
2026-09-28T20:05:34.606544,6,95.0,9328.0,392.88
2026-09-28T20:05:34.606561,7,95.0,13106.0,393.23
2026-09-28T20:05:35.710071,4,0.0,20700.0,19.68
2026-09-28T20:05:35.710163,5,0.0,16520.0,31.89
2026-09-28T20:05:35.710183,6,95.0,9328.0,400.31
2026-09-28T20:05:35.710200,7,96.0,13106.0,392.03
2026-09-28T20:05:36.822761,4,0.0,20700.0,19.59
2026-09-28T20:05:36.822815,5,0.0,16520.0,31.9
2026-09-28T20:05:36.822835,6,96.0,9328.0,404.75
2026-09-28T20:05:36.822853,7,97.0,13106.0,392.28
2026-09-28T20:05:37.925495,4,0.0,20700.0,19.63
2026-09-28T20:05:37.925546,5,0.0,16520.0,31.77
2026-09-28T20:05:37.925564,6,0.0,9328.0,332.73
2026-09-28T20:05:37.925582,7,0.0,13106.0,306.05
2026-09-28T20:05:39.018271,4,94.0,20700.0,112.08
2026-09-28T20:05:39.018325,5,0.0,16520.0,31.69
2026-09-28T20:05:39.018345,6,0.0,9328.0,122.86
2026-09-28T20:05:39.018362,7,100.0,13106.0,141.28
2026-09-28T20:05:40.122468,4,64.0,20700.0,408.2
2026-09-28T20:05:40.122520,5,0.0,16520.0,31.62
2026-09-28T20:05:40.122540,6,0.0,9328.0,117.62
2026-09-28T20:05:40.122556,7,100.0,13106.0,138.5
2026-09-28T20:05:41.218350,4,69.0,20700.0,300.71
2026-09-28T20:05:41.218395,5,0.0,16520.0,31.6
2026-09-28T20:05:41.218414,6,0.0,9328.0,108.81
2026-09-28T20:05:41.218430,7,100.0,13106.0,138.14
2026-09-28T20:05:42.314884,4,73.0,20700.0,304.98
2026-09-28T20:05:42.314929,5,0.0,16520.0,31.86
2026-09-28T20:05:42.314949,6,0.0,9328.0,103.05
2026-09-28T20:05:42.314965,7,100.0,13106.0,137.36
