timestamp,gpu,util_gpu,memory_used_mb,power_w
2026-09-28T20:19:42.637220,4,87.0,20702.0,325.18
2026-09-28T20:19:42.637220,5,0.0,16520.0,31.08
2026-09-28T20:19:42.637220,6,0.0,9328.0,22.67
2026-09-28T20:19:42.637220,7,100.0,13106.0,121.43
2026-09-28T20:19:43.656860,4,87.0,20702.0,325.38
2026-09-28T20:19:43.656860,5,0.0,16520.0,30.86
2026-09-28T20:19:43.656860,6,0.0,9328.0,22.74
2026-09-28T20:19:43.656860,7,100.0,13106.0,121.25
2026-09-28T20:19:44.631159,4,87.0,20702.0,324.86
2026-09-28T20:19:44.631159,5,0.0,16520.0,30.95
2026-09-28T20:19:44.631159,6,0.0,9328.0,22.88
2026-09-28T20:19:44.631159,7,100.0,13106.0,120.95
2026-09-28T20:19:45.633274,4,25.0,20702.0,197.69
2026-09-28T20:19:45.633274,5,0.0,16520.0,31.03
2026-09-28T20:19:45.633274,6,0.0,9328.0,22.77
2026-09-28T20:19:45.633274,7,100.0,13106.0,119.14
2026-09-28T20:19:46.636608,4,87.0,20702.0,293.48
2026-09-28T20:19:46.636608,5,0.0,16520.0,31.23
2026-09-28T20:19:46.636608,6,0.0,9328.0,22.69
2026-09-28T20:19:46.636608,7,100.0,13106.0,118.49
2026-09-28T20:19:47.634478,4,89.0,20702.0,300.77
2026-09-28T20:19:47.634478,5,0.0,16520.0,31.34
2026-09-28T20:19:47.634478,6,0.0,9328.0,22.66
2026-09-28T20:19:47.634478,7,100.0,13106.0,118.52
2026-09-28T20:19:48.632505,4,89.0,20702.0,291.11
2026-09-28T20:19:48.632505,5,0.0,16520.0,31.11
2026-09-28T20:19:48.632505,6,0.0,9328.0,22.64
2026-09-28T20:19:48.632505,7,100.0,13106.0,118.98
2026-09-28T20:19:49.631634,4,90.0,20702.0,283.72
2026-09-28T20:19:49.631634,5,0.0,16520.0,31.06
2026-09-28T20:19:49.631634,6,0.0,9328.0,22.69
2026-09-28T20:19:49.631634,7,100.0,13106.0,117.97
2026-09-28T20:19:50.675868,4,90.0,20702.0,274.88
2026-09-28T20:19:50.675868,5,0.0,16520.0,31.15
2026-09-28T20:19:50.675868,6,0.0,9328.0,22.77
2026-09-28T20:19:50.675868,7,100.0,13106.0,117.75
2026-09-28T20:19:51.630270,4,0.0,20702.0,164.86
2026-09-28T20:19:51.630270,5,0.0,16520.0,31.07
2026-09-28T20:19:51.630270,6,0.0,9328.0,45.33
2026-09-28T20:19:51.630270,7,12.0,13106.0,112.24
2026-09-28T20:19:52.627794,4,0.0,20702.0,119.8
2026-09-28T20:19:52.627794,5,0.0,16520.0,31.2
2026-09-28T20:19:52.627794,6,12.0,9328.0,85.49
2026-09-28T20:19:52.627794,7,11.0,13106.0,109.46
2026-09-28T20:19:53.629029,4,0.0,20702.0,101.31
2026-09-28T20:19:53.629029,5,0.0,16520.0,31.25
2026-09-28T20:19:53.629029,6,25.0,9328.0,86.81
2026-09-28T20:19:53.629029,7,12.0,13106.0,96.12
2026-09-28T20:19:54.628668,4,0.0,20702.0,94.4
2026-09-28T20:19:54.628668,5,99.0,16520.0,179.92
2026-09-28T20:19:54.628668,6,0.0,9328.0,97.76
2026-09-28T20:19:54.628668,7,100.0,13106.0,103.27
2026-09-28T20:19:55.626576,4,0.0,20702.0,87.42
2026-09-28T20:19:55.626576,5,99.0,16520.0,451.22
2026-09-28T20:19:55.626576,6,0.0,9328.0,96.07
2026-09-28T20:19:55.626576,7,100.0,13106.0,116.83
2026-09-28T20:19:56.628108,4,0.0,20702.0,87.24
2026-09-28T20:19:56.628108,5,99.0,16520.0,451.81
2026-09-28T20:19:56.628108,6,0.0,9328.0,92.67
2026-09-28T20:19:56.628108,7,100.0,13106.0,116.16
2026-09-28T20:19:57.682754,4,0.0,20702.0,87.02
2026-09-28T20:19:57.682754,5,99.0,16520.0,450.09
2026-09-28T20:19:57.682754,6,0.0,9328.0,86.98
2026-09-28T20:19:57.682754,7,100.0,13106.0,116.19
2026-09-28T20:19:58.634380,4,0.0,20702.0,86.66
2026-09-28T20:19:58.634380,5,90.0,16520.0,443.6
2026-09-28T20:19:58.634380,6,0.0,9328.0,81.37
2026-09-28T20:19:58.634380,7,100.0,13106.0,116.21
2026-09-28T20:19:59.627623,4,0.0,20702.0,86.43
2026-09-28T20:19:59.627623,5,94.0,16520.0,449.16
2026-09-28T20:19:59.627623,6,0.0,9328.0,81.14
2026-09-28T20:19:59.627623,7,100.0,13106.0,116.06
2026-09-28T20:20:00.630318,4,0.0,20702.0,85.97
2026-09-28T20:20:00.630318,5,95.0,16520.0,448.19
2026-09-28T20:20:00.630318,6,0.0,9328.0,80.86
2026-09-28T20:20:00.630318,7,100.0,13106.0,115.72
2026-09-28T20:20:01.630900,4,0.0,20702.0,85.45
2026-09-28T20:20:01.630900,5,99.0,16520.0,449.15
2026-09-28T20:20:01.630900,6,0.0,9328.0,80.71
2026-09-28T20:20:01.630900,7,100.0,13106.0,115.46
2026-09-28T20:20:02.631961,4,0.0,20702.0,84.96
2026-09-28T20:20:02.631961,5,95.0,16520.0,449.79
2026-09-28T20:20:02.631961,6,0.0,9328.0,80.58
2026-09-28T20:20:02.631961,7,100.0,13106.0,115.19
2026-09-28T20:20:03.633334,4,0.0,20702.0,84.67
2026-09-28T20:20:03.633334,5,95.0,16520.0,449.17
2026-09-28T20:20:03.633334,6,0.0,9328.0,80.46
2026-09-28T20:20:03.633334,7,100.0,13106.0,114.84
2026-09-28T20:20:04.681074,4,0.0,20702.0,84.25
2026-09-28T20:20:04.681074,5,90.0,16520.0,444.69
2026-09-28T20:20:04.681074,6,0.0,9328.0,80.63
2026-09-28T20:20:04.681074,7,100.0,13106.0,114.74
2026-09-28T20:20:05.629925,4,0.0,20702.0,83.65
2026-09-28T20:20:05.629925,5,95.0,16520.0,447.4
2026-09-28T20:20:05.629925,6,0.0,9328.0,80.87
2026-09-28T20:20:05.629925,7,100.0,13106.0,114.4
2026-09-28T20:20:06.630371,4,0.0,20702.0,83.41
2026-09-28T20:20:06.630371,5,95.0,16520.0,449.42
2026-09-28T20:20:06.630371,6,0.0,9328.0,80.74
2026-09-28T20:20:06.630371,7,100.0,13106.0,114.38
2026-09-28T20:20:07.629387,4,0.0,20702.0,83.11
2026-09-28T20:20:07.629387,5,96.0,16520.0,447.52
2026-09-28T20:20:07.629387,6,0.0,9328.0,80.54
2026-09-28T20:20:07.629387,7,100.0,13106.0,114.16
2026-09-28T20:20:08.631410,4,0.0,20702.0,70.87
2026-09-28T20:20:08.631410,5,99.0,16520.0,449.27
2026-09-28T20:20:08.631410,6,0.0,9328.0,80.54
2026-09-28T20:20:08.631410,7,100.0,13106.0,114.01
2026-09-28T20:20:09.633985,4,0.0,20702.0,46.2
2026-09-28T20:20:09.633985,5,95.0,16520.0,448.64
2026-09-28T20:20:09.633985,6,0.0,9328.0,80.55
2026-09-28T20:20:09.633985,7,100.0,13106.0,113.97
2026-09-28T20:20:10.635493,4,0.0,20702.0,27.87
2026-09-28T20:20:10.635493,5,96.0,16520.0,449.7
2026-09-28T20:20:10.635493,6,0.0,9328.0,80.69
2026-09-28T20:20:10.635493,7,100.0,13106.0,114.11
2026-09-28T20:20:11.642522,4,0.0,20702.0,22.01
2026-09-28T20:20:11.642522,5,95.0,16520.0,447.23
2026-09-28T20:20:11.642522,6,0.0,9328.0,80.87
2026-09-28T20:20:11.642522,7,100.0,13106.0,113.63
2026-09-28T20:20:12.634977,4,0.0,20702.0,21.7
2026-09-28T20:20:12.634977,5,99.0,16520.0,448.52
2026-09-28T20:20:12.634977,6,0.0,9328.0,61.81
2026-09-28T20:20:12.634977,7,100.0,13106.0,113.82
2026-09-28T20:20:13.634807,4,0.0,20702.0,21.65
2026-09-28T20:20:13.634807,5,99.0,16520.0,448.55
2026-09-28T20:20:13.634807,6,0.0,9328.0,35.08
2026-09-28T20:20:13.634807,7,100.0,13106.0,113.76
2026-09-28T20:20:14.633829,4,0.0,20702.0,21.56
2026-09-28T20:20:14.633829,5,98.0,16520.0,448.43
2026-09-28T20:20:14.633829,6,0.0,9328.0,25.05
2026-09-28T20:20:14.633829,7,100.0,13106.0,113.68
2026-09-28T20:20:15.639406,4,0.0,20702.0,21.39
2026-09-28T20:20:15.639406,5,94.0,16520.0,445.57
2026-09-28T20:20:15.639406,6,0.0,9328.0,22.73
2026-09-28T20:20:15.639406,7,100.0,13106.0,113.37
2026-09-28T20:20:16.630021,4,0.0,20702.0,21.2
2026-09-28T20:20:16.630021,5,91.0,16520.0,447.47
2026-09-28T20:20:16.630021,6,0.0,9328.0,22.88
2026-09-28T20:20:16.630021,7,100.0,13106.0,113.12
2026-09-28T20:20:17.670711,4,0.0,20702.0,20.99
2026-09-28T20:20:17.670711,5,96.0,16520.0,450.02
2026-09-28T20:20:17.670711,6,0.0,9328.0,22.99
2026-09-28T20:20:17.670711,7,100.0,13106.0,113.0
2026-09-28T20:20:18.637662,4,0.0,20702.0,20.73
2026-09-28T20:20:18.637662,5,95.0,16520.0,448.69
2026-09-28T20:20:18.637662,6,0.0,9328.0,22.93
2026-09-28T20:20:18.637662,7,100.0,13106.0,113.53
2026-09-28T20:20:19.648202,4,0.0,20702.0,20.57
2026-09-28T20:20:19.648202,5,94.0,16520.0,448.07
2026-09-28T20:20:19.648202,6,0.0,9328.0,22.92
2026-09-28T20:20:19.648202,7,100.0,13106.0,113.49
2026-09-28T20:20:20.633101,4,0.0,20702.0,20.68
2026-09-28T20:20:20.633101,5,99.0,16520.0,450.13
2026-09-28T20:20:20.633101,6,0.0,9328.0,23.01
2026-09-28T20:20:20.633101,7,100.0,13106.0,113.44
2026-09-28T20:20:21.633064,4,0.0,20702.0,20.66
2026-09-28T20:20:21.633064,5,95.0,16520.0,449.28
2026-09-28T20:20:21.633064,6,0.0,9328.0,22.98
2026-09-28T20:20:21.633064,7,100.0,13106.0,112.94
2026-09-28T20:20:22.634559,4,0.0,20702.0,20.42
2026-09-28T20:20:22.634559,5,0.0,16520.0,284.77
2026-09-28T20:20:22.634559,6,94.0,9328.0,84.08
2026-09-28T20:20:22.634559,7,96.0,13106.0,202.41
2026-09-28T20:20:23.635452,4,0.0,20702.0,20.22
2026-09-28T20:20:23.635452,5,0.0,16520.0,165.92
2026-09-28T20:20:23.635452,6,94.0,9328.0,373.17
2026-09-28T20:20:23.635452,7,83.0,13106.0,383.28
2026-09-28T20:20:24.690414,4,0.0,20702.0,20.34
2026-09-28T20:20:24.690414,5,0.0,16520.0,118.57
2026-09-28T20:20:24.690414,6,78.0,9328.0,369.41
2026-09-28T20:20:24.690414,7,82.0,13106.0,366.87
2026-09-28T20:20:25.635476,4,0.0,20702.0,20.44
2026-09-28T20:20:25.635476,5,0.0,16520.0,111.73
2026-09-28T20:20:25.635476,6,89.0,9328.0,376.53
2026-09-28T20:20:25.635476,7,95.0,13106.0,386.42
2026-09-28T20:20:26.638539,4,0.0,20702.0,20.34
2026-09-28T20:20:26.638539,5,0.0,16520.0,105.12
2026-09-28T20:20:26.638539,6,94.0,9328.0,378.17
2026-09-28T20:20:26.638539,7,96.0,13106.0,391.97
2026-09-28T20:20:27.637002,4,0.0,20702.0,20.26
2026-09-28T20:20:27.637002,5,0.0,16520.0,104.61
2026-09-28T20:20:27.637002,6,85.0,9328.0,361.51
2026-09-28T20:20:27.637002,7,84.0,13106.0,394.34
2026-09-28T20:20:28.637221,4,0.0,20702.0,20.43
2026-09-28T20:20:28.637221,5,0.0,16520.0,104.09
2026-09-28T20:20:28.637221,6,81.0,9328.0,371.91
2026-09-28T20:20:28.637221,7,85.0,13106.0,388.4
2026-09-28T20:20:29.633605,4,0.0,20702.0,20.52
2026-09-28T20:20:29.633605,5,0.0,16520.0,103.64
2026-09-28T20:20:29.633605,6,90.0,9328.0,387.07
2026-09-28T20:20:29.633605,7,95.0,13106.0,387.53
2026-09-28T20:20:30.639164,4,0.0,20702.0,20.45
2026-09-28T20:20:30.639164,5,0.0,16520.0,103.1
2026-09-28T20:20:30.639164,6,94.0,9328.0,379.48
2026-09-28T20:20:30.639164,7,94.0,13106.0,380.08
2026-09-28T20:20:31.645918,4,0.0,20702.0,20.43
2026-09-28T20:20:31.645918,5,0.0,16520.0,102.48
2026-09-28T20:20:31.645918,6,83.0,9328.0,373.66
2026-09-28T20:20:31.645918,7,81.0,13106.0,384.31
2026-09-28T20:20:32.636675,4,0.0,20702.0,20.26
2026-09-28T20:20:32.636675,5,0.0,16520.0,101.76
2026-09-28T20:20:32.636675,6,77.0,9328.0,379.01
2026-09-28T20:20:32.636675,7,85.0,13106.0,388.29
2026-09-28T20:20:33.636225,4,0.0,20702.0,20.23
2026-09-28T20:20:33.636225,5,0.0,16520.0,101.12
2026-09-28T20:20:33.636225,6,93.0,9328.0,373.46
2026-09-28T20:20:33.636225,7,95.0,13106.0,397.01
2026-09-28T20:20:34.637179,4,0.0,20702.0,20.25
2026-09-28T20:20:34.637179,5,0.0,16520.0,100.41
2026-09-28T20:20:34.637179,6,94.0,9328.0,371.14
2026-09-28T20:20:34.637179,7,84.0,13106.0,388.27
2026-09-28T20:20:35.638280,4,0.0,20702.0,20.32
2026-09-28T20:20:35.638280,5,0.0,16520.0,99.6
2026-09-28T20:20:35.638280,6,83.0,9328.0,384.84
2026-09-28T20:20:35.638280,7,80.0,13106.0,389.71
2026-09-28T20:20:36.636539,4,0.0,20702.0,20.43
2026-09-28T20:20:36.636539,5,0.0,16520.0,98.82
2026-09-28T20:20:36.636539,6,77.0,9328.0,383.54
2026-09-28T20:20:36.636539,7,92.0,13106.0,383.68
2026-09-28T20:20:37.693544,4,0.0,20702.0,20.4
2026-09-28T20:20:37.693544,5,0.0,16520.0,98.65
2026-09-28T20:20:37.693544,6,95.0,9328.0,380.52
2026-09-28T20:20:37.693544,7,94.0,13106.0,394.73
2026-09-28T20:20:38.638044,4,0.0,20702.0,20.46
2026-09-28T20:20:38.638044,5,0.0,16520.0,98.47
2026-09-28T20:20:38.638044,6,91.0,9328.0,382.83
2026-09-28T20:20:38.638044,7,83.0,13106.0,387.12
2026-09-28T20:20:39.638524,4,0.0,20702.0,20.44
2026-09-28T20:20:39.638524,5,0.0,16520.0,97.75
2026-09-28T20:20:39.638524,6,79.0,9328.0,374.69
2026-09-28T20:20:39.638524,7,82.0,13106.0,385.82
2026-09-28T20:20:40.639553,4,0.0,20702.0,20.47
2026-09-28T20:20:40.639553,5,0.0,16520.0,73.01
2026-09-28T20:20:40.639553,6,89.0,9328.0,374.6
2026-09-28T20:20:40.639553,7,95.0,13106.0,389.26
2026-09-28T20:20:41.642037,4,0.0,20702.0,20.38
2026-09-28T20:20:41.642037,5,0.0,16520.0,42.68
2026-09-28T20:20:41.642037,6,94.0,9328.0,384.89
2026-09-28T20:20:41.642037,7,96.0,13106.0,395.27
2026-09-28T20:20:42.638243,4,0.0,20702.0,20.23
2026-09-28T20:20:42.638243,5,0.0,16520.0,36.15
2026-09-28T20:20:42.638243,6,82.0,9328.0,372.18
2026-09-28T20:20:42.638243,7,81.0,13106.0,388.29
2026-09-28T20:20:43.636404,4,0.0,20702.0,20.37
2026-09-28T20:20:43.636404,5,0.0,16520.0,35.42
2026-09-28T20:20:43.636404,6,77.0,9328.0,368.18
2026-09-28T20:20:43.636404,7,85.0,13106.0,395.32
2026-09-28T20:20:44.653682,4,0.0,20702.0,20.42
2026-09-28T20:20:44.653682,5,0.0,16520.0,34.91
2026-09-28T20:20:44.653682,6,93.0,9328.0,370.54
2026-09-28T20:20:44.653682,7,94.0,13106.0,398.97
2026-09-28T20:20:45.642269,4,0.0,20702.0,20.41
2026-09-28T20:20:45.642269,5,0.0,16520.0,34.28
2026-09-28T20:20:45.642269,6,96.0,9328.0,384.54
2026-09-28T20:20:45.642269,7,96.0,13106.0,398.67
2026-09-28T20:20:46.641591,4,0.0,20702.0,20.29
2026-09-28T20:20:46.641591,5,0.0,16520.0,33.63
2026-09-28T20:20:46.641591,6,82.0,9328.0,385.45
2026-09-28T20:20:46.641591,7,83.0,13106.0,390.64
2026-09-28T20:20:47.639398,4,0.0,20702.0,20.03
2026-09-28T20:20:47.639398,5,0.0,16520.0,33.26
2026-09-28T20:20:47.639398,6,76.0,9328.0,384.31
2026-09-28T20:20:47.639398,7,91.0,13106.0,393.44
2026-09-28T20:20:48.637980,4,0.0,20702.0,20.02
2026-09-28T20:20:48.637980,5,0.0,16520.0,33.13
2026-09-28T20:20:48.637980,6,94.0,9328.0,375.14
2026-09-28T20:20:48.637980,7,94.0,13106.0,399.61
2026-09-28T20:20:49.638856,4,0.0,20702.0,20.14
2026-09-28T20:20:49.638856,5,0.0,16520.0,33.09
2026-09-28T20:20:49.638856,6,94.0,9328.0,382.6
2026-09-28T20:20:49.638856,7,84.0,13106.0,393.25
2026-09-28T20:20:50.675355,4,0.0,20702.0,20.24
2026-09-28T20:20:50.675355,5,0.0,16520.0,32.94
2026-09-28T20:20:50.675355,6,79.0,9328.0,373.18
2026-09-28T20:20:50.675355,7,82.0,13106.0,396.51
2026-09-28T20:20:51.641528,4,0.0,20702.0,20.28
2026-09-28T20:20:51.641528,5,0.0,16520.0,32.87
2026-09-28T20:20:51.641528,6,89.0,9328.0,385.69
2026-09-28T20:20:51.641528,7,96.0,13106.0,400.51
2026-09-28T20:20:52.642555,4,0.0,20702.0,20.3
2026-09-28T20:20:52.642555,5,0.0,16520.0,32.93
2026-09-28T20:20:52.642555,6,95.0,9328.0,384.92
2026-09-28T20:20:52.642555,7,93.0,13106.0,399.1
2026-09-28T20:20:53.641174,4,0.0,20702.0,20.25
2026-09-28T20:20:53.641174,5,0.0,16520.0,32.85
2026-09-28T20:20:53.641174,6,82.0,9328.0,381.28
2026-09-28T20:20:53.641174,7,82.0,13106.0,396.43
2026-09-28T20:20:54.640722,4,0.0,20702.0,20.17
2026-09-28T20:20:54.640722,5,0.0,16520.0,32.73
2026-09-28T20:20:54.640722,6,77.0,9328.0,381.74
2026-09-28T20:20:54.640722,7,83.0,13106.0,396.35
2026-09-28T20:20:55.637316,4,0.0,20702.0,20.07
2026-09-28T20:20:55.637316,5,0.0,16520.0,32.64
2026-09-28T20:20:55.637316,6,93.0,9328.0,388.1
2026-09-28T20:20:55.637316,7,96.0,13106.0,398.95
2026-09-28T20:20:56.639241,4,0.0,20702.0,19.83
2026-09-28T20:20:56.639241,5,0.0,16520.0,32.81
2026-09-28T20:20:56.639241,6,78.0,9328.0,328.83
2026-09-28T20:20:56.639241,7,82.0,13106.0,350.32
2026-09-28T20:20:57.661946,4,0.0,20702.0,19.95
2026-09-28T20:20:57.661946,5,0.0,16520.0,32.83
2026-09-28T20:20:57.661946,6,94.0,9328.0,386.3
2026-09-28T20:20:57.661946,7,95.0,13106.0,392.3
2026-09-28T20:20:58.640873,4,0.0,20702.0,20.23
2026-09-28T20:20:58.640873,5,0.0,16520.0,32.7
2026-09-28T20:20:58.640873,6,94.0,9328.0,394.74
2026-09-28T20:20:58.640873,7,95.0,13106.0,400.51
2026-09-28T20:20:59.641652,4,0.0,20702.0,20.27
2026-09-28T20:20:59.641652,5,0.0,16520.0,32.55
2026-09-28T20:20:59.641652,6,80.0,9328.0,385.24
2026-09-28T20:20:59.641652,7,87.0,13106.0,393.64
2026-09-28T20:21:00.638529,4,0.0,20702.0,20.08
2026-09-28T20:21:00.638529,5,0.0,16520.0,32.47
2026-09-28T20:21:00.638529,6,76.0,9328.0,378.2
2026-09-28T20:21:00.638529,7,90.0,13106.0,405.14
2026-09-28T20:21:01.644832,4,0.0,20702.0,19.78
2026-09-28T20:21:01.644832,5,0.0,16520.0,32.63
2026-09-28T20:21:01.644832,6,93.0,9328.0,382.76
2026-09-28T20:21:01.644832,7,94.0,13106.0,396.81
2026-09-28T20:21:02.643871,4,0.0,20702.0,19.84
2026-09-28T20:21:02.643871,5,0.0,16520.0,32.61
2026-09-28T20:21:02.643871,6,94.0,9328.0,387.0
2026-09-28T20:21:02.643871,7,83.0,13106.0,397.13
2026-09-28T20:21:03.694492,4,0.0,20702.0,19.94
2026-09-28T20:21:03.694492,5,0.0,16520.0,32.37
2026-09-28T20:21:03.694492,6,86.0,9328.0,381.36
2026-09-28T20:21:03.694492,7,85.0,13106.0,398.19
2026-09-28T20:21:04.641091,4,0.0,20702.0,20.03
2026-09-28T20:21:04.641091,5,0.0,16520.0,32.17
2026-09-28T20:21:04.641091,6,89.0,9328.0,390.36
2026-09-28T20:21:04.641091,7,94.0,13106.0,406.87
2026-09-28T20:21:05.643130,4,0.0,20702.0,20.09
2026-09-28T20:21:05.643130,5,0.0,16520.0,32.06
2026-09-28T20:21:05.643130,6,94.0,9328.0,389.41
2026-09-28T20:21:05.643130,7,96.0,13106.0,401.62
2026-09-28T20:21:06.643133,4,0.0,20702.0,19.89
2026-09-28T20:21:06.643133,5,0.0,16520.0,31.84
2026-09-28T20:21:06.643133,6,83.0,9328.0,377.58
2026-09-28T20:21:06.643133,7,82.0,13106.0,403.54
2026-09-28T20:21:07.637609,4,0.0,20702.0,19.89
2026-09-28T20:21:07.637609,5,0.0,16520.0,31.64
2026-09-28T20:21:07.637609,6,78.0,9328.0,384.06
2026-09-28T20:21:07.637609,7,82.0,13106.0,403.87
2026-09-28T20:21:08.635052,4,0.0,20702.0,19.77
2026-09-28T20:21:08.635052,5,0.0,16520.0,31.51
2026-09-28T20:21:08.635052,6,92.0,9328.0,392.1
2026-09-28T20:21:08.635052,7,94.0,13106.0,400.23
2026-09-28T20:21:09.641466,4,0.0,20702.0,19.4
2026-09-28T20:21:09.641466,5,0.0,16520.0,31.52
2026-09-28T20:21:09.641466,6,95.0,9328.0,399.67
2026-09-28T20:21:09.641466,7,94.0,13106.0,396.21
2026-09-28T20:21:10.660163,4,0.0,20702.0,19.33
2026-09-28T20:21:10.660163,5,0.0,16520.0,31.63
2026-09-28T20:21:10.660163,6,84.0,9328.0,390.45
2026-09-28T20:21:10.660163,7,82.0,13106.0,406.9
2026-09-28T20:21:11.642486,4,0.0,20702.0,19.27
2026-09-28T20:21:11.642486,5,0.0,16520.0,31.72
2026-09-28T20:21:11.642486,6,79.0,9328.0,383.63
2026-09-28T20:21:11.642486,7,82.0,13106.0,403.18
2026-09-28T20:21:12.643582,4,0.0,20702.0,19.33
2026-09-28T20:21:12.643582,5,0.0,16520.0,31.69
2026-09-28T20:21:12.643582,6,93.0,9328.0,393.36
2026-09-28T20:21:12.643582,7,95.0,13106.0,393.38
2026-09-28T20:21:13.644202,4,0.0,20702.0,19.53
2026-09-28T20:21:13.644202,5,0.0,16520.0,31.62
2026-09-28T20:21:13.644202,6,94.0,9328.0,387.03
2026-09-28T20:21:13.644202,7,85.0,13106.0,396.05
2026-09-28T20:21:14.638902,4,0.0,20702.0,19.52
2026-09-28T20:21:14.638902,5,0.0,16520.0,31.66
2026-09-28T20:21:14.638902,6,81.0,9328.0,390.96
2026-09-28T20:21:14.638902,7,81.0,13106.0,401.06
2026-09-28T20:21:15.636890,4,0.0,20702.0,19.38
2026-09-28T20:21:15.636890,5,0.0,16520.0,31.62
2026-09-28T20:21:15.636890,6,80.0,9328.0,397.01
2026-09-28T20:21:15.636890,7,91.0,13106.0,391.32
2026-09-28T20:21:16.686213,4,0.0,20702.0,19.54
2026-09-28T20:21:16.686213,5,0.0,16520.0,31.43
2026-09-28T20:21:16.686213,6,95.0,9328.0,390.88
2026-09-28T20:21:16.686213,7,94.0,13106.0,401.56
2026-09-28T20:21:17.644863,4,0.0,20702.0,19.75
2026-09-28T20:21:17.644863,5,0.0,16520.0,31.25
2026-09-28T20:21:17.644863,6,96.0,9328.0,403.42
2026-09-28T20:21:17.644863,7,85.0,13106.0,387.41
2026-09-28T20:21:18.640805,4,0.0,20702.0,19.73
2026-09-28T20:21:18.640805,5,0.0,16520.0,31.34
2026-09-28T20:21:18.640805,6,81.0,9328.0,400.06
2026-09-28T20:21:18.640805,7,81.0,13106.0,404.09
2026-09-28T20:21:19.638506,4,73.0,20702.0,24.01
2026-09-28T20:21:19.638506,5,0.0,16520.0,31.44
2026-09-28T20:21:19.638506,6,39.0,9328.0,235.64
2026-09-28T20:21:19.638506,7,100.0,13106.0,238.85
2026-09-28T20:21:20.639346,4,95.0,20702.0,346.26
2026-09-28T20:21:20.639346,5,0.0,16520.0,31.37
2026-09-28T20:21:20.639346,6,0.0,9328.0,116.57
2026-09-28T20:21:20.639346,7,100.0,13106.0,141.33
2026-09-28T20:21:21.640886,4,65.0,20702.0,316.7
2026-09-28T20:21:21.640886,5,0.0,16520.0,31.53
2026-09-28T20:21:21.640886,6,0.0,9328.0,110.14
2026-09-28T20:21:21.640886,7,100.0,13106.0,140.38
2026-09-28T20:21:22.640725,4,64.0,20702.0,301.15
2026-09-28T20:21:22.640725,5,0.0,16520.0,31.48
2026-09-28T20:21:22.640725,6,0.0,9328.0,103.34
2026-09-28T20:21:22.640725,7,100.0,13106.0,139.93
2026-09-28T20:21:23.671733,4,65.0,20702.0,303.52
2026-09-28T20:21:23.671733,5,0.0,16520.0,31.37
2026-09-28T20:21:23.671733,6,0.0,9328.0,96.67
2026-09-28T20:21:23.671733,7,100.0,13106.0,139.09
2026-09-28T20:21:24.638226,4,66.0,20702.0,306.74
2026-09-28T20:21:24.638226,5,0.0,16520.0,31.33
2026-09-28T20:21:24.638226,6,0.0,9328.0,96.33
2026-09-28T20:21:24.638226,7,100.0,13106.0,138.8
2026-09-28T20:21:25.639252,4,72.0,20702.0,311.66
2026-09-28T20:21:25.639252,5,0.0,16520.0,31.25
2026-09-28T20:21:25.639252,6,0.0,9328.0,95.81
2026-09-28T20:21:25.639252,7,100.0,13106.0,138.41
2026-09-28T20:21:26.640887,4,67.0,20702.0,312.26
2026-09-28T20:21:26.640887,5,0.0,16520.0,31.1
2026-09-28T20:21:26.640887,6,0.0,9328.0,95.31
2026-09-28T20:21:26.640887,7,100.0,13106.0,138.04
2026-09-28T20:21:27.641982,4,69.0,20702.0,313.95
2026-09-28T20:21:27.641982,5,0.0,16520.0,30.68
2026-09-28T20:21:27.641982,6,0.0,9328.0,94.57
2026-09-28T20:21:27.641982,7,100.0,13106.0,137.77
2026-09-28T20:21:28.642067,4,76.0,20702.0,317.2
2026-09-28T20:21:28.642067,5,0.0,16520.0,30.7
2026-09-28T20:21:28.642067,6,0.0,9328.0,93.51
2026-09-28T20:21:28.642067,7,100.0,13106.0,137.13
2026-09-28T20:21:29.652422,4,69.0,20702.0,319.03
2026-09-28T20:21:29.652422,5,0.0,16520.0,31.08
2026-09-28T20:21:29.652422,6,0.0,9328.0,92.49
2026-09-28T20:21:29.652422,7,100.0,13106.0,136.49
2026-09-28T20:21:30.644190,4,76.0,20702.0,190.22
2026-09-28T20:21:30.644190,5,0.0,16520.0,31.28
2026-09-28T20:21:30.644190,6,0.0,9328.0,91.69
2026-09-28T20:21:30.644190,7,100.0,13106.0,135.41
2026-09-28T20:21:31.639104,4,77.0,20702.0,321.96
2026-09-28T20:21:31.639104,5,0.0,16520.0,31.15
2026-09-28T20:21:31.639104,6,0.0,9328.0,90.54
2026-09-28T20:21:31.639104,7,100.0,13106.0,134.86
2026-09-28T20:21:32.640173,4,70.0,20702.0,323.34
2026-09-28T20:21:32.640173,5,0.0,16520.0,31.02
2026-09-28T20:21:32.640173,6,0.0,9328.0,89.03
2026-09-28T20:21:32.640173,7,100.0,13106.0,134.23
2026-09-28T20:21:33.639568,4,78.0,20702.0,324.91
2026-09-28T20:21:33.639568,5,0.0,16520.0,31.41
2026-09-28T20:21:33.639568,6,0.0,9328.0,87.6
2026-09-28T20:21:33.639568,7,100.0,13106.0,133.36
2026-09-28T20:21:34.645873,4,78.0,20702.0,325.19
2026-09-28T20:21:34.645873,5,0.0,16520.0,31.6
2026-09-28T20:21:34.645873,6,0.0,9328.0,86.44
2026-09-28T20:21:34.645873,7,100.0,13106.0,132.8
2026-09-28T20:21:35.641499,4,78.0,20702.0,326.59
2026-09-28T20:21:35.641499,5,0.0,16520.0,31.28
2026-09-28T20:21:35.641499,6,0.0,9328.0,85.5
2026-09-28T20:21:35.641499,7,100.0,13106.0,131.91
2026-09-28T20:21:36.715874,4,72.0,20702.0,327.2
2026-09-28T20:21:36.715874,5,0.0,16520.0,30.96
2026-09-28T20:21:36.715874,6,0.0,9328.0,76.19
2026-09-28T20:21:36.715874,7,100.0,13106.0,130.93
2026-09-28T20:21:37.649201,4,77.0,20702.0,329.12
2026-09-28T20:21:37.649201,5,0.0,16520.0,30.86
2026-09-28T20:21:37.649201,6,0.0,9328.0,48.36
2026-09-28T20:21:37.649201,7,100.0,13106.0,130.33
2026-09-28T20:21:38.657668,4,79.0,20702.0,330.95
2026-09-28T20:21:38.657668,5,0.0,16520.0,30.92
2026-09-28T20:21:38.657668,6,0.0,9328.0,26.89
2026-09-28T20:21:38.657668,7,100.0,13106.0,128.96
2026-09-28T20:21:39.653779,4,76.0,20702.0,332.22
2026-09-28T20:21:39.653779,5,0.0,16520.0,30.87
2026-09-28T20:21:39.653779,6,0.0,9328.0,24.2
2026-09-28T20:21:39.653779,7,100.0,13106.0,127.95
2026-09-28T20:21:40.643418,4,76.0,20702.0,333.54
2026-09-28T20:21:40.643418,5,0.0,16520.0,30.87
2026-09-28T20:21:40.643418,6,0.0,9328.0,23.86
2026-09-28T20:21:40.643418,7,100.0,13106.0,126.96
2026-09-28T20:21:41.644703,4,79.0,20702.0,335.5
2026-09-28T20:21:41.644703,5,0.0,16520.0,30.75
2026-09-28T20:21:41.644703,6,0.0,9328.0,23.6
2026-09-28T20:21:41.644703,7,100.0,13106.0,126.54
2026-09-28T20:21:42.637418,4,80.0,20702.0,335.7
2026-09-28T20:21:42.637418,5,0.0,16520.0,30.72
2026-09-28T20:21:42.637418,6,0.0,9328.0,23.44
2026-09-28T20:21:42.637418,7,100.0,13106.0,126.18
2026-09-28T20:21:43.662237,4,83.0,20702.0,337.48
2026-09-28T20:21:43.662237,5,0.0,16520.0,30.85
2026-09-28T20:21:43.662237,6,0.0,9328.0,23.35
2026-09-28T20:21:43.662237,7,100.0,13106.0,125.37
2026-09-28T20:21:44.644407,4,83.0,20702.0,335.56
2026-09-28T20:21:44.644407,5,0.0,16520.0,30.82
2026-09-28T20:21:44.644407,6,0.0,9328.0,23.27
2026-09-28T20:21:44.644407,7,100.0,13106.0,125.16
2026-09-28T20:21:45.646040,4,81.0,20702.0,333.0
2026-09-28T20:21:45.646040,5,0.0,16520.0,30.85
2026-09-28T20:21:45.646040,6,0.0,9328.0,23.13
2026-09-28T20:21:45.646040,7,100.0,13106.0,124.68
2026-09-28T20:21:46.646395,4,83.0,20702.0,335.88
2026-09-28T20:21:46.646395,5,0.0,16520.0,30.81
2026-09-28T20:21:46.646395,6,0.0,9328.0,22.99
2026-09-28T20:21:46.646395,7,100.0,13106.0,124.34
2026-09-28T20:21:47.648628,4,83.0,20702.0,334.94
2026-09-28T20:21:47.648628,5,0.0,16520.0,30.78
2026-09-28T20:21:47.648628,6,0.0,9328.0,22.92
2026-09-28T20:21:47.648628,7,100.0,13106.0,123.9
2026-09-28T20:21:48.643279,4,80.0,20702.0,337.54
2026-09-28T20:21:48.643279,5,0.0,16520.0,31.1
2026-09-28T20:21:48.643279,6,0.0,9328.0,22.93
2026-09-28T20:21:48.643279,7,100.0,13106.0,123.72
2026-09-28T20:21:49.682175,4,84.0,20702.0,339.5
2026-09-28T20:21:49.682175,5,0.0,16520.0,31.24
2026-09-28T20:21:49.682175,6,0.0,9328.0,23.03
2026-09-28T20:21:49.682175,7,100.0,13106.0,123.48
2026-09-28T20:21:50.640366,4,84.0,20702.0,339.17
2026-09-28T20:21:50.640366,5,0.0,16520.0,31.07
2026-09-28T20:21:50.640366,6,0.0,9328.0,23.06
2026-09-28T20:21:50.640366,7,100.0,13106.0,123.28
2026-09-28T20:21:51.645406,4,49.0,20702.0,203.76
2026-09-28T20:21:51.645406,5,0.0,16520.0,30.97
2026-09-28T20:21:51.645406,6,0.0,9328.0,23.07
2026-09-28T20:21:51.645406,7,100.0,13106.0,122.87
2026-09-28T20:21:52.646907,4,83.0,20702.0,330.73
2026-09-28T20:21:52.646907,5,0.0,16520.0,30.98
2026-09-28T20:21:52.646907,6,0.0,9328.0,23.18
2026-09-28T20:21:52.646907,7,100.0,13106.0,122.67
2026-09-28T20:21:53.645553,4,84.0,20702.0,345.1
2026-09-28T20:21:53.645553,5,0.0,16520.0,30.97
2026-09-28T20:21:53.645553,6,0.0,9328.0,23.14
2026-09-28T20:21:53.645553,7,100.0,13106.0,122.11
2026-09-28T20:21:54.647224,4,85.0,20702.0,344.37
2026-09-28T20:21:54.647224,5,0.0,16520.0,30.85
2026-09-28T20:21:54.647224,6,0.0,9328.0,23.05
2026-09-28T20:21:54.647224,7,100.0,13106.0,121.41
2026-09-28T20:21:55.645955,4,84.0,20702.0,334.62
2026-09-28T20:21:55.645955,5,0.0,16520.0,30.89
2026-09-28T20:21:55.645955,6,0.0,9328.0,23.05
2026-09-28T20:21:55.645955,7,100.0,13106.0,120.75
2026-09-28T20:21:56.679351,4,86.0,20702.0,330.08
2026-09-28T20:21:56.679351,5,0.0,16520.0,31.0
2026-09-28T20:21:56.679351,6,0.0,9328.0,22.96
2026-09-28T20:21:56.679351,7,100.0,13106.0,120.03
2026-09-28T20:21:57.647868,4,88.0,20702.0,329.72
2026-09-28T20:21:57.647868,5,0.0,16520.0,30.93
2026-09-28T20:21:57.647868,6,0.0,9328.0,22.94
2026-09-28T20:21:57.647868,7,100.0,13106.0,118.29
2026-09-28T20:21:58.642121,4,87.0,20702.0,329.4
2026-09-28T20:21:58.642121,5,0.0,16520.0,30.82
2026-09-28T20:21:58.642121,6,0.0,9328.0,22.87
2026-09-28T20:21:58.642121,7,100.0,13106.0,117.98
2026-09-28T20:21:59.645375,4,88.0,20702.0,333.28
2026-09-28T20:21:59.645375,5,0.0,16520.0,30.6
2026-09-28T20:21:59.645375,6,0.0,9328.0,22.78
2026-09-28T20:21:59.645375,7,100.0,13106.0,118.32
2026-09-28T20:22:00.646361,4,88.0,20702.0,334.27
2026-09-28T20:22:00.646361,5,0.0,16520.0,30.56
2026-09-28T20:22:00.646361,6,0.0,9328.0,22.85
2026-09-28T20:22:00.646361,7,100.0,13106.0,117.96
2026-09-28T20:22:01.648083,4,87.0,20702.0,329.17
2026-09-28T20:22:01.648083,5,0.0,16520.0,30.73
2026-09-28T20:22:01.648083,6,0.0,9328.0,23.01
2026-09-28T20:22:01.648083,7,100.0,13106.0,117.7
2026-09-28T20:22:02.685974,4,88.0,20702.0,330.2
2026-09-28T20:22:02.685974,5,0.0,16520.0,30.71
2026-09-28T20:22:02.685974,6,0.0,9328.0,23.13
2026-09-28T20:22:02.685974,7,100.0,13106.0,117.46
2026-09-28T20:22:03.646099,4,88.0,20702.0,329.54
2026-09-28T20:22:03.646099,5,0.0,16520.0,30.83
2026-09-28T20:22:03.646099,6,0.0,9328.0,23.08
2026-09-28T20:22:03.646099,7,100.0,13106.0,117.11
2026-09-28T20:22:04.645622,4,88.0,20702.0,322.57
2026-09-28T20:22:04.645622,5,0.0,16520.0,31.15
2026-09-28T20:22:04.645622,6,0.0,9328.0,22.97
2026-09-28T20:22:04.645622,7,100.0,13106.0,116.96
2026-09-28T20:22:05.646187,4,89.0,20702.0,320.25
2026-09-28T20:22:05.646187,5,0.0,16520.0,31.25
2026-09-28T20:22:05.646187,6,0.0,9328.0,22.95
2026-09-28T20:22:05.646187,7,100.0,13106.0,116.8
2026-09-28T20:22:06.643619,4,90.0,20702.0,299.21
2026-09-28T20:22:06.643619,5,0.0,16520.0,31.13
2026-09-28T20:22:06.643619,6,0.0,9328.0,22.93
2026-09-28T20:22:06.643619,7,100.0,13106.0,116.34
2026-09-28T20:22:07.637697,4,0.0,20702.0,249.0
2026-09-28T20:22:07.637697,5,0.0,16520.0,31.16
2026-09-28T20:22:07.637697,6,10.0,9328.0,26.33
2026-09-28T20:22:07.637697,7,12.0,13106.0,114.28
2026-09-28T20:22:08.636297,4,0.0,20702.0,125.78
2026-09-28T20:22:08.636297,5,0.0,16520.0,31.19
2026-09-28T20:22:08.636297,6,12.0,9328.0,86.78
2026-09-28T20:22:08.636297,7,11.0,13106.0,107.31
2026-09-28T20:22:09.674464,4,0.0,20702.0,103.94
2026-09-28T20:22:09.674464,5,0.0,16520.0,31.22
2026-09-28T20:22:09.674464,6,12.0,9328.0,87.14
2026-09-28T20:22:09.674464,7,12.0,13106.0,100.61
2026-09-28T20:22:10.642469,4,0.0,20702.0,96.54
2026-09-28T20:22:10.642469,5,95.0,16520.0,95.54
2026-09-28T20:22:10.642469,6,1.0,9328.0,86.54
2026-09-28T20:22:10.642469,7,95.0,13106.0,95.04
2026-09-28T20:22:11.639761,4,0.0,20702.0,89.19
2026-09-28T20:22:11.639761,5,95.0,16520.0,452.42
2026-09-28T20:22:11.639761,6,0.0,9328.0,82.21
2026-09-28T20:22:11.639761,7,100.0,13106.0,114.33
2026-09-28T20:22:12.638442,4,0.0,20702.0,88.84
2026-09-28T20:22:12.638442,5,95.0,16520.0,447.4
2026-09-28T20:22:12.638442,6,0.0,9328.0,81.08
2026-09-28T20:22:12.638442,7,100.0,13106.0,114.41
2026-09-28T20:22:13.640927,4,0.0,20702.0,88.65
2026-09-28T20:22:13.640927,5,94.0,16520.0,448.62
2026-09-28T20:22:13.640927,6,0.0,9328.0,81.04
2026-09-28T20:22:13.640927,7,100.0,13106.0,114.12
2026-09-28T20:22:14.639839,4,0.0,20702.0,88.33
2026-09-28T20:22:14.639839,5,95.0,16520.0,446.95
2026-09-28T20:22:14.639839,6,0.0,9328.0,81.08
2026-09-28T20:22:14.639839,7,100.0,13106.0,113.9
2026-09-28T20:22:15.637624,4,0.0,20702.0,87.72
2026-09-28T20:22:15.637624,5,99.0,16520.0,448.92
2026-09-28T20:22:15.637624,6,0.0,9328.0,81.12
2026-09-28T20:22:15.637624,7,100.0,13106.0,113.86
2026-09-28T20:22:16.663846,4,0.0,20702.0,87.13
2026-09-28T20:22:16.663846,5,95.0,16520.0,448.71
2026-09-28T20:22:16.663846,6,0.0,9328.0,81.26
2026-09-28T20:22:16.663846,7,100.0,13106.0,113.81
2026-09-28T20:22:17.640794,4,0.0,20702.0,86.49
2026-09-28T20:22:17.640794,5,95.0,16520.0,449.24
2026-09-28T20:22:17.640794,6,0.0,9328.0,81.23
2026-09-28T20:22:17.640794,7,100.0,13106.0,113.57
2026-09-28T20:22:18.642212,4,0.0,20702.0,85.96
2026-09-28T20:22:18.642212,5,96.0,16520.0,446.64
2026-09-28T20:22:18.642212,6,0.0,9328.0,80.94
2026-09-28T20:22:18.642212,7,100.0,13106.0,113.6
2026-09-28T20:22:19.641662,4,0.0,20702.0,85.33
2026-09-28T20:22:19.641662,5,91.0,16520.0,445.99
2026-09-28T20:22:19.641662,6,0.0,9328.0,80.89
2026-09-28T20:22:19.641662,7,100.0,13106.0,113.66
2026-09-28T20:22:20.640762,4,0.0,20702.0,84.59
2026-09-28T20:22:20.640762,5,99.0,16520.0,448.14
2026-09-28T20:22:20.640762,6,0.0,9328.0,80.89
2026-09-28T20:22:20.640762,7,100.0,13106.0,113.58
2026-09-28T20:22:21.640202,4,0.0,20702.0,84.16
2026-09-28T20:22:21.640202,5,95.0,16520.0,448.41
2026-09-28T20:22:21.640202,6,0.0,9328.0,80.91
2026-09-28T20:22:21.640202,7,100.0,13106.0,113.09
2026-09-28T20:22:22.637595,4,0.0,20702.0,83.99
2026-09-28T20:22:22.637595,5,95.0,16520.0,448.99
2026-09-28T20:22:22.637595,6,0.0,9328.0,80.83
2026-09-28T20:22:22.637595,7,100.0,13106.0,112.92
2026-09-28T20:22:23.649630,4,0.0,20702.0,83.79
2026-09-28T20:22:23.649630,5,99.0,16520.0,448.05
2026-09-28T20:22:23.649630,6,0.0,9328.0,80.75
2026-09-28T20:22:23.649630,7,100.0,13106.0,112.69
2026-09-28T20:22:24.639529,4,0.0,20702.0,82.12
2026-09-28T20:22:24.639529,5,99.0,16520.0,450.02
2026-09-28T20:22:24.639529,6,0.0,9328.0,80.77
2026-09-28T20:22:24.639529,7,100.0,13106.0,112.59
2026-09-28T20:22:25.643707,4,0.0,20702.0,57.59
2026-09-28T20:22:25.643707,5,94.0,16520.0,447.7
2026-09-28T20:22:25.643707,6,0.0,9328.0,80.67
2026-09-28T20:22:25.643707,7,100.0,13106.0,112.77
2026-09-28T20:22:26.642497,4,0.0,20702.0,29.41
2026-09-28T20:22:26.642497,5,99.0,16520.0,449.07
2026-09-28T20:22:26.642497,6,0.0,9328.0,80.98
2026-09-28T20:22:26.642497,7,100.0,13106.0,113.22
2026-09-28T20:22:27.642217,4,0.0,20702.0,23.26
2026-09-28T20:22:27.642217,5,96.0,16520.0,447.18
2026-09-28T20:22:27.642217,6,0.0,9328.0,75.86
2026-09-28T20:22:27.642217,7,100.0,13106.0,113.04
2026-09-28T20:22:28.644086,4,0.0,20702.0,22.05
2026-09-28T20:22:28.644086,5,95.0,16520.0,446.26
2026-09-28T20:22:28.644086,6,0.0,9328.0,51.28
2026-09-28T20:22:28.644086,7,100.0,13106.0,112.92
2026-09-28T20:22:29.671194,4,0.0,20702.0,21.78
2026-09-28T20:22:29.671194,5,96.0,16520.0,449.26
2026-09-28T20:22:29.671194,6,0.0,9328.0,28.53
2026-09-28T20:22:29.671194,7,100.0,13106.0,112.94
2026-09-28T20:22:30.645263,4,0.0,20702.0,21.58
2026-09-28T20:22:30.645263,5,93.0,16520.0,447.61
2026-09-28T20:22:30.645263,6,0.0,9328.0,23.76
2026-09-28T20:22:30.645263,7,100.0,13106.0,112.88
2026-09-28T20:22:31.644224,4,0.0,20702.0,21.49
2026-09-28T20:22:31.644224,5,94.0,16520.0,448.21
2026-09-28T20:22:31.644224,6,0.0,9328.0,22.81
2026-09-28T20:22:31.644224,7,100.0,13106.0,112.64
2026-09-28T20:22:32.644225,4,0.0,20702.0,21.46
2026-09-28T20:22:32.644225,5,94.0,16520.0,448.51
2026-09-28T20:22:32.644225,6,0.0,9328.0,22.82
2026-09-28T20:22:32.644225,7,100.0,13106.0,112.38
2026-09-28T20:22:33.644289,4,0.0,20702.0,21.28
2026-09-28T20:22:33.644289,5,96.0,16520.0,448.5
2026-09-28T20:22:33.644289,6,0.0,9328.0,22.69
2026-09-28T20:22:33.644289,7,100.0,13106.0,112.67
2026-09-28T20:22:34.643568,4,0.0,20702.0,21.25
2026-09-28T20:22:34.643568,5,96.0,16520.0,449.95
2026-09-28T20:22:34.643568,6,0.0,9328.0,22.68
2026-09-28T20:22:34.643568,7,100.0,13106.0,112.56
2026-09-28T20:22:35.646187,4,0.0,20702.0,21.08
2026-09-28T20:22:35.646187,5,99.0,16520.0,449.37
2026-09-28T20:22:35.646187,6,0.0,9328.0,22.67
2026-09-28T20:22:35.646187,7,100.0,13106.0,112.42
2026-09-28T20:22:36.691905,4,0.0,20702.0,20.87
2026-09-28T20:22:36.691905,5,92.0,16520.0,447.91
2026-09-28T20:22:36.691905,6,0.0,9328.0,22.66
2026-09-28T20:22:36.691905,7,100.0,13106.0,112.47
2026-09-28T20:22:37.646262,4,0.0,20702.0,20.93
2026-09-28T20:22:37.646262,5,98.0,16520.0,442.7
2026-09-28T20:22:37.646262,6,0.0,9328.0,22.65
2026-09-28T20:22:37.646262,7,100.0,13106.0,112.29
2026-09-28T20:22:38.645361,4,0.0,20702.0,20.84
2026-09-28T20:22:38.645361,5,96.0,16520.0,447.7
2026-09-28T20:22:38.645361,6,0.0,9328.0,22.63
2026-09-28T20:22:38.645361,7,100.0,13106.0,112.19
2026-09-28T20:22:39.647243,4,0.0,20702.0,20.68
2026-09-28T20:22:39.647243,5,95.0,16520.0,447.57
2026-09-28T20:22:39.647243,6,0.0,9328.0,22.44
2026-09-28T20:22:39.647243,7,100.0,13106.0,112.13
2026-09-28T20:22:40.646249,4,0.0,20702.0,20.68
2026-09-28T20:22:40.646249,5,0.0,16520.0,292.59
2026-09-28T20:22:40.646249,6,80.0,9328.0,75.52
2026-09-28T20:22:40.646249,7,94.0,13106.0,184.42
2026-09-28T20:22:41.645239,4,0.0,20702.0,20.75
2026-09-28T20:22:41.645239,5,0.0,16520.0,175.48
2026-09-28T20:22:41.645239,6,93.0,9328.0,363.77
2026-09-28T20:22:41.645239,7,94.0,13106.0,360.9
2026-09-28T20:22:42.647377,4,0.0,20702.0,20.81
2026-09-28T20:22:42.647377,5,0.0,16520.0,119.62
2026-09-28T20:22:42.647377,6,95.0,9328.0,379.1
2026-09-28T20:22:42.647377,7,82.0,13106.0,353.01
2026-09-28T20:22:43.692607,4,0.0,20702.0,20.78
2026-09-28T20:22:43.692607,5,0.0,16520.0,112.1
2026-09-28T20:22:43.692607,6,82.0,9328.0,373.98
2026-09-28T20:22:43.692607,7,83.0,13106.0,363.04
2026-09-28T20:22:44.646172,4,0.0,20702.0,20.49
2026-09-28T20:22:44.646172,5,0.0,16520.0,104.7
2026-09-28T20:22:44.646172,6,79.0,9328.0,366.81
2026-09-28T20:22:44.646172,7,94.0,13106.0,380.37
2026-09-28T20:22:45.647282,4,0.0,20702.0,20.26
2026-09-28T20:22:45.647282,5,0.0,16520.0,104.41
2026-09-28T20:22:45.647282,6,91.0,9328.0,376.38
2026-09-28T20:22:45.647282,7,95.0,13106.0,367.43
2026-09-28T20:22:46.647284,4,0.0,20702.0,20.45
2026-09-28T20:22:46.647284,5,0.0,16520.0,103.97
2026-09-28T20:22:46.647284,6,95.0,9328.0,388.66
2026-09-28T20:22:46.647284,7,84.0,13106.0,369.65
2026-09-28T20:22:47.647267,4,0.0,20702.0,20.51
2026-09-28T20:22:47.647267,5,0.0,16520.0,103.46
2026-09-28T20:22:47.647267,6,92.0,9328.0,375.19
2026-09-28T20:22:47.647267,7,80.0,13106.0,376.4
2026-09-28T20:22:48.646981,4,0.0,20702.0,20.37
2026-09-28T20:22:48.646981,5,0.0,16520.0,102.77
2026-09-28T20:22:48.646981,6,91.0,9328.0,376.23
2026-09-28T20:22:48.646981,7,93.0,13106.0,368.16
2026-09-28T20:22:49.668529,4,0.0,20702.0,20.45
2026-09-28T20:22:49.668529,5,0.0,16520.0,102.06
2026-09-28T20:22:49.668529,6,81.0,9328.0,378.68
2026-09-28T20:22:49.668529,7,93.0,13106.0,372.01
2026-09-28T20:22:50.649672,4,0.0,20702.0,20.43
2026-09-28T20:22:50.649672,5,0.0,16520.0,101.41
2026-09-28T20:22:50.649672,6,96.0,9328.0,378.31
2026-09-28T20:22:50.649672,7,90.0,13106.0,382.79
2026-09-28T20:22:51.648044,4,0.0,20702.0,20.18
2026-09-28T20:22:51.648044,5,0.0,16520.0,100.77
2026-09-28T20:22:51.648044,6,95.0,9328.0,373.49
2026-09-28T20:22:51.648044,7,82.0,13106.0,379.94
2026-09-28T20:22:52.646589,4,0.0,20702.0,20.24
2026-09-28T20:22:52.646589,5,0.0,16520.0,99.98
2026-09-28T20:22:52.646589,6,84.0,9328.0,383.45
2026-09-28T20:22:52.646589,7,89.0,13106.0,371.2
2026-09-28T20:22:53.647421,4,0.0,20702.0,20.43
2026-09-28T20:22:53.647421,5,0.0,16520.0,99.14
2026-09-28T20:22:53.647421,6,80.0,9328.0,388.89
2026-09-28T20:22:53.647421,7,94.0,13106.0,386.15
2026-09-28T20:22:54.646191,4,0.0,20702.0,20.49
2026-09-28T20:22:54.646191,5,0.0,16520.0,98.36
2026-09-28T20:22:54.646191,6,91.0,9328.0,373.71
2026-09-28T20:22:54.646191,7,95.0,13106.0,380.0
2026-09-28T20:22:55.646552,4,0.0,20702.0,20.67
2026-09-28T20:22:55.646552,5,0.0,16520.0,97.83
2026-09-28T20:22:55.646552,6,86.0,9328.0,384.29
2026-09-28T20:22:55.646552,7,84.0,13106.0,382.93
2026-09-28T20:22:56.698271,4,0.0,20702.0,20.71
2026-09-28T20:22:56.698271,5,0.0,16520.0,97.37
2026-09-28T20:22:56.698271,6,86.0,9328.0,383.02
2026-09-28T20:22:56.698271,7,84.0,13106.0,384.52
2026-09-28T20:22:57.648821,4,0.0,20702.0,20.67
2026-09-28T20:22:57.648821,5,0.0,16520.0,95.49
2026-09-28T20:22:57.648821,6,87.0,9328.0,378.64
2026-09-28T20:22:57.648821,7,93.0,13106.0,389.98
2026-09-28T20:22:58.649478,4,0.0,20702.0,20.54
2026-09-28T20:22:58.649478,5,0.0,16520.0,70.04
2026-09-28T20:22:58.649478,6,94.0,9328.0,380.9
2026-09-28T20:22:58.649478,7,93.0,13106.0,374.37
2026-09-28T20:22:59.657096,4,0.0,20702.0,20.42
2026-09-28T20:22:59.657096,5,0.0,16520.0,40.94
2026-09-28T20:22:59.657096,6,96.0,9328.0,387.06
2026-09-28T20:22:59.657096,7,87.0,13106.0,381.69
2026-09-28T20:23:00.649226,4,0.0,20702.0,20.55
2026-09-28T20:23:00.649226,5,0.0,16520.0,35.4
2026-09-28T20:23:00.649226,6,81.0,9328.0,384.07
2026-09-28T20:23:00.649226,7,84.0,13106.0,374.43
2026-09-28T20:23:01.658574,4,0.0,20702.0,20.57
2026-09-28T20:23:01.658574,5,0.0,16520.0,34.57
2026-09-28T20:23:01.658574,6,81.0,9328.0,372.11
2026-09-28T20:23:01.658574,7,88.0,13106.0,390.34
2026-09-28T20:23:02.646992,4,0.0,20702.0,20.52
2026-09-28T20:23:02.646992,5,0.0,16520.0,33.77
2026-09-28T20:23:02.646992,6,93.0,9328.0,382.43
2026-09-28T20:23:02.646992,7,96.0,13106.0,390.08
2026-09-28T20:23:03.700300,4,0.0,20702.0,20.7
2026-09-28T20:23:03.700300,5,0.0,16520.0,33.14
2026-09-28T20:23:03.700300,6,95.0,9328.0,390.98
2026-09-28T20:23:03.700300,7,93.0,13106.0,383.27
2026-09-28T20:23:04.652356,4,0.0,20702.0,20.87
2026-09-28T20:23:04.652356,5,0.0,16520.0,32.8
2026-09-28T20:23:04.652356,6,87.0,9328.0,385.47
2026-09-28T20:23:04.652356,7,84.0,13106.0,374.18
2026-09-28T20:23:05.651941,4,0.0,20702.0,20.83
2026-09-28T20:23:05.651941,5,0.0,16520.0,32.69
2026-09-28T20:23:05.651941,6,85.0,9328.0,383.08
2026-09-28T20:23:05.651941,7,81.0,13106.0,366.99
2026-09-28T20:23:06.649337,4,0.0,20702.0,20.65
2026-09-28T20:23:06.649337,5,0.0,16520.0,32.55
2026-09-28T20:23:06.649337,6,88.0,9328.0,376.88
2026-09-28T20:23:06.649337,7,94.0,13106.0,392.38
2026-09-28T20:23:07.646942,4,0.0,20702.0,20.44
2026-09-28T20:23:07.646942,5,0.0,16520.0,32.53
2026-09-28T20:23:07.646942,6,97.0,9328.0,390.71
2026-09-28T20:23:07.646942,7,94.0,13106.0,391.1
2026-09-28T20:23:08.651920,4,0.0,20702.0,20.41
2026-09-28T20:23:08.651920,5,0.0,16520.0,32.5
2026-09-28T20:23:08.651920,6,94.0,9328.0,392.52
2026-09-28T20:23:08.651920,7,95.0,13106.0,388.35
2026-09-28T20:23:09.731261,4,0.0,20702.0,20.38
2026-09-28T20:23:09.731261,5,0.0,16520.0,32.41
2026-09-28T20:23:09.731261,6,83.0,9328.0,382.22
2026-09-28T20:23:09.731261,7,84.0,13106.0,385.21
2026-09-28T20:23:10.648044,4,0.0,20702.0,20.42
2026-09-28T20:23:10.648044,5,0.0,16520.0,32.24
2026-09-28T20:23:10.648044,6,84.0,9328.0,391.58
2026-09-28T20:23:10.648044,7,81.0,13106.0,382.59
2026-09-28T20:23:11.653502,4,0.0,20702.0,20.6
2026-09-28T20:23:11.653502,5,0.0,16520.0,32.03
2026-09-28T20:23:11.653502,6,91.0,9328.0,395.63
2026-09-28T20:23:11.653502,7,94.0,13106.0,385.58
2026-09-28T20:23:12.652942,4,0.0,20702.0,20.55
2026-09-28T20:23:12.652942,5,0.0,16520.0,31.94
2026-09-28T20:23:12.652942,6,97.0,9328.0,399.85
2026-09-28T20:23:12.652942,7,94.0,13106.0,380.83
2026-09-28T20:23:13.650526,4,0.0,20702.0,20.39
2026-09-28T20:23:13.650526,5,0.0,16520.0,31.78
2026-09-28T20:23:13.650526,6,95.0,9328.0,392.74
2026-09-28T20:23:13.650526,7,94.0,13106.0,385.42
2026-09-28T20:23:14.649374,4,0.0,20702.0,20.3
2026-09-28T20:23:14.649374,5,0.0,16520.0,31.75
2026-09-28T20:23:14.649374,6,81.0,9328.0,382.27
2026-09-28T20:23:14.649374,7,84.0,13106.0,376.86
2026-09-28T20:23:15.664688,4,0.0,20702.0,20.1
2026-09-28T20:23:15.664688,5,0.0,16520.0,31.91
2026-09-28T20:23:15.664688,6,84.0,9328.0,386.47
2026-09-28T20:23:15.664688,7,84.0,13106.0,393.33
2026-09-28T20:23:16.652978,4,0.0,20702.0,20.1
2026-09-28T20:23:16.652978,5,0.0,16520.0,31.85
2026-09-28T20:23:16.652978,6,89.0,9328.0,402.16
2026-09-28T20:23:16.652978,7,95.0,13106.0,403.37
2026-09-28T20:23:17.648195,4,0.0,20702.0,20.35
2026-09-28T20:23:17.648195,5,0.0,16520.0,31.58
2026-09-28T20:23:17.648195,6,94.0,9328.0,392.31
2026-09-28T20:23:17.648195,7,94.0,13106.0,395.73
2026-09-28T20:23:18.651091,4,0.0,20702.0,20.37
2026-09-28T20:23:18.651091,5,0.0,16520.0,31.41
2026-09-28T20:23:18.651091,6,95.0,9328.0,396.35
2026-09-28T20:23:18.651091,7,84.0,13106.0,378.9
2026-09-28T20:23:19.650753,4,0.0,20702.0,20.35
2026-09-28T20:23:19.650753,5,0.0,16520.0,31.47
2026-09-28T20:23:19.650753,6,80.0,9328.0,383.12
2026-09-28T20:23:19.650753,7,81.0,13106.0,392.75
2026-09-28T20:23:20.656567,4,0.0,20702.0,20.26
2026-09-28T20:23:20.656567,5,0.0,16520.0,31.59
2026-09-28T20:23:20.656567,6,80.0,9328.0,387.21
2026-09-28T20:23:20.656567,7,93.0,13106.0,398.15
2026-09-28T20:23:21.647990,4,0.0,20702.0,20.13
2026-09-28T20:23:21.647990,5,0.0,16520.0,31.9
2026-09-28T20:23:21.647990,6,93.0,9328.0,393.96
2026-09-28T20:23:21.647990,7,94.0,13106.0,392.89
2026-09-28T20:23:22.717319,4,0.0,20702.0,20.37
2026-09-28T20:23:22.717319,5,0.0,16520.0,31.74
2026-09-28T20:23:22.717319,6,95.0,9328.0,397.03
2026-09-28T20:23:22.717319,7,94.0,13106.0,397.5
2026-09-28T20:23:23.652864,4,0.0,20702.0,20.5
2026-09-28T20:23:23.652864,5,0.0,16520.0,31.4
2026-09-28T20:23:23.652864,6,85.0,9328.0,397.89
2026-09-28T20:23:23.652864,7,84.0,13106.0,377.66
2026-09-28T20:23:24.652888,4,0.0,20702.0,20.32
2026-09-28T20:23:24.652888,5,0.0,16520.0,31.45
2026-09-28T20:23:24.652888,6,82.0,9328.0,383.32
2026-09-28T20:23:24.652888,7,80.0,13106.0,387.48
2026-09-28T20:23:25.652257,4,0.0,20702.0,20.21
2026-09-28T20:23:25.652257,5,0.0,16520.0,31.38
2026-09-28T20:23:25.652257,6,88.0,9328.0,395.24
2026-09-28T20:23:25.652257,7,94.0,13106.0,386.48
2026-09-28T20:23:26.652561,4,0.0,20702.0,20.24
2026-09-28T20:23:26.652561,5,0.0,16520.0,31.25
2026-09-28T20:23:26.652561,6,96.0,9328.0,399.01
2026-09-28T20:23:26.652561,7,96.0,13106.0,403.74
2026-09-28T20:23:27.651787,4,0.0,20702.0,20.3
2026-09-28T20:23:27.651787,5,0.0,16520.0,31.38
2026-09-28T20:23:27.651787,6,94.0,9328.0,398.98
2026-09-28T20:23:27.651787,7,88.0,13106.0,405.59
2026-09-28T20:23:28.663263,4,0.0,20702.0,20.0
2026-09-28T20:23:28.663263,5,0.0,16520.0,31.51
2026-09-28T20:23:28.663263,6,83.0,9328.0,394.86
2026-09-28T20:23:28.663263,7,80.0,13106.0,379.14
2026-09-28T20:23:29.654422,4,0.0,20702.0,19.83
2026-09-28T20:23:29.654422,5,0.0,16520.0,31.38
2026-09-28T20:23:29.654422,6,81.0,9328.0,391.03
2026-09-28T20:23:29.654422,7,84.0,13106.0,397.95
2026-09-28T20:23:30.651896,4,0.0,20702.0,19.83
2026-09-28T20:23:30.651896,5,0.0,16520.0,31.23
2026-09-28T20:23:30.651896,6,92.0,9328.0,396.3
2026-09-28T20:23:30.651896,7,94.0,13106.0,401.96
2026-09-28T20:23:31.650374,4,0.0,20702.0,19.55
2026-09-28T20:23:31.650374,5,0.0,16520.0,30.94
2026-09-28T20:23:31.650374,6,95.0,9328.0,393.11
2026-09-28T20:23:31.650374,7,94.0,13106.0,385.98
2026-09-28T20:23:32.653016,4,0.0,20702.0,19.5
2026-09-28T20:23:32.653016,5,0.0,16520.0,31.02
2026-09-28T20:23:32.653016,6,88.0,9328.0,396.87
2026-09-28T20:23:32.653016,7,84.0,13106.0,382.89
2026-09-28T20:23:33.655635,4,0.0,20702.0,19.52
2026-09-28T20:23:33.655635,5,0.0,16520.0,31.18
2026-09-28T20:23:33.655635,6,88.0,9328.0,390.09
2026-09-28T20:23:33.655635,7,84.0,13106.0,395.14
2026-09-28T20:23:34.652371,4,0.0,20702.0,19.49
2026-09-28T20:23:34.652371,5,0.0,16520.0,31.06
2026-09-28T20:23:34.652371,6,80.0,9328.0,402.13
2026-09-28T20:23:34.652371,7,92.0,13106.0,390.12
2026-09-28T20:23:35.720537,4,0.0,20702.0,19.45
2026-09-28T20:23:35.720537,5,0.0,16520.0,31.11
2026-09-28T20:23:35.720537,6,95.0,9328.0,389.55
2026-09-28T20:23:35.720537,7,96.0,13106.0,392.2
2026-09-28T20:23:36.654980,4,0.0,20702.0,19.44
2026-09-28T20:23:36.654980,5,0.0,16520.0,31.17
2026-09-28T20:23:36.654980,6,94.0,9328.0,393.21
2026-09-28T20:23:36.654980,7,86.0,13106.0,406.86
2026-09-28T20:23:37.654499,4,0.0,20702.0,19.44
2026-09-28T20:23:37.654499,5,0.0,16520.0,31.19
2026-09-28T20:23:37.654499,6,83.0,9328.0,400.51
2026-09-28T20:23:37.654499,7,79.0,13106.0,383.2
2026-09-28T20:23:38.647496,4,0.0,20702.0,19.31
2026-09-28T20:23:38.647496,5,0.0,16520.0,31.36
2026-09-28T20:23:38.647496,6,0.0,9328.0,244.62
2026-09-28T20:23:38.647496,7,0.0,13106.0,230.43
2026-09-28T20:23:39.645821,4,96.0,20702.0,123.63
2026-09-28T20:23:39.645821,5,0.0,16520.0,31.36
2026-09-28T20:23:39.645821,6,0.0,9328.0,120.11
2026-09-28T20:23:39.645821,7,100.0,13106.0,142.26
2026-09-28T20:23:40.647503,4,62.0,20702.0,422.29
2026-09-28T20:23:40.647503,5,0.0,16520.0,31.25
2026-09-28T20:23:40.647503,6,0.0,9328.0,111.05
2026-09-28T20:23:40.647503,7,100.0,13106.0,138.57
2026-09-28T20:23:41.648539,4,63.0,20702.0,297.92
2026-09-28T20:23:41.648539,5,0.0,16520.0,31.47
2026-09-28T20:23:41.648539,6,0.0,9328.0,96.71
2026-09-28T20:23:41.648539,7,100.0,13106.0,138.02
2026-09-28T20:23:42.656888,4,64.0,20702.0,302.69
2026-09-28T20:23:42.656888,5,0.0,16520.0,31.3
2026-09-28T20:23:42.656888,6,0.0,9328.0,96.31
2026-09-28T20:23:42.656888,7,100.0,13106.0,137.38
2026-09-28T20:23:43.649643,4,64.0,20702.0,303.42
2026-09-28T20:23:43.649643,5,0.0,16520.0,31.18
2026-09-28T20:23:43.649643,6,0.0,9328.0,95.83
2026-09-28T20:23:43.649643,7,100.0,13106.0,136.99
2026-09-28T20:23:44.653403,4,72.0,20702.0,305.94
2026-09-28T20:23:44.653403,5,0.0,16520.0,31.3
2026-09-28T20:23:44.653403,6,0.0,9328.0,95.59
2026-09-28T20:23:44.653403,7,100.0,13106.0,136.49
2026-09-28T20:23:45.648123,4,66.0,20702.0,310.52
2026-09-28T20:23:45.648123,5,0.0,16520.0,30.84
2026-09-28T20:23:45.648123,6,0.0,9328.0,95.07
2026-09-28T20:23:45.648123,7,100.0,13106.0,136.03
2026-09-28T20:23:46.650930,4,72.0,20702.0,311.5
2026-09-28T20:23:46.650930,5,0.0,16520.0,30.58
2026-09-28T20:23:46.650930,6,0.0,9328.0,94.24
2026-09-28T20:23:46.650930,7,100.0,13106.0,135.22
2026-09-28T20:23:47.646520,4,72.0,20702.0,313.3
2026-09-28T20:23:47.646520,5,0.0,16520.0,30.87
2026-09-28T20:23:47.646520,6,0.0,9328.0,93.46
2026-09-28T20:23:47.646520,7,100.0,13106.0,134.53
2026-09-28T20:23:48.673107,4,71.0,20702.0,317.2
2026-09-28T20:23:48.673107,5,0.0,16520.0,31.06
2026-09-28T20:23:48.673107,6,0.0,9328.0,92.58
2026-09-28T20:23:48.673107,7,100.0,13106.0,133.71
2026-09-28T20:23:49.648010,4,21.0,20702.0,304.92
2026-09-28T20:23:49.648010,5,0.0,16520.0,30.77
2026-09-28T20:23:49.648010,6,0.0,9328.0,91.3
2026-09-28T20:23:49.648010,7,100.0,13106.0,132.96
2026-09-28T20:23:50.650038,4,71.0,20702.0,196.43
2026-09-28T20:23:50.650038,5,0.0,16520.0,30.73
2026-09-28T20:23:50.650038,6,0.0,9328.0,89.95
2026-09-28T20:23:50.650038,7,100.0,13106.0,132.38
2026-09-28T20:23:51.649339,4,73.0,20702.0,321.81
2026-09-28T20:23:51.649339,5,0.0,16520.0,30.95
2026-09-28T20:23:51.649339,6,0.0,9328.0,88.67
2026-09-28T20:23:51.649339,7,100.0,13106.0,131.68
2026-09-28T20:23:52.648030,4,73.0,20702.0,322.93
2026-09-28T20:23:52.648030,5,0.0,16520.0,30.95
2026-09-28T20:23:52.648030,6,0.0,9328.0,87.32
2026-09-28T20:23:52.648030,7,100.0,13106.0,131.02
2026-09-28T20:23:53.652069,4,73.0,20702.0,325.96
2026-09-28T20:23:53.652069,5,0.0,16520.0,30.7
2026-09-28T20:23:53.652069,6,0.0,9328.0,86.52
2026-09-28T20:23:53.652069,7,100.0,13106.0,130.01
2026-09-28T20:23:54.652166,4,77.0,20702.0,327.61
2026-09-28T20:23:54.652166,5,0.0,16520.0,30.55
2026-09-28T20:23:54.652166,6,0.0,9328.0,86.05
2026-09-28T20:23:54.652166,7,100.0,13106.0,129.32
2026-09-28T20:23:55.721839,4,77.0,20702.0,329.13
2026-09-28T20:23:55.721839,5,0.0,16520.0,30.66
2026-09-28T20:23:55.721839,6,0.0,9328.0,85.25
2026-09-28T20:23:55.721839,7,100.0,13106.0,128.59
2026-09-28T20:23:56.652291,4,78.0,20702.0,328.85
2026-09-28T20:23:56.652291,5,0.0,16520.0,30.74
2026-09-28T20:23:56.652291,6,0.0,9328.0,84.37
2026-09-28T20:23:56.652291,7,100.0,13106.0,127.94
2026-09-28T20:23:57.653601,4,78.0,20702.0,328.69
2026-09-28T20:23:57.653601,5,0.0,16520.0,30.85
2026-09-28T20:23:57.653601,6,0.0,9328.0,61.4
2026-09-28T20:23:57.653601,7,100.0,13106.0,127.25
2026-09-28T20:23:58.654518,4,79.0,20702.0,332.58
2026-09-28T20:23:58.654518,5,0.0,16520.0,30.81
2026-09-28T20:23:58.654518,6,0.0,9328.0,33.02
2026-09-28T20:23:58.654518,7,100.0,13106.0,126.92
2026-09-28T20:23:59.655531,4,75.0,20702.0,331.36
2026-09-28T20:23:59.655531,5,0.0,16520.0,30.81
2026-09-28T20:23:59.655531,6,0.0,9328.0,25.66
2026-09-28T20:23:59.655531,7,100.0,13106.0,126.47
2026-09-28T20:24:00.653295,4,79.0,20702.0,331.92
2026-09-28T20:24:00.653295,5,0.0,16520.0,31.0
2026-09-28T20:24:00.653295,6,0.0,9328.0,24.04
2026-09-28T20:24:00.653295,7,100.0,13106.0,126.36
2026-09-28T20:24:01.678034,4,81.0,20702.0,326.52
2026-09-28T20:24:01.678034,5,0.0,16520.0,30.96
2026-09-28T20:24:01.678034,6,0.0,9328.0,23.91
2026-09-28T20:24:01.678034,7,100.0,13106.0,126.06
2026-09-28T20:24:02.660914,4,81.0,20702.0,342.25
2026-09-28T20:24:02.660914,5,0.0,16520.0,30.56
2026-09-28T20:24:02.660914,6,0.0,9328.0,23.84
2026-09-28T20:24:02.660914,7,100.0,13106.0,125.3
2026-09-28T20:24:03.655346,4,82.0,20702.0,337.85
2026-09-28T20:24:03.655346,5,0.0,16520.0,30.54
2026-09-28T20:24:03.655346,6,0.0,9328.0,23.69
2026-09-28T20:24:03.655346,7,100.0,13106.0,124.72
2026-09-28T20:24:04.654619,4,77.0,20702.0,339.21
2026-09-28T20:24:04.654619,5,0.0,16520.0,30.75
2026-09-28T20:24:04.654619,6,0.0,9328.0,23.54
2026-09-28T20:24:04.654619,7,100.0,13106.0,124.43
2026-09-28T20:24:05.647195,4,77.0,20702.0,340.22
2026-09-28T20:24:05.647195,5,0.0,16520.0,30.94
2026-09-28T20:24:05.647195,6,0.0,9328.0,23.48
2026-09-28T20:24:05.647195,7,100.0,13106.0,123.8
2026-09-28T20:24:06.654246,4,78.0,20702.0,211.73
2026-09-28T20:24:06.654246,5,0.0,16520.0,31.23
2026-09-28T20:24:06.654246,6,0.0,9328.0,23.36
2026-09-28T20:24:06.654246,7,100.0,13106.0,123.42
2026-09-28T20:24:07.654217,4,83.0,20702.0,344.07
2026-09-28T20:24:07.654217,5,0.0,16520.0,30.97
2026-09-28T20:24:07.654217,6,0.0,9328.0,23.28
2026-09-28T20:24:07.654217,7,100.0,13106.0,122.68
2026-09-28T20:24:08.718624,4,80.0,20702.0,345.62
2026-09-28T20:24:08.718624,5,0.0,16520.0,30.61
2026-09-28T20:24:08.718624,6,0.0,9328.0,23.2
2026-09-28T20:24:08.718624,7,100.0,13106.0,122.54
2026-09-28T20:24:09.656741,4,83.0,20702.0,345.46
2026-09-28T20:24:09.656741,5,0.0,16520.0,30.59
2026-09-28T20:24:09.656741,6,0.0,9328.0,23.12
2026-09-28T20:24:09.656741,7,100.0,13106.0,122.34
2026-09-28T20:24:10.658307,4,84.0,20702.0,348.1
2026-09-28T20:24:10.658307,5,0.0,16520.0,30.69
2026-09-28T20:24:10.658307,6,0.0,9328.0,23.15
2026-09-28T20:24:10.658307,7,100.0,13106.0,121.94
2026-09-28T20:24:11.654351,4,84.0,20702.0,342.93
2026-09-28T20:24:11.654351,5,0.0,16520.0,30.62
2026-09-28T20:24:11.654351,6,0.0,9328.0,23.17
2026-09-28T20:24:11.654351,7,100.0,13106.0,121.11
2026-09-28T20:24:12.658102,4,82.0,20702.0,342.42
2026-09-28T20:24:12.658102,5,0.0,16520.0,30.61
2026-09-28T20:24:12.658102,6,0.0,9328.0,23.2
2026-09-28T20:24:12.658102,7,100.0,13106.0,120.85
2026-09-28T20:24:13.653036,4,82.0,20702.0,342.24
2026-09-28T20:24:13.653036,5,0.0,16520.0,30.51
2026-09-28T20:24:13.653036,6,0.0,9328.0,23.17
2026-09-28T20:24:13.653036,7,100.0,13106.0,120.49
2026-09-28T20:24:14.684869,4,87.0,20702.0,346.98
2026-09-28T20:24:14.684869,5,0.0,16520.0,30.52
2026-09-28T20:24:14.684869,6,0.0,9328.0,23.03
2026-09-28T20:24:14.684869,7,100.0,13106.0,118.83
2026-09-28T20:24:15.659241,4,82.0,20702.0,349.18
2026-09-28T20:24:15.659241,5,0.0,16520.0,30.91
2026-09-28T20:24:15.659241,6,0.0,9328.0,22.98
2026-09-28T20:24:15.659241,7,100.0,13106.0,117.82
2026-09-28T20:24:16.658618,4,82.0,20702.0,350.47
2026-09-28T20:24:16.658618,5,0.0,16520.0,30.92
2026-09-28T20:24:16.658618,6,0.0,9328.0,22.96
2026-09-28T20:24:16.658618,7,100.0,13106.0,117.46
2026-09-28T20:24:17.652810,4,88.0,20702.0,359.71
2026-09-28T20:24:17.652810,5,0.0,16520.0,30.99
2026-09-28T20:24:17.652810,6,0.0,9328.0,22.9
2026-09-28T20:24:17.652810,7,100.0,13106.0,118.05
2026-09-28T20:24:18.653038,4,87.0,20702.0,335.62
2026-09-28T20:24:18.653038,5,0.0,16520.0,31.07
2026-09-28T20:24:18.653038,6,0.0,9328.0,22.78
2026-09-28T20:24:18.653038,7,100.0,13106.0,117.43
2026-09-28T20:24:19.656775,4,84.0,20702.0,356.75
2026-09-28T20:24:19.656775,5,0.0,16520.0,31.13
2026-09-28T20:24:19.656775,6,0.0,9328.0,22.69
2026-09-28T20:24:19.656775,7,100.0,13106.0,117.27
2026-09-28T20:24:20.659856,4,83.0,20702.0,355.28
2026-09-28T20:24:20.659856,5,0.0,16520.0,31.16
2026-09-28T20:24:20.659856,6,0.0,9328.0,22.81
2026-09-28T20:24:20.659856,7,100.0,13106.0,116.84
2026-09-28T20:24:21.698040,4,84.0,20702.0,359.11
2026-09-28T20:24:21.698040,5,0.0,16520.0,30.97
2026-09-28T20:24:21.698040,6,0.0,9328.0,22.91
2026-09-28T20:24:21.698040,7,100.0,13106.0,116.42
2026-09-28T20:24:22.664257,4,88.0,20702.0,361.61
2026-09-28T20:24:22.664257,5,0.0,16520.0,30.83
2026-09-28T20:24:22.664257,6,0.0,9328.0,22.94
2026-09-28T20:24:22.664257,7,100.0,13106.0,116.36
2026-09-28T20:24:23.659282,4,82.0,20702.0,361.7
2026-09-28T20:24:23.659282,5,0.0,16520.0,30.9
2026-09-28T20:24:23.659282,6,0.0,9328.0,22.87
2026-09-28T20:24:23.659282,7,100.0,13106.0,115.94
2026-09-28T20:24:24.664484,4,85.0,20702.0,371.76
2026-09-28T20:24:24.664484,5,0.0,16520.0,30.88
2026-09-28T20:24:24.664484,6,0.0,9328.0,22.75
2026-09-28T20:24:24.664484,7,100.0,13106.0,115.74
2026-09-28T20:24:25.659530,4,88.0,20702.0,361.69
2026-09-28T20:24:25.659530,5,0.0,16520.0,30.65
2026-09-28T20:24:25.659530,6,0.0,9328.0,22.68
2026-09-28T20:24:25.659530,7,100.0,13106.0,115.35
2026-09-28T20:24:26.675022,4,85.0,20702.0,359.54
2026-09-28T20:24:26.675022,5,0.0,16520.0,30.68
2026-09-28T20:24:26.675022,6,0.0,9328.0,22.66
2026-09-28T20:24:26.675022,7,100.0,13106.0,115.04
2026-09-28T20:24:27.704673,4,86.0,20702.0,359.96
2026-09-28T20:24:27.704673,5,0.0,16520.0,30.85
2026-09-28T20:24:27.704673,6,0.0,9328.0,22.61
2026-09-28T20:24:27.704673,7,100.0,13106.0,114.99
2026-09-28T20:24:28.672582,4,85.0,20702.0,363.97
2026-09-28T20:24:28.672582,5,0.0,16520.0,30.8
2026-09-28T20:24:28.672582,6,0.0,9328.0,22.49
2026-09-28T20:24:28.672582,7,100.0,13106.0,114.87
2026-09-28T20:24:29.659555,4,87.0,20702.0,363.08
2026-09-28T20:24:29.659555,5,0.0,16520.0,30.55
2026-09-28T20:24:29.659555,6,0.0,9328.0,22.42
2026-09-28T20:24:29.659555,7,100.0,13106.0,114.6
2026-09-28T20:24:30.656811,4,87.0,20702.0,363.51
2026-09-28T20:24:30.656811,5,0.0,16520.0,30.29
2026-09-28T20:24:30.656811,6,0.0,9328.0,22.4
2026-09-28T20:24:30.656811,7,100.0,13106.0,114.66
2026-09-28T20:24:31.661070,4,88.0,20702.0,361.16
2026-09-28T20:24:31.661070,5,0.0,16520.0,30.27
2026-09-28T20:24:31.661070,6,0.0,9328.0,22.42
2026-09-28T20:24:31.661070,7,100.0,13106.0,114.27
2026-09-28T20:24:32.652180,4,87.0,20702.0,356.07
2026-09-28T20:24:32.652180,5,0.0,16520.0,30.35
2026-09-28T20:24:32.652180,6,0.0,9328.0,22.34
2026-09-28T20:24:32.652180,7,100.0,13106.0,113.52
2026-09-28T20:24:33.654460,4,86.0,20702.0,349.09
2026-09-28T20:24:33.654460,5,0.0,16520.0,30.49
2026-09-28T20:24:33.654460,6,0.0,9328.0,22.16
2026-09-28T20:24:33.654460,7,100.0,13106.0,113.25
2026-09-28T20:24:34.674560,4,87.0,20702.0,346.99
2026-09-28T20:24:34.674560,5,0.0,16520.0,30.57
2026-09-28T20:24:34.674560,6,0.0,9328.0,22.16
2026-09-28T20:24:34.674560,7,100.0,13106.0,113.2
2026-09-28T20:24:35.659515,4,89.0,20702.0,348.59
2026-09-28T20:24:35.659515,5,0.0,16520.0,30.5
2026-09-28T20:24:35.659515,6,0.0,9328.0,22.31
2026-09-28T20:24:35.659515,7,100.0,13106.0,113.42
2026-09-28T20:24:36.656498,4,89.0,20702.0,351.53
2026-09-28T20:24:36.656498,5,0.0,16520.0,30.47
2026-09-28T20:24:36.656498,6,0.0,9328.0,22.44
2026-09-28T20:24:36.656498,7,100.0,13106.0,113.02
2026-09-28T20:24:37.656075,4,90.0,20702.0,352.49
2026-09-28T20:24:37.656075,5,0.0,16520.0,30.46
2026-09-28T20:24:37.656075,6,0.0,9328.0,22.4
2026-09-28T20:24:37.656075,7,100.0,13106.0,113.3
2026-09-28T20:24:38.657384,4,88.0,20702.0,347.28
2026-09-28T20:24:38.657384,5,0.0,16520.0,30.52
2026-09-28T20:24:38.657384,6,0.0,9328.0,22.35
2026-09-28T20:24:38.657384,7,100.0,13106.0,113.42
2026-09-28T20:24:39.657520,4,88.0,20702.0,339.41
2026-09-28T20:24:39.657520,5,0.0,16520.0,30.66
2026-09-28T20:24:39.657520,6,0.0,9328.0,22.24
2026-09-28T20:24:39.657520,7,100.0,13106.0,113.3
2026-09-28T20:24:40.719505,4,89.0,20702.0,332.08
2026-09-28T20:24:40.719505,5,0.0,16520.0,30.67
2026-09-28T20:24:40.719505,6,0.0,9328.0,22.17
2026-09-28T20:24:40.719505,7,100.0,13106.0,113.06
2026-09-28T20:24:41.656904,4,89.0,20702.0,329.71
2026-09-28T20:24:41.656904,5,0.0,16520.0,30.4
2026-09-28T20:24:41.656904,6,0.0,9328.0,22.22
2026-09-28T20:24:41.656904,7,100.0,13106.0,112.89
2026-09-28T20:24:42.656614,4,90.0,20702.0,317.51
2026-09-28T20:24:42.656614,5,0.0,16520.0,30.22
2026-09-28T20:24:42.656614,6,0.0,9328.0,22.21
2026-09-28T20:24:42.656614,7,100.0,13106.0,112.89
2026-09-28T20:24:43.655075,4,90.0,20702.0,299.42
2026-09-28T20:24:43.655075,5,0.0,16520.0,30.3
2026-09-28T20:24:43.655075,6,0.0,9328.0,22.1
2026-09-28T20:24:43.655075,7,100.0,13106.0,112.75
2026-09-28T20:24:44.656741,4,90.0,20702.0,300.94
2026-09-28T20:24:44.656741,5,0.0,16520.0,30.5
2026-09-28T20:24:44.656741,6,0.0,9328.0,22.11
2026-09-28T20:24:44.656741,7,100.0,13106.0,112.74
2026-09-28T20:24:45.655129,4,90.0,20702.0,301.59
2026-09-28T20:24:45.655129,5,0.0,16520.0,30.63
2026-09-28T20:24:45.655129,6,0.0,9328.0,22.25
2026-09-28T20:24:45.655129,7,100.0,13106.0,112.62
2026-09-28T20:24:46.667287,4,91.0,20702.0,295.35
2026-09-28T20:24:46.667287,5,0.0,16520.0,30.6
2026-09-28T20:24:46.667287,6,0.0,9328.0,22.2
2026-09-28T20:24:46.667287,7,100.0,13106.0,112.45
2026-09-28T20:24:47.665756,4,91.0,20702.0,283.48
2026-09-28T20:24:47.665756,5,0.0,16520.0,30.48
2026-09-28T20:24:47.665756,6,0.0,9328.0,22.24
2026-09-28T20:24:47.665756,7,100.0,13106.0,112.75
2026-09-28T20:24:48.650886,4,0.0,20702.0,159.19
2026-09-28T20:24:48.650886,5,0.0,16520.0,30.45
2026-09-28T20:24:48.650886,6,12.0,9328.0,50.57
2026-09-28T20:24:48.650886,7,12.0,13106.0,107.74
2026-09-28T20:24:49.652719,4,0.0,20702.0,128.68
2026-09-28T20:24:49.652719,5,0.0,16520.0,30.61
2026-09-28T20:24:49.652719,6,12.0,9328.0,85.12
2026-09-28T20:24:49.652719,7,12.0,13106.0,104.88
2026-09-28T20:24:50.650354,4,0.0,20702.0,108.35
2026-09-28T20:24:50.650354,5,0.0,16520.0,30.67
2026-09-28T20:24:50.650354,6,12.0,9328.0,85.05
2026-09-28T20:24:50.650354,7,12.0,13106.0,93.55
2026-09-28T20:24:51.649839,4,0.0,20702.0,101.5
2026-09-28T20:24:51.649839,5,0.0,16520.0,30.78
2026-09-28T20:24:51.649839,6,100.0,9328.0,89.53
2026-09-28T20:24:51.649839,7,12.0,13106.0,90.51
2026-09-28T20:24:52.650719,4,0.0,20702.0,94.68
2026-09-28T20:24:52.650719,5,95.0,16520.0,174.31
2026-09-28T20:24:52.650719,6,0.0,9328.0,100.39
2026-09-28T20:24:52.650719,7,100.0,13106.0,96.96
2026-09-28T20:24:53.681341,4,0.0,20702.0,94.19
2026-09-28T20:24:53.681341,5,94.0,16520.0,449.23
2026-09-28T20:24:53.681341,6,0.0,9328.0,93.4
2026-09-28T20:24:53.681341,7,100.0,13106.0,112.29
2026-09-28T20:24:54.650246,4,0.0,20702.0,93.76
2026-09-28T20:24:54.650246,5,99.0,16520.0,448.8
2026-09-28T20:24:54.650246,6,0.0,9328.0,89.78
2026-09-28T20:24:54.650246,7,100.0,13106.0,112.27
2026-09-28T20:24:55.651919,4,0.0,20702.0,93.11
2026-09-28T20:24:55.651919,5,94.0,16520.0,448.62
2026-09-28T20:24:55.651919,6,0.0,9328.0,84.16
2026-09-28T20:24:55.651919,7,100.0,13106.0,112.22
2026-09-28T20:24:56.649836,4,0.0,20702.0,92.46
2026-09-28T20:24:56.649836,5,92.0,16520.0,447.33
2026-09-28T20:24:56.649836,6,0.0,9328.0,78.73
2026-09-28T20:24:56.649836,7,100.0,13106.0,111.79
2026-09-28T20:24:57.648719,4,0.0,20702.0,91.96
2026-09-28T20:24:57.648719,5,95.0,16520.0,449.36
2026-09-28T20:24:57.648719,6,0.0,9328.0,78.95
2026-09-28T20:24:57.648719,7,100.0,13106.0,112.14
2026-09-28T20:24:58.652996,4,0.0,20702.0,91.37
2026-09-28T20:24:58.652996,5,95.0,16520.0,448.16
2026-09-28T20:24:58.652996,6,0.0,9328.0,79.17
2026-09-28T20:24:58.652996,7,100.0,13106.0,112.14
2026-09-28T20:24:59.651126,4,0.0,20702.0,90.49
2026-09-28T20:24:59.651126,5,94.0,16520.0,450.53
2026-09-28T20:24:59.651126,6,0.0,9328.0,79.23
2026-09-28T20:24:59.651126,7,100.0,13106.0,112.13
2026-09-28T20:25:00.686975,4,0.0,20702.0,89.65
2026-09-28T20:25:00.686975,5,96.0,16520.0,449.56
2026-09-28T20:25:00.686975,6,0.0,9328.0,79.28
2026-09-28T20:25:00.686975,7,100.0,13106.0,112.08
2026-09-28T20:25:01.651415,4,0.0,20702.0,88.89
2026-09-28T20:25:01.651415,5,95.0,16520.0,448.93
2026-09-28T20:25:01.651415,6,0.0,9328.0,79.38
2026-09-28T20:25:01.651415,7,100.0,13106.0,112.33
2026-09-28T20:25:02.650715,4,0.0,20702.0,87.95
2026-09-28T20:25:02.650715,5,86.0,16520.0,444.9
2026-09-28T20:25:02.650715,6,0.0,9328.0,79.51
2026-09-28T20:25:02.650715,7,100.0,13106.0,112.21
2026-09-28T20:25:03.655153,4,0.0,20702.0,86.96
2026-09-28T20:25:03.655153,5,99.0,16520.0,446.46
2026-09-28T20:25:03.655153,6,0.0,9328.0,79.35
2026-09-28T20:25:03.655153,7,100.0,13106.0,112.34
2026-09-28T20:25:04.653199,4,0.0,20702.0,85.83
2026-09-28T20:25:04.653199,5,95.0,16520.0,448.14
2026-09-28T20:25:04.653199,6,0.0,9328.0,78.98
2026-09-28T20:25:04.653199,7,100.0,13106.0,112.36
2026-09-28T20:25:05.654278,4,0.0,20702.0,73.31
2026-09-28T20:25:05.654278,5,95.0,16520.0,447.06
2026-09-28T20:25:05.654278,6,0.0,9328.0,78.85
2026-09-28T20:25:05.654278,7,100.0,13106.0,112.59
2026-09-28T20:25:06.662383,4,0.0,20702.0,47.89
2026-09-28T20:25:06.662383,5,92.0,16520.0,446.5
2026-09-28T20:25:06.662383,6,0.0,9328.0,78.79
2026-09-28T20:25:06.662383,7,100.0,13106.0,112.75
2026-09-28T20:25:07.696051,4,0.0,20702.0,28.99
2026-09-28T20:25:07.696051,5,95.0,16520.0,448.33
2026-09-28T20:25:07.696051,6,0.0,9328.0,78.64
2026-09-28T20:25:07.696051,7,100.0,13106.0,112.66
2026-09-28T20:25:08.656573,4,0.0,20702.0,23.45
2026-09-28T20:25:08.656573,5,99.0,16520.0,449.11
2026-09-28T20:25:08.656573,6,0.0,9328.0,78.6
2026-09-28T20:25:08.656573,7,100.0,13106.0,112.36
2026-09-28T20:25:09.658800,4,0.0,20702.0,23.09
2026-09-28T20:25:09.658800,5,99.0,16520.0,449.69
2026-09-28T20:25:09.658800,6,0.0,9328.0,78.54
2026-09-28T20:25:09.658800,7,100.0,13106.0,112.36
2026-09-28T20:25:10.660924,4,0.0,20702.0,22.56
2026-09-28T20:25:10.660924,5,95.0,16520.0,447.89
2026-09-28T20:25:10.660924,6,0.0,9328.0,57.5
2026-09-28T20:25:10.660924,7,100.0,13106.0,112.54
2026-09-28T20:25:11.655550,4,0.0,20702.0,22.08
2026-09-28T20:25:11.655550,5,96.0,16520.0,448.92
2026-09-28T20:25:11.655550,6,0.0,9328.0,31.62
2026-09-28T20:25:11.655550,7,100.0,13106.0,112.32
2026-09-28T20:25:12.657503,4,0.0,20702.0,21.9
2026-09-28T20:25:12.657503,5,99.0,16520.0,450.21
2026-09-28T20:25:12.657503,6,0.0,9328.0,24.33
2026-09-28T20:25:12.657503,7,100.0,13106.0,112.56
2026-09-28T20:25:13.656401,4,0.0,20702.0,21.79
2026-09-28T20:25:13.656401,5,99.0,16520.0,450.64
2026-09-28T20:25:13.656401,6,0.0,9328.0,21.9
2026-09-28T20:25:13.656401,7,100.0,13106.0,112.76
2026-09-28T20:25:14.695163,4,0.0,20702.0,21.55
2026-09-28T20:25:14.695163,5,99.0,16520.0,450.21
2026-09-28T20:25:14.695163,6,0.0,9328.0,21.83
2026-09-28T20:25:14.695163,7,100.0,13106.0,112.55
2026-09-28T20:25:15.655182,4,0.0,20702.0,21.4
2026-09-28T20:25:15.655182,5,99.0,16520.0,450.31
2026-09-28T20:25:15.655182,6,0.0,9328.0,21.88
2026-09-28T20:25:15.655182,7,100.0,13106.0,112.47
2026-09-28T20:25:16.654601,4,0.0,20702.0,21.22
2026-09-28T20:25:16.654601,5,92.0,16520.0,448.17
2026-09-28T20:25:16.654601,6,0.0,9328.0,21.85
2026-09-28T20:25:16.654601,7,100.0,13106.0,112.21
2026-09-28T20:25:17.656593,4,0.0,20702.0,21.06
2026-09-28T20:25:17.656593,5,99.0,16520.0,450.1
2026-09-28T20:25:17.656593,6,0.0,9328.0,21.84
2026-09-28T20:25:17.656593,7,100.0,13106.0,112.05
2026-09-28T20:25:18.658013,4,0.0,20702.0,21.17
2026-09-28T20:25:18.658013,5,97.0,16520.0,450.11
2026-09-28T20:25:18.658013,6,0.0,9328.0,22.0
2026-09-28T20:25:18.658013,7,100.0,13106.0,112.25
2026-09-28T20:25:19.654527,4,0.0,20702.0,21.26
2026-09-28T20:25:19.654527,5,99.0,16520.0,449.29
2026-09-28T20:25:19.654527,6,0.0,9328.0,22.1
2026-09-28T20:25:19.654527,7,100.0,13106.0,112.04
2026-09-28T20:25:20.667596,4,0.0,20702.0,21.21
2026-09-28T20:25:20.667596,5,99.0,16520.0,450.3
2026-09-28T20:25:20.667596,6,0.0,9328.0,22.06
2026-09-28T20:25:20.667596,7,100.0,13106.0,111.89
2026-09-28T20:25:21.662779,4,0.0,20702.0,21.22
2026-09-28T20:25:21.662779,5,99.0,16520.0,450.21
2026-09-28T20:25:21.662779,6,0.0,9328.0,21.89
2026-09-28T20:25:21.662779,7,100.0,13106.0,112.25
2026-09-28T20:25:22.655754,4,0.0,20702.0,21.27
2026-09-28T20:25:22.655754,5,99.0,16520.0,449.64
2026-09-28T20:25:22.655754,6,0.0,9328.0,21.83
2026-09-28T20:25:22.655754,7,100.0,13106.0,112.36
2026-09-28T20:25:23.655547,4,0.0,20702.0,21.32
2026-09-28T20:25:23.655547,5,95.0,16520.0,450.02
2026-09-28T20:25:23.655547,6,0.0,9328.0,21.98
2026-09-28T20:25:23.655547,7,100.0,13106.0,112.1
2026-09-28T20:25:24.655758,4,0.0,20702.0,21.2
2026-09-28T20:25:24.655758,5,95.0,16520.0,449.5
2026-09-28T20:25:24.655758,6,0.0,9328.0,22.05
2026-09-28T20:25:24.655758,7,100.0,13106.0,111.94
2026-09-28T20:25:25.656391,4,0.0,20702.0,21.02
2026-09-28T20:25:25.656391,5,100.0,16520.0,450.58
2026-09-28T20:25:25.656391,6,0.0,9328.0,21.98
2026-09-28T20:25:25.656391,7,100.0,13106.0,112.15
2026-09-28T20:25:26.657797,4,0.0,20702.0,21.02
2026-09-28T20:25:26.657797,5,99.0,16520.0,448.52
2026-09-28T20:25:26.657797,6,0.0,9328.0,21.94
2026-09-28T20:25:26.657797,7,100.0,13106.0,112.44
2026-09-28T20:25:27.704000,4,0.0,20702.0,21.04
2026-09-28T20:25:27.704000,5,94.0,16520.0,449.66
2026-09-28T20:25:27.704000,6,0.0,9328.0,21.92
2026-09-28T20:25:27.704000,7,100.0,13106.0,112.54
2026-09-28T20:25:28.656920,4,0.0,20702.0,21.14
2026-09-28T20:25:28.656920,5,95.0,16520.0,451.63
2026-09-28T20:25:28.656920,6,0.0,9328.0,21.86
2026-09-28T20:25:28.656920,7,100.0,13106.0,112.18
2026-09-28T20:25:29.657482,4,0.0,20702.0,21.14
2026-09-28T20:25:29.657482,5,0.0,16520.0,280.42
2026-09-28T20:25:29.657482,6,88.0,9328.0,69.2
2026-09-28T20:25:29.657482,7,93.0,13106.0,198.22
2026-09-28T20:25:30.660281,4,0.0,20702.0,21.05
2026-09-28T20:25:30.660281,5,0.0,16520.0,162.02
2026-09-28T20:25:30.660281,6,91.0,9328.0,322.61
2026-09-28T20:25:30.660281,7,87.0,13106.0,398.49
2026-09-28T20:25:31.660449,4,0.0,20702.0,21.05
2026-09-28T20:25:31.660449,5,0.0,16520.0,121.36
2026-09-28T20:25:31.660449,6,96.0,9328.0,326.67
2026-09-28T20:25:31.660449,7,97.0,13106.0,406.0
2026-09-28T20:25:32.658247,4,0.0,20702.0,21.11
2026-09-28T20:25:32.658247,5,0.0,16520.0,114.46
2026-09-28T20:25:32.658247,6,86.0,9328.0,341.14
2026-09-28T20:25:32.658247,7,90.0,13106.0,397.03
2026-09-28T20:25:33.657191,4,0.0,20702.0,21.3
2026-09-28T20:25:33.657191,5,0.0,16520.0,107.81
2026-09-28T20:25:33.657191,6,97.0,9328.0,379.07
2026-09-28T20:25:33.657191,7,97.0,13106.0,404.1
2026-09-28T20:25:34.700371,4,0.0,20702.0,21.36
2026-09-28T20:25:34.700371,5,0.0,16520.0,107.26
2026-09-28T20:25:34.700371,6,96.0,9328.0,340.2
2026-09-28T20:25:34.700371,7,97.0,13106.0,406.45
2026-09-28T20:25:35.661489,4,0.0,20702.0,21.2
2026-09-28T20:25:35.661489,5,0.0,16520.0,106.63
2026-09-28T20:25:35.661489,6,84.0,9328.0,320.45
2026-09-28T20:25:35.661489,7,84.0,13106.0,409.54
2026-09-28T20:25:36.659939,4,0.0,20702.0,21.1
2026-09-28T20:25:36.659939,5,0.0,16520.0,106.15
2026-09-28T20:25:36.659939,6,97.0,9328.0,348.86
2026-09-28T20:25:36.659939,7,96.0,13106.0,397.33
2026-09-28T20:25:37.660665,4,0.0,20702.0,20.99
2026-09-28T20:25:37.660665,5,0.0,16520.0,105.53
2026-09-28T20:25:37.660665,6,82.0,9328.0,350.88
2026-09-28T20:25:37.660665,7,94.0,13106.0,413.87
2026-09-28T20:25:38.658788,4,0.0,20702.0,20.97
2026-09-28T20:25:38.658788,5,0.0,16520.0,104.65
2026-09-28T20:25:38.658788,6,98.0,9328.0,348.43
2026-09-28T20:25:38.658788,7,86.0,13106.0,408.19
2026-09-28T20:25:39.657190,4,0.0,20702.0,20.92
2026-09-28T20:25:39.657190,5,0.0,16520.0,103.74
2026-09-28T20:25:39.657190,6,94.0,9328.0,350.99
2026-09-28T20:25:39.657190,7,97.0,13106.0,416.62
2026-09-28T20:25:40.683058,4,0.0,20702.0,20.65
2026-09-28T20:25:40.683058,5,0.0,16520.0,102.85
2026-09-28T20:25:40.683058,6,87.0,9328.0,342.77
2026-09-28T20:25:40.683058,7,90.0,13106.0,409.86
2026-09-28T20:25:41.662453,4,0.0,20702.0,20.44
2026-09-28T20:25:41.662453,5,0.0,16520.0,101.86
2026-09-28T20:25:41.662453,6,95.0,9328.0,363.49
2026-09-28T20:25:41.662453,7,97.0,13106.0,416.32
2026-09-28T20:25:42.657955,4,0.0,20702.0,20.36
2026-09-28T20:25:42.657955,5,0.0,16520.0,100.91
2026-09-28T20:25:42.657955,6,94.0,9328.0,336.0
2026-09-28T20:25:42.657955,7,95.0,13106.0,417.91
2026-09-28T20:25:43.657932,4,0.0,20702.0,20.52
2026-09-28T20:25:43.657932,5,0.0,16520.0,100.26
2026-09-28T20:25:43.657932,6,87.0,9328.0,346.76
2026-09-28T20:25:43.657932,7,84.0,13106.0,412.5
2026-09-28T20:25:44.655181,4,0.0,20702.0,20.6
2026-09-28T20:25:44.655181,5,0.0,16520.0,99.6
2026-09-28T20:25:44.655181,6,95.0,9328.0,367.27
2026-09-28T20:25:44.655181,7,96.0,13106.0,413.07
2026-09-28T20:25:45.660336,4,0.0,20702.0,20.46
2026-09-28T20:25:45.660336,5,0.0,16520.0,99.06
2026-09-28T20:25:45.660336,6,85.0,9328.0,349.64
2026-09-28T20:25:45.660336,7,91.0,13106.0,415.68
2026-09-28T20:25:46.660465,4,0.0,20702.0,20.3
2026-09-28T20:25:46.660465,5,0.0,16520.0,96.54
2026-09-28T20:25:46.660465,6,98.0,9328.0,362.41
2026-09-28T20:25:46.660465,7,86.0,13106.0,411.97
2026-09-28T20:25:47.736584,4,0.0,20702.0,20.31
2026-09-28T20:25:47.736584,5,0.0,16520.0,71.89
2026-09-28T20:25:47.736584,6,97.0,9328.0,340.09
2026-09-28T20:25:47.736584,7,96.0,13106.0,411.46
2026-09-28T20:25:48.664792,4,0.0,20702.0,20.39
2026-09-28T20:25:48.664792,5,0.0,16520.0,43.6
2026-09-28T20:25:48.664792,6,87.0,9328.0,357.48
2026-09-28T20:25:48.664792,7,93.0,13106.0,420.45
2026-09-28T20:25:49.671957,4,0.0,20702.0,20.45
2026-09-28T20:25:49.671957,5,0.0,16520.0,37.19
2026-09-28T20:25:49.671957,6,97.0,9328.0,354.15
2026-09-28T20:25:49.671957,7,96.0,13106.0,424.1
2026-09-28T20:25:50.660907,4,0.0,20702.0,20.52
2026-09-28T20:25:50.660907,5,0.0,16520.0,36.33
2026-09-28T20:25:50.660907,6,93.0,9328.0,363.98
2026-09-28T20:25:50.660907,7,94.0,13106.0,414.38
2026-09-28T20:25:51.672208,4,0.0,20702.0,20.58
2026-09-28T20:25:51.672208,5,0.0,16520.0,35.57
2026-09-28T20:25:51.672208,6,88.0,9328.0,338.45
2026-09-28T20:25:51.672208,7,84.0,13106.0,415.59
2026-09-28T20:25:52.663627,4,0.0,20702.0,20.56
2026-09-28T20:25:52.663627,5,0.0,16520.0,34.94
2026-09-28T20:25:52.663627,6,95.0,9328.0,353.79
2026-09-28T20:25:52.663627,7,97.0,13106.0,414.59
2026-09-28T20:25:53.666075,4,0.0,20702.0,20.45
2026-09-28T20:25:53.666075,5,0.0,16520.0,34.43
2026-09-28T20:25:53.666075,6,83.0,9328.0,351.32
2026-09-28T20:25:53.666075,7,90.0,13106.0,422.38
2026-09-28T20:25:54.680926,4,0.0,20702.0,20.48
2026-09-28T20:25:54.680926,5,0.0,16520.0,33.87
2026-09-28T20:25:54.680926,6,97.0,9328.0,362.42
2026-09-28T20:25:54.680926,7,87.0,13106.0,413.61
2026-09-28T20:25:55.660911,4,0.0,20702.0,20.39
2026-09-28T20:25:55.660911,5,0.0,16520.0,33.53
2026-09-28T20:25:55.660911,6,94.0,9328.0,347.68
2026-09-28T20:25:55.660911,7,96.0,13106.0,409.68
2026-09-28T20:25:56.663864,4,0.0,20702.0,20.13
2026-09-28T20:25:56.663864,5,0.0,16520.0,33.57
2026-09-28T20:25:56.663864,6,91.0,9328.0,353.95
2026-09-28T20:25:56.663864,7,93.0,13106.0,420.6
2026-09-28T20:25:57.658930,4,0.0,20702.0,20.1
2026-09-28T20:25:57.658930,5,0.0,16520.0,33.56
2026-09-28T20:25:57.658930,6,95.0,9328.0,347.61
2026-09-28T20:25:57.658930,7,96.0,13106.0,423.1
2026-09-28T20:25:58.663570,4,0.0,20702.0,20.33
2026-09-28T20:25:58.663570,5,0.0,16520.0,33.26
2026-09-28T20:25:58.663570,6,91.0,9328.0,362.28
2026-09-28T20:25:58.663570,7,95.0,13106.0,427.69
2026-09-28T20:25:59.663657,4,0.0,20702.0,20.46
2026-09-28T20:25:59.663657,5,0.0,16520.0,32.94
2026-09-28T20:25:59.663657,6,97.0,9328.0,346.77
2026-09-28T20:25:59.663657,7,86.0,13106.0,418.52
2026-09-28T20:26:00.725704,4,0.0,20702.0,20.46
2026-09-28T20:26:00.725704,5,0.0,16520.0,32.75
2026-09-28T20:26:00.725704,6,95.0,9328.0,355.79
2026-09-28T20:26:00.725704,7,97.0,13106.0,420.64
2026-09-28T20:26:01.664023,4,0.0,20702.0,20.5
2026-09-28T20:26:01.664023,5,0.0,16520.0,32.49
2026-09-28T20:26:01.664023,6,86.0,9328.0,354.08
2026-09-28T20:26:01.664023,7,90.0,13106.0,414.37
2026-09-28T20:26:02.661267,4,0.0,20702.0,20.43
2026-09-28T20:26:02.661267,5,0.0,16520.0,32.23
2026-09-28T20:26:02.661267,6,96.0,9328.0,368.01
2026-09-28T20:26:02.661267,7,96.0,13106.0,417.2
2026-09-28T20:26:03.667134,4,0.0,20702.0,20.26
2026-09-28T20:26:03.667134,5,0.0,16520.0,32.18
2026-09-28T20:26:03.667134,6,92.0,9328.0,352.13
2026-09-28T20:26:03.667134,7,94.0,13106.0,422.9
2026-09-28T20:26:04.663958,4,0.0,20702.0,20.41
2026-09-28T20:26:04.663958,5,0.0,16520.0,32.13
2026-09-28T20:26:04.663958,6,88.0,9328.0,336.99
2026-09-28T20:26:04.663958,7,86.0,13106.0,422.13
2026-09-28T20:26:05.660067,4,0.0,20702.0,20.49
2026-09-28T20:26:05.660067,5,0.0,16520.0,32.03
2026-09-28T20:26:05.660067,6,96.0,9328.0,336.46
2026-09-28T20:26:05.660067,7,97.0,13106.0,430.03
2026-09-28T20:26:06.680213,4,0.0,20702.0,20.17
2026-09-28T20:26:06.680213,5,0.0,16520.0,32.1
2026-09-28T20:26:06.680213,6,91.0,9328.0,350.98
2026-09-28T20:26:06.680213,7,93.0,13106.0,422.87
2026-09-28T20:26:07.662407,4,0.0,20702.0,20.11
2026-09-28T20:26:07.662407,5,0.0,16520.0,32.12
2026-09-28T20:26:07.662407,6,95.0,9328.0,354.3
2026-09-28T20:26:07.662407,7,97.0,13106.0,428.74
2026-09-28T20:26:08.662645,4,0.0,20702.0,20.23
2026-09-28T20:26:08.662645,5,0.0,16520.0,32.17
2026-09-28T20:26:08.662645,6,91.0,9328.0,365.0
2026-09-28T20:26:08.662645,7,92.0,13106.0,423.51
2026-09-28T20:26:09.664358,4,0.0,20702.0,20.26
2026-09-28T20:26:09.664358,5,0.0,16520.0,32.23
2026-09-28T20:26:09.664358,6,87.0,9328.0,343.62
2026-09-28T20:26:09.664358,7,86.0,13106.0,415.9
2026-09-28T20:26:10.662980,4,0.0,20702.0,20.05
2026-09-28T20:26:10.662980,5,0.0,16520.0,32.24
2026-09-28T20:26:10.662980,6,96.0,9328.0,339.94
2026-09-28T20:26:10.662980,7,97.0,13106.0,427.16
2026-09-28T20:26:11.664010,4,0.0,20702.0,19.91
2026-09-28T20:26:11.664010,5,0.0,16520.0,32.27
2026-09-28T20:26:11.664010,6,89.0,9328.0,341.73
2026-09-28T20:26:11.664010,7,92.0,13106.0,430.51
2026-09-28T20:26:12.658575,4,0.0,20702.0,19.99
2026-09-28T20:26:12.658575,5,0.0,16520.0,32.3
2026-09-28T20:26:12.658575,6,95.0,9328.0,355.09
2026-09-28T20:26:12.658575,7,97.0,13106.0,427.07
2026-09-28T20:26:13.718402,4,0.0,20702.0,19.99
2026-09-28T20:26:13.718402,5,0.0,16520.0,32.34
2026-09-28T20:26:13.718402,6,93.0,9328.0,346.85
2026-09-28T20:26:13.718402,7,93.0,13106.0,424.31
2026-09-28T20:26:14.668314,4,0.0,20702.0,19.99
2026-09-28T20:26:14.668314,5,0.0,16520.0,32.26
2026-09-28T20:26:14.668314,6,88.0,9328.0,366.69
2026-09-28T20:26:14.668314,7,85.0,13106.0,418.23
2026-09-28T20:26:15.663293,4,0.0,20702.0,20.08
2026-09-28T20:26:15.663293,5,0.0,16520.0,32.17
2026-09-28T20:26:15.663293,6,97.0,9328.0,364.1
2026-09-28T20:26:15.663293,7,96.0,13106.0,419.95
2026-09-28T20:26:16.663810,4,0.0,20702.0,20.09
2026-09-28T20:26:16.663810,5,0.0,16520.0,31.94
2026-09-28T20:26:16.663810,6,84.0,9328.0,373.54
2026-09-28T20:26:16.663810,7,90.0,13106.0,424.05
2026-09-28T20:26:17.668398,4,0.0,20702.0,19.97
2026-09-28T20:26:17.668398,5,0.0,16520.0,31.67
2026-09-28T20:26:17.668398,6,95.0,9328.0,365.28
2026-09-28T20:26:17.668398,7,96.0,13106.0,421.72
2026-09-28T20:26:18.662682,4,0.0,20702.0,19.84
2026-09-28T20:26:18.662682,5,0.0,16520.0,31.76
2026-09-28T20:26:18.662682,6,95.0,9328.0,338.23
2026-09-28T20:26:18.662682,7,95.0,13106.0,423.53
2026-09-28T20:26:19.673102,4,0.0,20702.0,19.91
2026-09-28T20:26:19.673102,5,0.0,16520.0,32.14
2026-09-28T20:26:19.673102,6,85.0,9328.0,352.36
2026-09-28T20:26:19.673102,7,85.0,13106.0,422.87
2026-09-28T20:26:20.669634,4,0.0,20702.0,20.01
2026-09-28T20:26:20.669634,5,0.0,16520.0,32.3
2026-09-28T20:26:20.669634,6,96.0,9328.0,347.29
2026-09-28T20:26:20.669634,7,97.0,13106.0,428.17
2026-09-28T20:26:21.663627,4,0.0,20702.0,20.14
2026-09-28T20:26:21.663627,5,0.0,16520.0,32.02
2026-09-28T20:26:21.663627,6,83.0,9328.0,358.49
2026-09-28T20:26:21.663627,7,91.0,13106.0,422.92
2026-09-28T20:26:22.667982,4,0.0,20702.0,20.04
2026-09-28T20:26:22.667982,5,0.0,16520.0,32.01
2026-09-28T20:26:22.667982,6,97.0,9328.0,371.27
2026-09-28T20:26:22.667982,7,97.0,13106.0,424.04
2026-09-28T20:26:23.662998,4,0.0,20702.0,19.75
2026-09-28T20:26:23.662998,5,0.0,16520.0,32.1
2026-09-28T20:26:23.662998,6,96.0,9328.0,352.13
2026-09-28T20:26:23.662998,7,98.0,13106.0,423.05
2026-09-28T20:26:24.664164,4,0.0,20702.0,19.79
2026-09-28T20:26:24.664164,5,0.0,16520.0,31.98
2026-09-28T20:26:24.664164,6,83.0,9328.0,348.96
2026-09-28T20:26:24.664164,7,92.0,13106.0,420.47
2026-09-28T20:26:25.668692,4,0.0,20702.0,19.88
2026-09-28T20:26:25.668692,5,0.0,16520.0,31.87
2026-09-28T20:26:25.668692,6,96.0,9328.0,379.21
2026-09-28T20:26:25.668692,7,96.0,13106.0,417.62
2026-09-28T20:26:26.721901,4,0.0,20702.0,19.84
2026-09-28T20:26:26.721901,5,0.0,16520.0,31.83
2026-09-28T20:26:26.721901,6,94.0,9328.0,361.97
2026-09-28T20:26:26.721901,7,95.0,13106.0,421.94
2026-09-28T20:26:27.665923,4,0.0,20702.0,19.82
2026-09-28T20:26:27.665923,5,0.0,16520.0,31.92
2026-09-28T20:26:27.665923,6,87.0,9328.0,365.59
2026-09-28T20:26:27.665923,7,84.0,13106.0,420.12
2026-09-28T20:26:28.664090,4,0.0,20702.0,19.95
2026-09-28T20:26:28.664090,5,0.0,16520.0,31.87
2026-09-28T20:26:28.664090,6,95.0,9328.0,356.59
2026-09-28T20:26:28.664090,7,97.0,13106.0,421.99
2026-09-28T20:26:29.664469,4,0.0,20702.0,19.83
2026-09-28T20:26:29.664469,5,0.0,16520.0,31.74
2026-09-28T20:26:29.664469,6,84.0,9328.0,364.6
2026-09-28T20:26:29.664469,7,90.0,13106.0,428.21
2026-09-28T20:26:30.666457,4,0.0,20702.0,19.55
2026-09-28T20:26:30.666457,5,0.0,16520.0,31.71
2026-09-28T20:26:30.666457,6,96.0,9328.0,374.91
2026-09-28T20:26:30.666457,7,97.0,13106.0,426.35
2026-09-28T20:26:31.664976,4,0.0,20702.0,19.56
2026-09-28T20:26:31.664976,5,0.0,16520.0,31.64
2026-09-28T20:26:31.664976,6,96.0,9328.0,366.15
2026-09-28T20:26:31.664976,7,95.0,13106.0,417.54
2026-09-28T20:26:32.681854,4,0.0,20702.0,19.67
2026-09-28T20:26:32.681854,5,0.0,16520.0,31.6
2026-09-28T20:26:32.681854,6,84.0,9328.0,376.32
2026-09-28T20:26:32.681854,7,94.0,13106.0,420.31
2026-09-28T20:26:33.667762,4,0.0,20702.0,19.87
2026-09-28T20:26:33.667762,5,0.0,16520.0,31.76
2026-09-28T20:26:33.667762,6,96.0,9328.0,380.7
2026-09-28T20:26:33.667762,7,96.0,13106.0,427.12
2026-09-28T20:26:34.663717,4,0.0,20702.0,20.05
2026-09-28T20:26:34.663717,5,0.0,16520.0,31.96
2026-09-28T20:26:34.663717,6,90.0,9328.0,373.75
2026-09-28T20:26:34.663717,7,92.0,13106.0,422.03
2026-09-28T20:26:35.663200,4,0.0,20702.0,19.87
2026-09-28T20:26:35.663200,5,0.0,16520.0,31.88
2026-09-28T20:26:35.663200,6,87.0,9328.0,356.48
2026-09-28T20:26:35.663200,7,85.0,13106.0,420.61
2026-09-28T20:26:36.663969,4,0.0,20702.0,19.69
2026-09-28T20:26:36.663969,5,0.0,16520.0,31.74
2026-09-28T20:26:36.663969,6,95.0,9328.0,354.31
2026-09-28T20:26:36.663969,7,97.0,13106.0,423.0
2026-09-28T20:26:37.662977,4,0.0,20702.0,19.78
2026-09-28T20:26:37.662977,5,0.0,16520.0,31.77
2026-09-28T20:26:37.662977,6,83.0,9328.0,357.93
2026-09-28T20:26:37.662977,7,89.0,13106.0,423.14
2026-09-28T20:26:38.668202,4,0.0,20702.0,19.96
2026-09-28T20:26:38.668202,5,0.0,16520.0,31.59
2026-09-28T20:26:38.668202,6,96.0,9328.0,374.44
2026-09-28T20:26:38.668202,7,96.0,13106.0,418.67
2026-09-28T20:26:39.711259,4,0.0,20702.0,19.97
2026-09-28T20:26:39.711259,5,0.0,16520.0,31.5
2026-09-28T20:26:39.711259,6,96.0,9328.0,361.06
2026-09-28T20:26:39.711259,7,97.0,13106.0,417.42
2026-09-28T20:26:40.665991,4,0.0,20702.0,20.08
2026-09-28T20:26:40.665991,5,0.0,16520.0,31.54
2026-09-28T20:26:40.665991,6,83.0,9328.0,361.14
2026-09-28T20:26:40.665991,7,95.0,13106.0,425.04
2026-09-28T20:26:41.663875,4,0.0,20702.0,20.23
2026-09-28T20:26:41.663875,5,0.0,16520.0,31.56
2026-09-28T20:26:41.663875,6,96.0,9328.0,375.35
2026-09-28T20:26:41.663875,7,97.0,13106.0,431.48
2026-09-28T20:26:42.667901,4,0.0,20702.0,20.13
2026-09-28T20:26:42.667901,5,0.0,16520.0,31.64
2026-09-28T20:26:42.667901,6,89.0,9328.0,366.73
2026-09-28T20:26:42.667901,7,92.0,13106.0,423.33
2026-09-28T20:26:43.668770,4,0.0,20702.0,20.07
2026-09-28T20:26:43.668770,5,0.0,16520.0,31.52
2026-09-28T20:26:43.668770,6,89.0,9328.0,365.79
2026-09-28T20:26:43.668770,7,87.0,13106.0,420.79
2026-09-28T20:26:44.665032,4,0.0,20702.0,20.07
2026-09-28T20:26:44.665032,5,0.0,16520.0,31.51
2026-09-28T20:26:44.665032,6,96.0,9328.0,359.83
2026-09-28T20:26:44.665032,7,97.0,13106.0,431.18
2026-09-28T20:26:45.669180,4,0.0,20702.0,20.0
2026-09-28T20:26:45.669180,5,0.0,16520.0,31.41
2026-09-28T20:26:45.669180,6,93.0,9328.0,383.91
2026-09-28T20:26:45.669180,7,92.0,13106.0,424.04
2026-09-28T20:26:46.678240,4,0.0,20702.0,19.82
2026-09-28T20:26:46.678240,5,0.0,16520.0,31.22
2026-09-28T20:26:46.678240,6,96.0,9328.0,381.87
2026-09-28T20:26:46.678240,7,97.0,13106.0,422.38
2026-09-28T20:26:47.675136,4,0.0,20702.0,19.75
2026-09-28T20:26:47.675136,5,0.0,16520.0,31.14
2026-09-28T20:26:47.675136,6,94.0,9328.0,379.3
2026-09-28T20:26:47.675136,7,94.0,13106.0,427.03
2026-09-28T20:26:48.662648,4,0.0,20702.0,20.05
2026-09-28T20:26:48.662648,5,0.0,16520.0,31.17
2026-09-28T20:26:48.662648,6,98.0,9328.0,359.3
2026-09-28T20:26:48.662648,7,81.0,13106.0,425.42
2026-09-28T20:26:49.663077,4,61.0,20702.0,25.14
2026-09-28T20:26:49.663077,5,0.0,16520.0,31.25
2026-09-28T20:26:49.663077,6,39.0,9328.0,131.49
2026-09-28T20:26:49.663077,7,100.0,13106.0,139.05
2026-09-28T20:26:50.662808,4,81.0,20702.0,344.59
2026-09-28T20:26:50.662808,5,0.0,16520.0,31.26
2026-09-28T20:26:50.662808,6,0.0,9328.0,114.25
2026-09-28T20:26:50.662808,7,100.0,13106.0,143.51
2026-09-28T20:26:51.661770,4,0.0,20702.0,254.43
2026-09-28T20:26:51.661770,5,0.0,16520.0,31.46
2026-09-28T20:26:51.661770,6,0.0,9328.0,107.13
2026-09-28T20:26:51.661770,7,100.0,13106.0,142.44
2026-09-28T20:26:52.713672,4,66.0,20702.0,228.59
2026-09-28T20:26:52.713672,5,0.0,16520.0,31.74
2026-09-28T20:26:52.713672,6,0.0,9328.0,100.86
2026-09-28T20:26:52.713672,7,100.0,13106.0,141.53
2026-09-28T20:26:53.661977,4,66.0,20702.0,301.18
2026-09-28T20:26:53.661977,5,0.0,16520.0,31.52
2026-09-28T20:26:53.661977,6,0.0,9328.0,94.57
2026-09-28T20:26:53.661977,7,100.0,13106.0,140.97
2026-09-28T20:26:54.663582,4,67.0,20702.0,306.19
2026-09-28T20:26:54.663582,5,0.0,16520.0,31.37
2026-09-28T20:26:54.663582,6,0.0,9328.0,93.81
2026-09-28T20:26:54.663582,7,100.0,13106.0,140.4
2026-09-28T20:26:55.665159,4,67.0,20702.0,308.8
2026-09-28T20:26:55.665159,5,0.0,16520.0,31.56
2026-09-28T20:26:55.665159,6,0.0,9328.0,92.88
2026-09-28T20:26:55.665159,7,100.0,13106.0,139.35
2026-09-28T20:26:56.664873,4,70.0,20702.0,311.34
2026-09-28T20:26:56.664873,5,0.0,16520.0,31.54
2026-09-28T20:26:56.664873,6,0.0,9328.0,91.71
2026-09-28T20:26:56.664873,7,100.0,13106.0,138.49
2026-09-28T20:26:57.664019,4,70.0,20702.0,313.28
2026-09-28T20:26:57.664019,5,0.0,16520.0,31.54
2026-09-28T20:26:57.664019,6,0.0,9328.0,90.48
2026-09-28T20:26:57.664019,7,100.0,13106.0,137.77
2026-09-28T20:26:58.664373,4,75.0,20702.0,317.68
2026-09-28T20:26:58.664373,5,0.0,16520.0,31.57
2026-09-28T20:26:58.664373,6,0.0,9328.0,89.27
2026-09-28T20:26:58.664373,7,100.0,13106.0,137.11
2026-09-28T20:26:59.687901,4,76.0,20702.0,320.35
2026-09-28T20:26:59.687901,5,0.0,16520.0,31.38
2026-09-28T20:26:59.687901,6,0.0,9328.0,87.72
2026-09-28T20:26:59.687901,7,100.0,13106.0,135.83
2026-09-28T20:27:00.664222,4,77.0,20702.0,319.72
2026-09-28T20:27:00.664222,5,0.0,16520.0,31.13
2026-09-28T20:27:00.664222,6,0.0,9328.0,85.7
2026-09-28T20:27:00.664222,7,100.0,13106.0,134.48
2026-09-28T20:27:01.658796,4,76.0,20702.0,322.32
2026-09-28T20:27:01.658796,5,0.0,16520.0,31.14
2026-09-28T20:27:01.658796,6,0.0,9328.0,84.18
2026-09-28T20:27:01.658796,7,100.0,13106.0,133.52
2026-09-28T20:27:02.666611,4,78.0,20702.0,213.13
2026-09-28T20:27:02.666611,5,0.0,16520.0,31.44
2026-09-28T20:27:02.666611,6,0.0,9328.0,83.45
2026-09-28T20:27:02.666611,7,100.0,13106.0,132.36
2026-09-28T20:27:03.659960,4,73.0,20702.0,321.43
2026-09-28T20:27:03.659960,5,0.0,16520.0,31.45
2026-09-28T20:27:03.659960,6,0.0,9328.0,82.87
2026-09-28T20:27:03.659960,7,100.0,13106.0,131.03
2026-09-28T20:27:04.673188,4,78.0,20702.0,321.8
2026-09-28T20:27:04.673188,5,0.0,16520.0,31.17
2026-09-28T20:27:04.673188,6,0.0,9328.0,82.46
2026-09-28T20:27:04.673188,7,100.0,13106.0,130.13
2026-09-28T20:27:05.684785,4,80.0,20702.0,325.34
2026-09-28T20:27:05.684785,5,0.0,16520.0,31.12
2026-09-28T20:27:05.684785,6,0.0,9328.0,82.18
2026-09-28T20:27:05.684785,7,100.0,13106.0,128.73
2026-09-28T20:27:06.688004,4,81.0,20702.0,327.48
2026-09-28T20:27:06.688004,5,0.0,16520.0,31.0
2026-09-28T20:27:06.688004,6,0.0,9328.0,73.86
2026-09-28T20:27:06.688004,7,100.0,13106.0,127.38
2026-09-28T20:27:07.669189,4,75.0,20702.0,328.68
2026-09-28T20:27:07.669189,5,0.0,16520.0,30.81
2026-09-28T20:27:07.669189,6,0.0,9328.0,49.06
2026-09-28T20:27:07.669189,7,100.0,13106.0,126.55
2026-09-28T20:27:08.682956,4,75.0,20702.0,326.86
2026-09-28T20:27:08.682956,5,0.0,16520.0,30.89
2026-09-28T20:27:08.682956,6,0.0,9328.0,28.15
2026-09-28T20:27:08.682956,7,100.0,13106.0,125.51
2026-09-28T20:27:09.666994,4,82.0,20702.0,329.86
2026-09-28T20:27:09.666994,5,0.0,16520.0,30.99
2026-09-28T20:27:09.666994,6,0.0,9328.0,23.67
2026-09-28T20:27:09.666994,7,100.0,13106.0,124.88
2026-09-28T20:27:10.665067,4,77.0,20702.0,331.26
2026-09-28T20:27:10.665067,5,0.0,16520.0,30.95
2026-09-28T20:27:10.665067,6,0.0,9328.0,23.43
2026-09-28T20:27:10.665067,7,100.0,13106.0,124.52
2026-09-28T20:27:11.665597,4,84.0,20702.0,332.82
2026-09-28T20:27:11.665597,5,0.0,16520.0,30.79
2026-09-28T20:27:11.665597,6,0.0,9328.0,23.46
2026-09-28T20:27:11.665597,7,100.0,13106.0,123.93
2026-09-28T20:27:12.713247,4,82.0,20702.0,336.83
2026-09-28T20:27:12.713247,5,0.0,16520.0,30.78
2026-09-28T20:27:12.713247,6,0.0,9328.0,23.58
2026-09-28T20:27:12.713247,7,100.0,13106.0,122.9
2026-09-28T20:27:13.670207,4,80.0,20702.0,336.35
2026-09-28T20:27:13.670207,5,0.0,16520.0,30.85
2026-09-28T20:27:13.670207,6,0.0,9328.0,23.58
2026-09-28T20:27:13.670207,7,100.0,13106.0,122.27
2026-09-28T20:27:14.666711,4,80.0,20702.0,328.66
2026-09-28T20:27:14.666711,5,0.0,16520.0,30.73
2026-09-28T20:27:14.666711,6,0.0,9328.0,23.6
2026-09-28T20:27:14.666711,7,100.0,13106.0,121.48
2026-09-28T20:27:15.675270,4,82.0,20702.0,329.39
2026-09-28T20:27:15.675270,5,0.0,16520.0,30.49
2026-09-28T20:27:15.675270,6,0.0,9328.0,23.63
2026-09-28T20:27:15.675270,7,100.0,13106.0,120.95
2026-09-28T20:27:16.670644,4,82.0,20702.0,331.67
2026-09-28T20:27:16.670644,5,0.0,16520.0,30.47
2026-09-28T20:27:16.670644,6,0.0,9328.0,23.54
2026-09-28T20:27:16.670644,7,100.0,13106.0,120.34
2026-09-28T20:27:17.668278,4,81.0,20702.0,332.41
2026-09-28T20:27:17.668278,5,0.0,16520.0,30.55
2026-09-28T20:27:17.668278,6,0.0,9328.0,23.33
2026-09-28T20:27:17.668278,7,100.0,13106.0,119.34
2026-09-28T20:27:18.717307,4,83.0,20702.0,331.48
2026-09-28T20:27:18.717307,5,0.0,16520.0,30.58
2026-09-28T20:27:18.717307,6,0.0,9328.0,23.26
2026-09-28T20:27:18.717307,7,100.0,13106.0,117.4
2026-09-28T20:27:19.668394,4,84.0,20702.0,333.83
2026-09-28T20:27:19.668394,5,0.0,16520.0,30.79
2026-09-28T20:27:19.668394,6,0.0,9328.0,23.33
2026-09-28T20:27:19.668394,7,100.0,13106.0,115.98
2026-09-28T20:27:20.668659,4,85.0,20702.0,336.29
2026-09-28T20:27:20.668659,5,0.0,16520.0,30.79
2026-09-28T20:27:20.668659,6,0.0,9328.0,23.38
2026-09-28T20:27:20.668659,7,100.0,13106.0,116.57
2026-09-28T20:27:21.671067,4,85.0,20702.0,337.2
2026-09-28T20:27:21.671067,5,0.0,16520.0,30.63
2026-09-28T20:27:21.671067,6,0.0,9328.0,23.35
2026-09-28T20:27:21.671067,7,100.0,13106.0,115.98
2026-09-28T20:27:22.670320,4,86.0,20702.0,338.25
2026-09-28T20:27:22.670320,5,0.0,16520.0,30.93
2026-09-28T20:27:22.670320,6,0.0,9328.0,23.21
2026-09-28T20:27:22.670320,7,100.0,13106.0,114.82
2026-09-28T20:27:23.669366,4,85.0,20702.0,338.58
2026-09-28T20:27:23.669366,5,0.0,16520.0,31.24
2026-09-28T20:27:23.669366,6,0.0,9328.0,22.88
2026-09-28T20:27:23.669366,7,100.0,13106.0,113.35
2026-09-28T20:27:24.667001,4,85.0,20702.0,323.61
2026-09-28T20:27:24.667001,5,0.0,16520.0,31.1
2026-09-28T20:27:24.667001,6,0.0,9328.0,22.62
2026-09-28T20:27:24.667001,7,100.0,13106.0,112.52
2026-09-28T20:27:25.681380,4,85.0,20702.0,318.69
2026-09-28T20:27:25.681380,5,0.0,16520.0,30.92
2026-09-28T20:27:25.681380,6,0.0,9328.0,22.59
2026-09-28T20:27:25.681380,7,100.0,13106.0,112.31
2026-09-28T20:27:26.664663,4,85.0,20702.0,317.0
2026-09-28T20:27:26.664663,5,0.0,16520.0,30.8
2026-09-28T20:27:26.664663,6,0.0,9328.0,22.56
2026-09-28T20:27:26.664663,7,100.0,13106.0,112.11
2026-09-28T20:27:27.672220,4,0.0,20702.0,201.13
2026-09-28T20:27:27.672220,5,0.0,16520.0,30.71
2026-09-28T20:27:27.672220,6,0.0,9328.0,22.46
2026-09-28T20:27:27.672220,7,100.0,13106.0,111.73
2026-09-28T20:27:28.670483,4,84.0,20702.0,284.09
2026-09-28T20:27:28.670483,5,0.0,16520.0,30.63
2026-09-28T20:27:28.670483,6,0.0,9328.0,22.45
2026-09-28T20:27:28.670483,7,100.0,13106.0,112.09
2026-09-28T20:27:29.671498,4,86.0,20702.0,319.17
2026-09-28T20:27:29.671498,5,0.0,16520.0,30.6
2026-09-28T20:27:29.671498,6,0.0,9328.0,22.43
2026-09-28T20:27:29.671498,7,100.0,13106.0,111.95
2026-09-28T20:27:30.670465,4,87.0,20702.0,323.39
2026-09-28T20:27:30.670465,5,0.0,16520.0,30.6
2026-09-28T20:27:30.670465,6,0.0,9328.0,22.42
2026-09-28T20:27:30.670465,7,100.0,13106.0,112.19
2026-09-28T20:27:31.733280,4,87.0,20702.0,321.86
2026-09-28T20:27:31.733280,5,0.0,16520.0,30.62
2026-09-28T20:27:31.733280,6,0.0,9328.0,22.53
2026-09-28T20:27:31.733280,7,100.0,13106.0,112.03
2026-09-28T20:27:32.671027,4,88.0,20702.0,319.89
2026-09-28T20:27:32.671027,5,0.0,16520.0,30.46
2026-09-28T20:27:32.671027,6,0.0,9328.0,22.61
2026-09-28T20:27:32.671027,7,100.0,13106.0,112.06
2026-09-28T20:27:33.670544,4,88.0,20702.0,320.41
2026-09-28T20:27:33.670544,5,0.0,16520.0,30.28
2026-09-28T20:27:33.670544,6,0.0,9328.0,22.59
2026-09-28T20:27:33.670544,7,100.0,13106.0,112.16
2026-09-28T20:27:34.668876,4,89.0,20702.0,311.76
2026-09-28T20:27:34.668876,5,0.0,16520.0,30.49
2026-09-28T20:27:34.668876,6,0.0,9328.0,22.58
2026-09-28T20:27:34.668876,7,100.0,13106.0,112.07
2026-09-28T20:27:35.667801,4,90.0,20702.0,307.59
2026-09-28T20:27:35.667801,5,0.0,16520.0,30.64
2026-09-28T20:27:35.667801,6,0.0,9328.0,22.47
2026-09-28T20:27:35.667801,7,100.0,13106.0,111.85
2026-09-28T20:27:36.669033,4,90.0,20702.0,293.3
2026-09-28T20:27:36.669033,5,0.0,16520.0,30.55
2026-09-28T20:27:36.669033,6,0.0,9328.0,22.33
2026-09-28T20:27:36.669033,7,100.0,13106.0,111.56
2026-09-28T20:27:37.675656,4,89.0,20702.0,280.26
2026-09-28T20:27:37.675656,5,0.0,16520.0,30.48
2026-09-28T20:27:37.675656,6,0.0,9328.0,22.27
2026-09-28T20:27:37.675656,7,100.0,13106.0,111.62
2026-09-28T20:27:38.671841,4,91.0,20702.0,266.91
2026-09-28T20:27:38.671841,5,0.0,16520.0,30.51
2026-09-28T20:27:38.671841,6,0.0,9328.0,22.25
2026-09-28T20:27:38.671841,7,100.0,13106.0,111.54
2026-09-28T20:27:39.668490,4,91.0,20702.0,265.76
2026-09-28T20:27:39.668490,5,0.0,16520.0,30.58
2026-09-28T20:27:39.668490,6,0.0,9328.0,22.22
2026-09-28T20:27:39.668490,7,100.0,13106.0,111.57
2026-09-28T20:27:40.671418,4,91.0,20702.0,263.5
2026-09-28T20:27:40.671418,5,0.0,16520.0,30.43
2026-09-28T20:27:40.671418,6,0.0,9328.0,22.21
2026-09-28T20:27:40.671418,7,100.0,13106.0,111.81
2026-09-28T20:27:41.669517,4,91.0,20702.0,261.61
2026-09-28T20:27:41.669517,5,0.0,16520.0,30.49
2026-09-28T20:27:41.669517,6,0.0,9328.0,22.2
2026-09-28T20:27:41.669517,7,100.0,13106.0,111.93
2026-09-28T20:27:42.666905,4,91.0,20702.0,262.7
2026-09-28T20:27:42.666905,5,0.0,16520.0,30.67
2026-09-28T20:27:42.666905,6,0.0,9328.0,22.21
2026-09-28T20:27:42.666905,7,100.0,13106.0,111.91
2026-09-28T20:27:43.661709,4,0.0,20702.0,239.31
2026-09-28T20:27:43.661709,5,0.0,16520.0,30.62
2026-09-28T20:27:43.661709,6,11.0,9328.0,32.21
2026-09-28T20:27:43.661709,7,11.0,13106.0,110.18
2026-09-28T20:27:44.708642,4,0.0,20702.0,119.54
2026-09-28T20:27:44.708642,5,0.0,16520.0,30.88
2026-09-28T20:27:44.708642,6,12.0,9328.0,84.54
2026-09-28T20:27:44.708642,7,12.0,13106.0,104.3
2026-09-28T20:27:45.666050,4,0.0,20702.0,94.99
2026-09-28T20:27:45.666050,5,0.0,16520.0,31.01
2026-09-28T20:27:45.666050,6,0.0,9328.0,84.1
2026-09-28T20:27:45.666050,7,12.0,13106.0,99.31
2026-09-28T20:27:46.666381,4,0.0,20702.0,89.47
2026-09-28T20:27:46.666381,5,0.0,16520.0,30.75
2026-09-28T20:27:46.666381,6,11.0,9328.0,83.42
2026-09-28T20:27:46.666381,7,12.0,13106.0,89.99
2026-09-28T20:27:47.665956,4,0.0,20702.0,84.02
2026-09-28T20:27:47.665956,5,90.0,16520.0,71.08
2026-09-28T20:27:47.665956,6,1.0,9328.0,84.03
2026-09-28T20:27:47.665956,7,95.0,13106.0,90.84
2026-09-28T20:27:48.662926,4,0.0,20702.0,83.96
2026-09-28T20:27:48.662926,5,96.0,16520.0,445.21
2026-09-28T20:27:48.662926,6,0.0,9328.0,79.82
2026-09-28T20:27:48.662926,7,100.0,13106.0,109.68
2026-09-28T20:27:49.663498,4,0.0,20702.0,84.11
2026-09-28T20:27:49.663498,5,95.0,16520.0,445.57
2026-09-28T20:27:49.663498,6,0.0,9328.0,78.57
2026-09-28T20:27:49.663498,7,100.0,13106.0,111.75
2026-09-28T20:27:50.663625,4,0.0,20702.0,83.89
2026-09-28T20:27:50.663625,5,99.0,16520.0,447.39
2026-09-28T20:27:50.663625,6,0.0,9328.0,78.67
2026-09-28T20:27:50.663625,7,100.0,13106.0,111.81
2026-09-28T20:27:51.729673,4,0.0,20702.0,83.65
2026-09-28T20:27:51.729673,5,94.0,16520.0,446.57
2026-09-28T20:27:51.729673,6,0.0,9328.0,78.94
2026-09-28T20:27:51.729673,7,100.0,13106.0,111.54
2026-09-28T20:27:52.664839,4,0.0,20702.0,83.54
2026-09-28T20:27:52.664839,5,96.0,16520.0,447.45
2026-09-28T20:27:52.664839,6,0.0,9328.0,79.0
2026-09-28T20:27:52.664839,7,100.0,13106.0,111.68
2026-09-28T20:27:53.663807,4,0.0,20702.0,83.35
2026-09-28T20:27:53.663807,5,95.0,16520.0,447.03
2026-09-28T20:27:53.663807,6,0.0,9328.0,79.24
2026-09-28T20:27:53.663807,7,100.0,13106.0,111.58
2026-09-28T20:27:54.664075,4,0.0,20702.0,83.38
2026-09-28T20:27:54.664075,5,99.0,16520.0,448.86
2026-09-28T20:27:54.664075,6,0.0,9328.0,79.31
2026-09-28T20:27:54.664075,7,100.0,13106.0,111.16
2026-09-28T20:27:55.666055,4,0.0,20702.0,83.36
2026-09-28T20:27:55.666055,5,95.0,16520.0,449.11
2026-09-28T20:27:55.666055,6,0.0,9328.0,79.07
2026-09-28T20:27:55.666055,7,100.0,13106.0,111.44
2026-09-28T20:27:56.663861,4,0.0,20702.0,83.14
2026-09-28T20:27:56.663861,5,96.0,16520.0,447.13
2026-09-28T20:27:56.663861,6,0.0,9328.0,78.97
2026-09-28T20:27:56.663861,7,100.0,13106.0,111.65
2026-09-28T20:27:57.664565,4,0.0,20702.0,82.93
2026-09-28T20:27:57.664565,5,89.0,16520.0,427.48
2026-09-28T20:27:57.664565,6,0.0,9328.0,79.06
2026-09-28T20:27:57.664565,7,100.0,13106.0,111.77
2026-09-28T20:27:58.707994,4,0.0,20702.0,82.66
2026-09-28T20:27:58.707994,5,95.0,16520.0,448.29
2026-09-28T20:27:58.707994,6,0.0,9328.0,79.25
2026-09-28T20:27:58.707994,7,100.0,13106.0,111.94
2026-09-28T20:27:59.662702,4,0.0,20702.0,82.67
2026-09-28T20:27:59.662702,5,95.0,16520.0,448.72
2026-09-28T20:27:59.662702,6,0.0,9328.0,79.4
2026-09-28T20:27:59.662702,7,100.0,13106.0,111.42
2026-09-28T20:28:00.663436,4,0.0,20702.0,81.72
2026-09-28T20:28:00.663436,5,95.0,16520.0,447.73
2026-09-28T20:28:00.663436,6,0.0,9328.0,79.41
2026-09-28T20:28:00.663436,7,100.0,13106.0,111.64
2026-09-28T20:28:01.666583,4,0.0,20702.0,57.4
2026-09-28T20:28:01.666583,5,93.0,16520.0,444.95
2026-09-28T20:28:01.666583,6,0.0,9328.0,79.34
2026-09-28T20:28:01.666583,7,100.0,13106.0,112.18
2026-09-28T20:28:02.670160,4,0.0,20702.0,21.83
2026-09-28T20:28:02.670160,5,96.0,16520.0,447.15
2026-09-28T20:28:02.670160,6,0.0,9328.0,79.32
2026-09-28T20:28:02.670160,7,100.0,13106.0,112.03
2026-09-28T20:28:03.666207,4,0.0,20702.0,21.76
2026-09-28T20:28:03.666207,5,96.0,16520.0,447.81
2026-09-28T20:28:03.666207,6,0.0,9328.0,79.58
2026-09-28T20:28:03.666207,7,100.0,13106.0,112.16
2026-09-28T20:28:04.674298,4,0.0,20702.0,21.39
2026-09-28T20:28:04.674298,5,99.0,16520.0,448.95
2026-09-28T20:28:04.674298,6,0.0,9328.0,72.34
2026-09-28T20:28:04.674298,7,100.0,13106.0,112.14
2026-09-28T20:28:05.676966,4,0.0,20702.0,21.09
2026-09-28T20:28:05.676966,5,99.0,16520.0,451.81
2026-09-28T20:28:05.676966,6,0.0,9328.0,46.44
2026-09-28T20:28:05.676966,7,100.0,13106.0,111.58
2026-09-28T20:28:06.668802,4,0.0,20702.0,21.05
2026-09-28T20:28:06.668802,5,95.0,16520.0,450.47
2026-09-28T20:28:06.668802,6,0.0,9328.0,25.1
2026-09-28T20:28:06.668802,7,100.0,13106.0,111.57
2026-09-28T20:28:07.668450,4,0.0,20702.0,21.16
2026-09-28T20:28:07.668450,5,96.0,16520.0,447.83
2026-09-28T20:28:07.668450,6,0.0,9328.0,22.23
2026-09-28T20:28:07.668450,7,100.0,13106.0,111.92
2026-09-28T20:28:08.668467,4,0.0,20702.0,21.32
2026-09-28T20:28:08.668467,5,96.0,16520.0,449.73
2026-09-28T20:28:08.668467,6,0.0,9328.0,22.29
2026-09-28T20:28:08.668467,7,100.0,13106.0,112.0
2026-09-28T20:28:09.670447,4,0.0,20702.0,21.45
2026-09-28T20:28:09.670447,5,96.0,16520.0,449.58
2026-09-28T20:28:09.670447,6,0.0,9328.0,22.37
2026-09-28T20:28:09.670447,7,100.0,13106.0,112.02
2026-09-28T20:28:10.669207,4,0.0,20702.0,21.42
2026-09-28T20:28:10.669207,5,95.0,16520.0,449.17
2026-09-28T20:28:10.669207,6,0.0,9328.0,22.33
2026-09-28T20:28:10.669207,7,100.0,13106.0,111.82
2026-09-28T20:28:11.696472,4,0.0,20702.0,21.28
2026-09-28T20:28:11.696472,5,96.0,16520.0,447.41
2026-09-28T20:28:11.696472,6,0.0,9328.0,22.25
2026-09-28T20:28:11.696472,7,100.0,13106.0,111.8
2026-09-28T20:28:12.669781,4,0.0,20702.0,21.14
2026-09-28T20:28:12.669781,5,99.0,16520.0,447.58
2026-09-28T20:28:12.669781,6,0.0,9328.0,22.18
2026-09-28T20:28:12.669781,7,100.0,13106.0,111.75
2026-09-28T20:28:13.666796,4,0.0,20702.0,21.14
2026-09-28T20:28:13.666796,5,99.0,16520.0,448.91
2026-09-28T20:28:13.666796,6,0.0,9328.0,22.09
2026-09-28T20:28:13.666796,7,100.0,13106.0,111.63
2026-09-28T20:28:14.671671,4,0.0,20702.0,21.16
2026-09-28T20:28:14.671671,5,91.0,16520.0,447.4
2026-09-28T20:28:14.671671,6,0.0,9328.0,22.03
2026-09-28T20:28:14.671671,7,100.0,13106.0,111.59
2026-09-28T20:28:15.671434,4,0.0,20702.0,21.19
2026-09-28T20:28:15.671434,5,95.0,16520.0,447.6
2026-09-28T20:28:15.671434,6,0.0,9328.0,21.99
2026-09-28T20:28:15.671434,7,100.0,13106.0,112.1
2026-09-28T20:28:16.669948,4,0.0,20702.0,21.26
2026-09-28T20:28:16.669948,5,96.0,16520.0,448.49
2026-09-28T20:28:16.669948,6,0.0,9328.0,22.0
2026-09-28T20:28:16.669948,7,100.0,13106.0,111.94
2026-09-28T20:28:17.676257,4,0.0,20702.0,21.03
2026-09-28T20:28:17.676257,5,0.0,16520.0,339.54
2026-09-28T20:28:17.676257,6,92.0,9328.0,59.88
2026-09-28T20:28:17.676257,7,89.0,13106.0,160.82
2026-09-28T20:28:18.736036,4,0.0,20702.0,20.86
2026-09-28T20:28:18.736036,5,0.0,16520.0,159.89
2026-09-28T20:28:18.736036,6,95.0,9328.0,358.52
2026-09-28T20:28:18.736036,7,97.0,13106.0,383.08
2026-09-28T20:28:19.676396,4,0.0,20702.0,21.03
2026-09-28T20:28:19.676396,5,0.0,16520.0,114.86
2026-09-28T20:28:19.676396,6,90.0,9328.0,378.21
2026-09-28T20:28:19.676396,7,92.0,13106.0,391.49
2026-09-28T20:28:20.670952,4,0.0,20702.0,21.06
2026-09-28T20:28:20.670952,5,0.0,16520.0,108.13
2026-09-28T20:28:20.670952,6,98.0,9328.0,391.92
2026-09-28T20:28:20.670952,7,88.0,13106.0,388.18
2026-09-28T20:28:21.681008,4,0.0,20702.0,20.81
2026-09-28T20:28:21.681008,5,0.0,16520.0,101.74
2026-09-28T20:28:21.681008,6,95.0,9328.0,385.7
2026-09-28T20:28:21.681008,7,96.0,13106.0,399.15
2026-09-28T20:28:22.675146,4,0.0,20702.0,20.91
2026-09-28T20:28:22.675146,5,0.0,16520.0,101.46
2026-09-28T20:28:22.675146,6,83.0,9328.0,372.04
2026-09-28T20:28:22.675146,7,92.0,13106.0,383.61
2026-09-28T20:28:23.692769,4,0.0,20702.0,21.06
2026-09-28T20:28:23.692769,5,0.0,16520.0,100.89
2026-09-28T20:28:23.692769,6,97.0,9328.0,378.2
2026-09-28T20:28:23.692769,7,96.0,13106.0,393.55
2026-09-28T20:28:24.674670,4,0.0,20702.0,21.05
2026-09-28T20:28:24.674670,5,0.0,16520.0,100.52
2026-09-28T20:28:24.674670,6,91.0,9328.0,374.09
2026-09-28T20:28:24.674670,7,88.0,13106.0,388.09
2026-09-28T20:28:25.709516,4,0.0,20702.0,21.06
2026-09-28T20:28:25.709516,5,0.0,16520.0,100.06
2026-09-28T20:28:25.709516,6,96.0,9328.0,384.44
2026-09-28T20:28:25.709516,7,96.0,13106.0,389.99
2026-09-28T20:28:26.674777,4,0.0,20702.0,20.98
2026-09-28T20:28:26.674777,5,0.0,16520.0,99.31
2026-09-28T20:28:26.674777,6,91.0,9328.0,371.72
2026-09-28T20:28:26.674777,7,97.0,13106.0,390.11
2026-09-28T20:28:27.675632,4,0.0,20702.0,21.04
2026-09-28T20:28:27.675632,5,0.0,16520.0,98.53
2026-09-28T20:28:27.675632,6,85.0,9328.0,373.85
2026-09-28T20:28:27.675632,7,86.0,13106.0,392.72
2026-09-28T20:28:28.671821,4,0.0,20702.0,21.08
2026-09-28T20:28:28.671821,5,0.0,16520.0,97.94
2026-09-28T20:28:28.671821,6,96.0,9328.0,381.64
2026-09-28T20:28:28.671821,7,96.0,13106.0,404.08
2026-09-28T20:28:29.672611,4,0.0,20702.0,20.97
2026-09-28T20:28:29.672611,5,0.0,16520.0,97.51
2026-09-28T20:28:29.672611,6,92.0,9328.0,381.88
2026-09-28T20:28:29.672611,7,90.0,13106.0,392.66
2026-09-28T20:28:30.670263,4,0.0,20702.0,20.85
2026-09-28T20:28:30.670263,5,0.0,16520.0,96.83
2026-09-28T20:28:30.670263,6,96.0,9328.0,374.88
2026-09-28T20:28:30.670263,7,97.0,13106.0,402.39
2026-09-28T20:28:31.717745,4,0.0,20702.0,20.82
2026-09-28T20:28:31.717745,5,0.0,16520.0,95.81
2026-09-28T20:28:31.717745,6,93.0,9328.0,378.45
2026-09-28T20:28:31.717745,7,94.0,13106.0,393.23
2026-09-28T20:28:32.677991,4,0.0,20702.0,20.98
2026-09-28T20:28:32.677991,5,0.0,16520.0,95.14
2026-09-28T20:28:32.677991,6,96.0,9328.0,390.96
2026-09-28T20:28:32.677991,7,87.0,13106.0,384.46
2026-09-28T20:28:33.673205,4,0.0,20702.0,20.85
2026-09-28T20:28:33.673205,5,0.0,16520.0,95.08
2026-09-28T20:28:33.673205,6,96.0,9328.0,377.17
2026-09-28T20:28:33.673205,7,98.0,13106.0,413.77
2026-09-28T20:28:34.679242,4,0.0,20702.0,20.56
2026-09-28T20:28:34.679242,5,0.0,16520.0,88.99
2026-09-28T20:28:34.679242,6,83.0,9328.0,374.91
2026-09-28T20:28:34.679242,7,91.0,13106.0,411.18
2026-09-28T20:28:35.671913,4,0.0,20702.0,20.46
2026-09-28T20:28:35.671913,5,0.0,16520.0,63.44
2026-09-28T20:28:35.671913,6,97.0,9328.0,381.75
2026-09-28T20:28:35.671913,7,97.0,13106.0,407.83
2026-09-28T20:28:36.675691,4,0.0,20702.0,20.6
2026-09-28T20:28:36.675691,5,0.0,16520.0,39.06
2026-09-28T20:28:36.675691,6,89.0,9328.0,378.93
2026-09-28T20:28:36.675691,7,89.0,13106.0,407.99
2026-09-28T20:28:37.673040,4,0.0,20702.0,20.75
2026-09-28T20:28:37.673040,5,0.0,16520.0,33.81
2026-09-28T20:28:37.673040,6,97.0,9328.0,389.39
2026-09-28T20:28:37.673040,7,96.0,13106.0,402.97
2026-09-28T20:28:38.700597,4,0.0,20702.0,20.67
2026-09-28T20:28:38.700597,5,0.0,16520.0,33.37
2026-09-28T20:28:38.700597,6,85.0,9328.0,328.75
2026-09-28T20:28:38.700597,7,87.0,13106.0,335.88
2026-09-28T20:28:39.677555,4,0.0,20702.0,20.55
2026-09-28T20:28:39.677555,5,0.0,16520.0,33.0
2026-09-28T20:28:39.677555,6,96.0,9328.0,388.63
2026-09-28T20:28:39.677555,7,97.0,13106.0,403.52
2026-09-28T20:28:40.677153,4,0.0,20702.0,20.3
2026-09-28T20:28:40.677153,5,0.0,16520.0,32.66
2026-09-28T20:28:40.677153,6,91.0,9328.0,385.2
2026-09-28T20:28:40.677153,7,89.0,13106.0,401.31
2026-09-28T20:28:41.675785,4,0.0,20702.0,20.19
2026-09-28T20:28:41.675785,5,0.0,16520.0,32.59
2026-09-28T20:28:41.675785,6,96.0,9328.0,388.68
2026-09-28T20:28:41.675785,7,96.0,13106.0,401.87
2026-09-28T20:28:42.677768,4,0.0,20702.0,20.1
2026-09-28T20:28:42.677768,5,0.0,16520.0,32.74
2026-09-28T20:28:42.677768,6,92.0,9328.0,382.08
2026-09-28T20:28:42.677768,7,94.0,13106.0,398.23
2026-09-28T20:28:43.681057,4,0.0,20702.0,20.07
2026-09-28T20:28:43.681057,5,0.0,16520.0,32.81
2026-09-28T20:28:43.681057,6,87.0,9328.0,387.88
2026-09-28T20:28:43.681057,7,87.0,13106.0,402.52
2026-09-28T20:28:44.714840,4,0.0,20702.0,20.25
2026-09-28T20:28:44.714840,5,0.0,16520.0,32.78
2026-09-28T20:28:44.714840,6,96.0,9328.0,397.21
2026-09-28T20:28:44.714840,7,96.0,13106.0,404.59
2026-09-28T20:28:45.679846,4,0.0,20702.0,20.36
2026-09-28T20:28:45.679846,5,0.0,16520.0,32.59
2026-09-28T20:28:45.679846,6,92.0,9328.0,379.37
2026-09-28T20:28:45.679846,7,92.0,13106.0,405.89
2026-09-28T20:28:46.678514,4,0.0,20702.0,20.28
2026-09-28T20:28:46.678514,5,0.0,16520.0,32.35
2026-09-28T20:28:46.678514,6,96.0,9328.0,393.89
2026-09-28T20:28:46.678514,7,96.0,13106.0,405.93
2026-09-28T20:28:47.679519,4,0.0,20702.0,20.17
2026-09-28T20:28:47.679519,5,0.0,16520.0,32.15
2026-09-28T20:28:47.679519,6,91.0,9328.0,396.85
2026-09-28T20:28:47.679519,7,89.0,13106.0,401.67
2026-09-28T20:28:48.679727,4,0.0,20702.0,20.34
2026-09-28T20:28:48.679727,5,0.0,16520.0,31.96
2026-09-28T20:28:48.679727,6,96.0,9328.0,393.4
2026-09-28T20:28:48.679727,7,96.0,13106.0,405.83
2026-09-28T20:28:49.676709,4,0.0,20702.0,20.51
2026-09-28T20:28:49.676709,5,0.0,16520.0,31.91
2026-09-28T20:28:49.676709,6,92.0,9328.0,383.7
2026-09-28T20:28:49.676709,7,96.0,13106.0,406.58
2026-09-28T20:28:50.702403,4,0.0,20702.0,20.29
2026-09-28T20:28:50.702403,5,0.0,16520.0,31.98
2026-09-28T20:28:50.702403,6,86.0,9328.0,384.86
2026-09-28T20:28:50.702403,7,86.0,13106.0,406.4
2026-09-28T20:28:51.680003,4,0.0,20702.0,20.19
2026-09-28T20:28:51.680003,5,0.0,16520.0,32.01
2026-09-28T20:28:51.680003,6,97.0,9328.0,399.2
2026-09-28T20:28:51.680003,7,96.0,13106.0,411.51
2026-09-28T20:28:52.678159,4,0.0,20702.0,20.3
2026-09-28T20:28:52.678159,5,0.0,16520.0,32.06
2026-09-28T20:28:52.678159,6,91.0,9328.0,387.31
2026-09-28T20:28:52.678159,7,91.0,13106.0,419.92
2026-09-28T20:28:53.675970,4,0.0,20702.0,20.25
2026-09-28T20:28:53.675970,5,0.0,16520.0,32.21
2026-09-28T20:28:53.675970,6,96.0,9328.0,387.77
2026-09-28T20:28:53.675970,7,97.0,13106.0,420.55
2026-09-28T20:28:54.677886,4,0.0,20702.0,20.3
2026-09-28T20:28:54.677886,5,0.0,16520.0,32.39
2026-09-28T20:28:54.677886,6,90.0,9328.0,393.03
2026-09-28T20:28:54.677886,7,93.0,13106.0,413.92
2026-09-28T20:28:55.680093,4,0.0,20702.0,20.23
2026-09-28T20:28:55.680093,5,0.0,16520.0,32.58
2026-09-28T20:28:55.680093,6,96.0,9328.0,395.52
2026-09-28T20:28:55.680093,7,88.0,13106.0,410.33
2026-09-28T20:28:56.678271,4,0.0,20702.0,20.06
2026-09-28T20:28:56.678271,5,0.0,16520.0,32.45
2026-09-28T20:28:56.678271,6,95.0,9328.0,388.56
2026-09-28T20:28:56.678271,7,96.0,13106.0,411.09
2026-09-28T20:28:57.725906,4,0.0,20702.0,20.18
2026-09-28T20:28:57.725906,5,0.0,16520.0,32.2
2026-09-28T20:28:57.725906,6,83.0,9328.0,386.89
2026-09-28T20:28:57.725906,7,95.0,13106.0,408.21
2026-09-28T20:28:58.676189,4,0.0,20702.0,20.27
2026-09-28T20:28:58.676189,5,0.0,16520.0,32.14
2026-09-28T20:28:58.676189,6,95.0,9328.0,387.25
2026-09-28T20:28:58.676189,7,96.0,13106.0,421.48
2026-09-28T20:28:59.676318,4,0.0,20702.0,20.29
2026-09-28T20:28:59.676318,5,0.0,16520.0,32.23
2026-09-28T20:28:59.676318,6,92.0,9328.0,396.76
2026-09-28T20:28:59.676318,7,90.0,13106.0,419.22
2026-09-28T20:29:00.675519,4,0.0,20702.0,20.3
2026-09-28T20:29:00.675519,5,0.0,16520.0,32.25
2026-09-28T20:29:00.675519,6,97.0,9328.0,408.69
2026-09-28T20:29:00.675519,7,96.0,13106.0,410.84
2026-09-28T20:29:01.677419,4,0.0,20702.0,20.16
2026-09-28T20:29:01.677419,5,0.0,16520.0,32.28
2026-09-28T20:29:01.677419,6,93.0,9328.0,399.71
2026-09-28T20:29:01.677419,7,95.0,13106.0,407.46
2026-09-28T20:29:02.678635,4,0.0,20702.0,20.25
2026-09-28T20:29:02.678635,5,0.0,16520.0,32.26
2026-09-28T20:29:02.678635,6,86.0,9328.0,393.93
2026-09-28T20:29:02.678635,7,86.0,13106.0,399.25
2026-09-28T20:29:03.706696,4,0.0,20702.0,20.5
2026-09-28T20:29:03.706696,5,0.0,16520.0,31.81
2026-09-28T20:29:03.706696,6,97.0,9328.0,394.24
2026-09-28T20:29:03.706696,7,96.0,13106.0,406.97
2026-09-28T20:29:04.681324,4,0.0,20702.0,20.38
2026-09-28T20:29:04.681324,5,0.0,16520.0,31.85
2026-09-28T20:29:04.681324,6,91.0,9328.0,400.22
2026-09-28T20:29:04.681324,7,92.0,13106.0,402.6
2026-09-28T20:29:05.676690,4,0.0,20702.0,20.11
2026-09-28T20:29:05.676690,5,0.0,16520.0,32.19
2026-09-28T20:29:05.676690,6,96.0,9328.0,394.71
2026-09-28T20:29:05.676690,7,96.0,13106.0,415.64
2026-09-28T20:29:06.683014,4,0.0,20702.0,20.25
2026-09-28T20:29:06.683014,5,0.0,16520.0,32.18
2026-09-28T20:29:06.683014,6,91.0,9328.0,397.85
2026-09-28T20:29:06.683014,7,92.0,13106.0,407.34
2026-09-28T20:29:07.678046,4,0.0,20702.0,20.33
2026-09-28T20:29:07.678046,5,0.0,16520.0,32.08
2026-09-28T20:29:07.678046,6,96.0,9328.0,402.24
2026-09-28T20:29:07.678046,7,97.0,13106.0,404.03
2026-09-28T20:29:08.677586,4,0.0,20702.0,20.16
2026-09-28T20:29:08.677586,5,0.0,16520.0,31.99
2026-09-28T20:29:08.677586,6,94.0,9328.0,393.42
2026-09-28T20:29:08.677586,7,96.0,13106.0,407.54
2026-09-28T20:29:09.677213,4,0.0,20702.0,19.97
2026-09-28T20:29:09.677213,5,0.0,16520.0,32.05
2026-09-28T20:29:09.677213,6,84.0,9328.0,393.74
2026-09-28T20:29:09.677213,7,92.0,13106.0,402.46
2026-09-28T20:29:10.709929,4,0.0,20702.0,19.72
2026-09-28T20:29:10.709929,5,0.0,16520.0,32.09
2026-09-28T20:29:10.709929,6,96.0,9328.0,397.42
2026-09-28T20:29:10.709929,7,96.0,13106.0,413.82
2026-09-28T20:29:11.683038,4,0.0,20702.0,19.75
2026-09-28T20:29:11.683038,5,0.0,16520.0,31.85
2026-09-28T20:29:11.683038,6,92.0,9328.0,395.64
2026-09-28T20:29:11.683038,7,89.0,13106.0,413.53
2026-09-28T20:29:12.678662,4,0.0,20702.0,19.96
2026-09-28T20:29:12.678662,5,0.0,16520.0,31.62
2026-09-28T20:29:12.678662,6,96.0,9328.0,409.82
2026-09-28T20:29:12.678662,7,97.0,13106.0,410.84
2026-09-28T20:29:13.678741,4,0.0,20702.0,20.0
2026-09-28T20:29:13.678741,5,0.0,16520.0,31.56
2026-09-28T20:29:13.678741,6,91.0,9328.0,397.63
2026-09-28T20:29:13.678741,7,95.0,13106.0,408.69
2026-09-28T20:29:14.681154,4,0.0,20702.0,19.89
2026-09-28T20:29:14.681154,5,0.0,16520.0,31.39
2026-09-28T20:29:14.681154,6,86.0,9328.0,391.48
2026-09-28T20:29:14.681154,7,86.0,13106.0,409.83
2026-09-28T20:29:15.678566,4,0.0,20702.0,19.92
2026-09-28T20:29:15.678566,5,0.0,16520.0,31.23
2026-09-28T20:29:15.678566,6,97.0,9328.0,409.58
2026-09-28T20:29:15.678566,7,97.0,13106.0,412.14
2026-09-28T20:29:16.727661,4,0.0,20702.0,19.93
2026-09-28T20:29:16.727661,5,0.0,16520.0,31.2
2026-09-28T20:29:16.727661,6,93.0,9328.0,400.62
2026-09-28T20:29:16.727661,7,90.0,13106.0,410.08
2026-09-28T20:29:17.678866,4,0.0,20702.0,19.74
2026-09-28T20:29:17.678866,5,0.0,16520.0,31.22
2026-09-28T20:29:17.678866,6,97.0,9328.0,411.76
2026-09-28T20:29:17.678866,7,96.0,13106.0,409.92
2026-09-28T20:29:18.679286,4,0.0,20702.0,19.62
2026-09-28T20:29:18.679286,5,0.0,16520.0,31.23
2026-09-28T20:29:18.679286,6,89.0,9328.0,406.61
2026-09-28T20:29:18.679286,7,89.0,13106.0,407.93
2026-09-28T20:29:19.680692,4,0.0,20702.0,19.57
2026-09-28T20:29:19.680692,5,0.0,16520.0,31.17
2026-09-28T20:29:19.680692,6,96.0,9328.0,400.19
2026-09-28T20:29:19.680692,7,96.0,13106.0,411.56
2026-09-28T20:29:20.679307,4,0.0,20702.0,19.35
2026-09-28T20:29:20.679307,5,0.0,16520.0,31.23
2026-09-28T20:29:20.679307,6,94.0,9328.0,399.71
2026-09-28T20:29:20.679307,7,97.0,13106.0,412.92
2026-09-28T20:29:21.677486,4,0.0,20702.0,19.19
2026-09-28T20:29:21.677486,5,0.0,16520.0,31.33
2026-09-28T20:29:21.677486,6,86.0,9328.0,406.41
2026-09-28T20:29:21.677486,7,87.0,13106.0,403.01
2026-09-28T20:29:22.677573,4,0.0,20702.0,19.25
2026-09-28T20:29:22.677573,5,0.0,16520.0,31.36
2026-09-28T20:29:22.677573,6,98.0,9328.0,404.78
2026-09-28T20:29:22.677573,7,97.0,13106.0,415.64
2026-09-28T20:29:23.715291,4,0.0,20702.0,19.42
2026-09-28T20:29:23.715291,5,0.0,16520.0,31.51
2026-09-28T20:29:23.715291,6,94.0,9328.0,406.71
2026-09-28T20:29:23.715291,7,91.0,13106.0,417.04
2026-09-28T20:29:24.680408,4,0.0,20702.0,19.55
2026-09-28T20:29:24.680408,5,0.0,16520.0,31.55
2026-09-28T20:29:24.680408,6,97.0,9328.0,418.2
2026-09-28T20:29:24.680408,7,96.0,13106.0,409.87
2026-09-28T20:29:25.679318,4,0.0,20702.0,19.59
2026-09-28T20:29:25.679318,5,0.0,16520.0,31.48
2026-09-28T20:29:25.679318,6,90.0,9328.0,409.25
2026-09-28T20:29:25.679318,7,91.0,13106.0,406.97
2026-09-28T20:29:26.681996,4,0.0,20702.0,19.64
2026-09-28T20:29:26.681996,5,0.0,16520.0,31.51
2026-09-28T20:29:26.681996,6,96.0,9328.0,401.14
2026-09-28T20:29:26.681996,7,96.0,13106.0,415.88
2026-09-28T20:29:27.677066,4,0.0,20702.0,19.74
2026-09-28T20:29:27.677066,5,0.0,16520.0,31.41
2026-09-28T20:29:27.677066,6,91.0,9328.0,394.43
2026-09-28T20:29:27.677066,7,96.0,13106.0,408.53
2026-09-28T20:29:28.683369,4,0.0,20702.0,19.79
2026-09-28T20:29:28.683369,5,0.0,16520.0,31.36
2026-09-28T20:29:28.683369,6,86.0,9328.0,395.42
2026-09-28T20:29:28.683369,7,86.0,13106.0,408.45
2026-09-28T20:29:29.728052,4,0.0,20702.0,19.79
2026-09-28T20:29:29.728052,5,0.0,16520.0,31.38
2026-09-28T20:29:29.728052,6,96.0,9328.0,417.17
2026-09-28T20:29:29.728052,7,96.0,13106.0,404.59
2026-09-28T20:29:30.680789,4,0.0,20702.0,19.81
2026-09-28T20:29:30.680789,5,0.0,16520.0,31.25
2026-09-28T20:29:30.680789,6,83.0,9328.0,402.85
2026-09-28T20:29:30.680789,7,91.0,13106.0,410.5
2026-09-28T20:29:31.683477,4,0.0,20702.0,19.73
2026-09-28T20:29:31.683477,5,0.0,16520.0,31.11
2026-09-28T20:29:31.683477,6,95.0,9328.0,399.3
2026-09-28T20:29:31.683477,7,96.0,13106.0,410.08
2026-09-28T20:29:32.678335,4,0.0,20702.0,19.43
2026-09-28T20:29:32.678335,5,0.0,16520.0,31.17
2026-09-28T20:29:32.678335,6,90.0,9328.0,400.66
2026-09-28T20:29:32.678335,7,89.0,13106.0,412.08
2026-09-28T20:29:33.678359,4,0.0,20702.0,19.17
2026-09-28T20:29:33.678359,5,0.0,16520.0,31.33
2026-09-28T20:29:33.678359,6,96.0,9328.0,406.82
2026-09-28T20:29:33.678359,7,96.0,13106.0,413.02
2026-09-28T20:29:34.679543,4,0.0,20702.0,19.39
2026-09-28T20:29:34.679543,5,0.0,16520.0,31.32
2026-09-28T20:29:34.679543,6,93.0,9328.0,399.76
2026-09-28T20:29:34.679543,7,97.0,13106.0,415.82
2026-09-28T20:29:35.682556,4,0.0,20702.0,19.56
2026-09-28T20:29:35.682556,5,0.0,16520.0,31.23
2026-09-28T20:29:35.682556,6,85.0,9328.0,398.17
2026-09-28T20:29:35.682556,7,84.0,13106.0,405.91
2026-09-28T20:29:36.692684,4,0.0,20702.0,19.5
2026-09-28T20:29:36.692684,5,0.0,16520.0,31.18
2026-09-28T20:29:36.692684,6,97.0,9328.0,408.64
2026-09-28T20:29:36.692684,7,97.0,13106.0,409.16
2026-09-28T20:29:37.684095,4,0.0,20702.0,19.48
2026-09-28T20:29:37.684095,5,0.0,16520.0,31.19
2026-09-28T20:29:37.684095,6,91.0,9328.0,411.67
2026-09-28T20:29:37.684095,7,93.0,13106.0,406.9
2026-09-28T20:29:38.677692,4,0.0,20702.0,19.49
2026-09-28T20:29:38.677692,5,0.0,16520.0,31.24
2026-09-28T20:29:38.677692,6,97.0,9328.0,409.7
2026-09-28T20:29:38.677692,7,96.0,13106.0,420.88
2026-09-28T20:29:39.677040,4,37.0,20702.0,37.63
2026-09-28T20:29:39.677040,5,0.0,16520.0,31.35
2026-09-28T20:29:39.677040,6,0.0,9328.0,197.06
2026-09-28T20:29:39.677040,7,100.0,13106.0,190.03
2026-09-28T20:29:40.686883,4,60.0,20702.0,373.93
2026-09-28T20:29:40.686883,5,0.0,16520.0,31.35
2026-09-28T20:29:40.686883,6,0.0,9328.0,119.66
2026-09-28T20:29:40.686883,7,100.0,13106.0,142.71
2026-09-28T20:29:41.676783,4,64.0,20702.0,294.87
2026-09-28T20:29:41.676783,5,0.0,16520.0,31.34
2026-09-28T20:29:41.676783,6,0.0,9328.0,110.96
2026-09-28T20:29:41.676783,7,100.0,13106.0,142.68
2026-09-28T20:29:42.714618,4,66.0,20702.0,300.72
2026-09-28T20:29:42.714618,5,0.0,16520.0,31.42
2026-09-28T20:29:42.714618,6,0.0,9328.0,105.41
2026-09-28T20:29:42.714618,7,100.0,13106.0,142.51
2026-09-28T20:29:43.678519,4,66.0,20702.0,305.46
2026-09-28T20:29:43.678519,5,0.0,16520.0,31.47
2026-09-28T20:29:43.678519,6,0.0,9328.0,100.19
2026-09-28T20:29:43.678519,7,100.0,13106.0,142.05
2026-09-28T20:29:44.687289,4,66.0,20702.0,306.73
2026-09-28T20:29:44.687289,5,0.0,16520.0,31.48
2026-09-28T20:29:44.687289,6,0.0,9328.0,99.75
2026-09-28T20:29:44.687289,7,100.0,13106.0,142.02
2026-09-28T20:29:45.677450,4,73.0,20702.0,310.53
2026-09-28T20:29:45.677450,5,0.0,16520.0,31.3
2026-09-28T20:29:45.677450,6,0.0,9328.0,98.94
2026-09-28T20:29:45.677450,7,100.0,13106.0,141.49
2026-09-28T20:29:46.683608,4,75.0,20702.0,313.6
2026-09-28T20:29:46.683608,5,0.0,16520.0,30.99
2026-09-28T20:29:46.683608,6,0.0,9328.0,97.6
2026-09-28T20:29:46.683608,7,100.0,13106.0,141.04
2026-09-28T20:29:47.678884,4,75.0,20702.0,314.22
2026-09-28T20:29:47.678884,5,0.0,16520.0,30.9
2026-09-28T20:29:47.678884,6,0.0,9328.0,96.06
2026-09-28T20:29:47.678884,7,100.0,13106.0,140.04
2026-09-28T20:29:48.680119,4,0.0,20702.0,252.05
2026-09-28T20:29:48.680119,5,0.0,16520.0,31.02
2026-09-28T20:29:48.680119,6,0.0,9328.0,94.9
2026-09-28T20:29:48.680119,7,100.0,13106.0,139.05
2026-09-28T20:29:49.725422,4,76.0,20702.0,246.67
2026-09-28T20:29:49.725422,5,0.0,16520.0,31.09
2026-09-28T20:29:49.725422,6,0.0,9328.0,93.65
2026-09-28T20:29:49.725422,7,100.0,13106.0,138.23
2026-09-28T20:29:50.681365,4,70.0,20702.0,320.1
2026-09-28T20:29:50.681365,5,0.0,16520.0,30.83
2026-09-28T20:29:50.681365,6,0.0,9328.0,92.11
2026-09-28T20:29:50.681365,7,100.0,13106.0,137.05
2026-09-28T20:29:51.675650,4,72.0,20702.0,320.19
2026-09-28T20:29:51.675650,5,0.0,16520.0,30.7
2026-09-28T20:29:51.675650,6,0.0,9328.0,90.86
2026-09-28T20:29:51.675650,7,100.0,13106.0,136.0
2026-09-28T20:29:52.681332,4,75.0,20702.0,322.9
2026-09-28T20:29:52.681332,5,0.0,16520.0,30.7
2026-09-28T20:29:52.681332,6,0.0,9328.0,89.65
2026-09-28T20:29:52.681332,7,100.0,13106.0,135.37
2026-09-28T20:29:53.680494,4,78.0,20702.0,323.53
2026-09-28T20:29:53.680494,5,0.0,16520.0,30.75
2026-09-28T20:29:53.680494,6,0.0,9328.0,88.15
2026-09-28T20:29:53.680494,7,100.0,13106.0,134.33
2026-09-28T20:29:54.686427,4,79.0,20702.0,324.32
2026-09-28T20:29:54.686427,5,0.0,16520.0,30.82
2026-09-28T20:29:54.686427,6,0.0,9328.0,86.48
2026-09-28T20:29:54.686427,7,100.0,13106.0,133.4
2026-09-28T20:29:55.680393,4,76.0,20702.0,327.23
2026-09-28T20:29:55.680393,5,0.0,16520.0,30.78
2026-09-28T20:29:55.680393,6,0.0,9328.0,85.17
2026-09-28T20:29:55.680393,7,100.0,13106.0,132.05
2026-09-28T20:29:56.709976,4,73.0,20702.0,326.83
2026-09-28T20:29:56.709976,5,0.0,16520.0,30.71
2026-09-28T20:29:56.709976,6,0.0,9328.0,80.09
2026-09-28T20:29:56.709976,7,100.0,13106.0,131.19
2026-09-28T20:29:57.684252,4,79.0,20702.0,328.81
2026-09-28T20:29:57.684252,5,0.0,16520.0,30.58
2026-09-28T20:29:57.684252,6,0.0,9328.0,54.3
2026-09-28T20:29:57.684252,7,100.0,13106.0,129.58
2026-09-28T20:29:58.682442,4,76.0,20702.0,330.96
2026-09-28T20:29:58.682442,5,0.0,16520.0,30.85
2026-09-28T20:29:58.682442,6,0.0,9328.0,29.09
2026-09-28T20:29:58.682442,7,100.0,13106.0,129.22
2026-09-28T20:29:59.688512,4,78.0,20702.0,331.62
2026-09-28T20:29:59.688512,5,0.0,16520.0,30.99
2026-09-28T20:29:59.688512,6,0.0,9328.0,24.94
2026-09-28T20:29:59.688512,7,100.0,13106.0,128.13
2026-09-28T20:30:00.685410,4,81.0,20702.0,333.54
2026-09-28T20:30:00.685410,5,0.0,16520.0,30.82
2026-09-28T20:30:00.685410,6,0.0,9328.0,24.87
2026-09-28T20:30:00.685410,7,100.0,13106.0,127.05
2026-09-28T20:30:01.686910,4,80.0,20702.0,334.13
2026-09-28T20:30:01.686910,5,0.0,16520.0,30.91
2026-09-28T20:30:01.686910,6,0.0,9328.0,24.64
2026-09-28T20:30:01.686910,7,100.0,13106.0,126.36
2026-09-28T20:30:02.718600,4,78.0,20702.0,336.1
2026-09-28T20:30:02.718600,5,0.0,16520.0,30.83
2026-09-28T20:30:02.718600,6,0.0,9328.0,24.39
2026-09-28T20:30:02.718600,7,100.0,13106.0,125.06
2026-09-28T20:30:03.685607,4,79.0,20702.0,336.52
2026-09-28T20:30:03.685607,5,0.0,16520.0,30.53
2026-09-28T20:30:03.685607,6,0.0,9328.0,24.27
2026-09-28T20:30:03.685607,7,100.0,13106.0,123.77
2026-09-28T20:30:04.684928,4,82.0,20702.0,334.11
2026-09-28T20:30:04.684928,5,0.0,16520.0,30.61
2026-09-28T20:30:04.684928,6,0.0,9328.0,23.92
2026-09-28T20:30:04.684928,7,100.0,13106.0,122.51
2026-09-28T20:30:05.678683,4,65.0,20702.0,329.01
2026-09-28T20:30:05.678683,5,0.0,16520.0,30.79
2026-09-28T20:30:05.678683,6,0.0,9328.0,23.51
2026-09-28T20:30:05.678683,7,100.0,13106.0,121.05
2026-09-28T20:30:06.684529,4,80.0,20702.0,198.73
2026-09-28T20:30:06.684529,5,0.0,16520.0,30.72
2026-09-28T20:30:06.684529,6,0.0,9328.0,23.2
2026-09-28T20:30:06.684529,7,100.0,13106.0,118.87
2026-09-28T20:30:07.681822,4,83.0,20702.0,331.29
2026-09-28T20:30:07.681822,5,0.0,16520.0,30.51
2026-09-28T20:30:07.681822,6,0.0,9328.0,23.1
2026-09-28T20:30:07.681822,7,100.0,13106.0,117.03
2026-09-28T20:30:08.686651,4,81.0,20702.0,331.13
2026-09-28T20:30:08.686651,5,0.0,16520.0,30.33
2026-09-28T20:30:08.686651,6,0.0,9328.0,23.14
2026-09-28T20:30:08.686651,7,100.0,13106.0,117.17
2026-09-28T20:30:09.716367,4,82.0,20702.0,334.2
2026-09-28T20:30:09.716367,5,0.0,16520.0,30.29
2026-09-28T20:30:09.716367,6,0.0,9328.0,23.05
2026-09-28T20:30:09.716367,7,100.0,13106.0,116.64
2026-09-28T20:30:10.680344,4,83.0,20702.0,335.28
2026-09-28T20:30:10.680344,5,0.0,16520.0,30.35
2026-09-28T20:30:10.680344,6,0.0,9328.0,22.86
2026-09-28T20:30:10.680344,7,100.0,13106.0,116.24
2026-09-28T20:30:11.683762,4,82.0,20702.0,337.79
2026-09-28T20:30:11.683762,5,0.0,16520.0,30.33
2026-09-28T20:30:11.683762,6,0.0,9328.0,22.7
2026-09-28T20:30:11.683762,7,100.0,13106.0,115.6
2026-09-28T20:30:12.687049,4,86.0,20702.0,338.28
2026-09-28T20:30:12.687049,5,0.0,16520.0,30.12
2026-09-28T20:30:12.687049,6,0.0,9328.0,22.67
2026-09-28T20:30:12.687049,7,100.0,13106.0,115.46
2026-09-28T20:30:13.685281,4,83.0,20702.0,337.73
2026-09-28T20:30:13.685281,5,0.0,16520.0,30.13
2026-09-28T20:30:13.685281,6,0.0,9328.0,22.64
2026-09-28T20:30:13.685281,7,100.0,13106.0,115.3
2026-09-28T20:30:14.685734,4,85.0,20702.0,340.43
2026-09-28T20:30:14.685734,5,0.0,16520.0,30.38
2026-09-28T20:30:14.685734,6,0.0,9328.0,22.51
2026-09-28T20:30:14.685734,7,100.0,13106.0,114.53
2026-09-28T20:30:15.721266,4,86.0,20702.0,332.53
2026-09-28T20:30:15.721266,5,0.0,16520.0,30.55
2026-09-28T20:30:15.721266,6,0.0,9328.0,22.36
2026-09-28T20:30:15.721266,7,100.0,13106.0,114.29
2026-09-28T20:30:16.683287,4,86.0,20702.0,321.41
2026-09-28T20:30:16.683287,5,0.0,16520.0,30.34
2026-09-28T20:30:16.683287,6,0.0,9328.0,22.39
2026-09-28T20:30:16.683287,7,100.0,13106.0,113.81
2026-09-28T20:30:17.681570,4,86.0,20702.0,318.58
2026-09-28T20:30:17.681570,5,0.0,16520.0,30.21
2026-09-28T20:30:17.681570,6,0.0,9328.0,22.47
2026-09-28T20:30:17.681570,7,100.0,13106.0,113.48
2026-09-28T20:30:18.684944,4,85.0,20702.0,320.41
2026-09-28T20:30:18.684944,5,0.0,16520.0,30.39
2026-09-28T20:30:18.684944,6,0.0,9328.0,22.52
2026-09-28T20:30:18.684944,7,100.0,13106.0,113.42
2026-09-28T20:30:19.684351,4,87.0,20702.0,323.05
2026-09-28T20:30:19.684351,5,0.0,16520.0,30.64
2026-09-28T20:30:19.684351,6,0.0,9328.0,22.51
2026-09-28T20:30:19.684351,7,100.0,13106.0,113.33
2026-09-28T20:30:20.680825,4,87.0,20702.0,318.81
2026-09-28T20:30:20.680825,5,0.0,16520.0,30.82
2026-09-28T20:30:20.680825,6,0.0,9328.0,22.46
2026-09-28T20:30:20.680825,7,100.0,13106.0,113.27
2026-09-28T20:30:21.682656,4,88.0,20702.0,321.19
2026-09-28T20:30:21.682656,5,0.0,16520.0,30.81
2026-09-28T20:30:21.682656,6,0.0,9328.0,22.58
2026-09-28T20:30:21.682656,7,100.0,13106.0,113.55
2026-09-28T20:30:22.717164,4,88.0,20702.0,315.86
2026-09-28T20:30:22.717164,5,0.0,16520.0,30.9
2026-09-28T20:30:22.717164,6,0.0,9328.0,22.68
2026-09-28T20:30:22.717164,7,100.0,13106.0,113.21
2026-09-28T20:30:23.683757,4,86.0,20702.0,308.44
2026-09-28T20:30:23.683757,5,0.0,16520.0,30.87
2026-09-28T20:30:23.683757,6,0.0,9328.0,22.59
2026-09-28T20:30:23.683757,7,100.0,13106.0,113.11
2026-09-28T20:30:24.684067,4,90.0,20702.0,286.49
2026-09-28T20:30:24.684067,5,0.0,16520.0,30.83
2026-09-28T20:30:24.684067,6,0.0,9328.0,22.39
2026-09-28T20:30:24.684067,7,100.0,13106.0,112.91
2026-09-28T20:30:25.682173,4,91.0,20702.0,268.6
2026-09-28T20:30:25.682173,5,0.0,16520.0,30.84
2026-09-28T20:30:25.682173,6,0.0,9328.0,22.31
2026-09-28T20:30:25.682173,7,100.0,13106.0,113.05
2026-09-28T20:30:26.677350,4,0.0,20702.0,222.15
2026-09-28T20:30:26.677350,5,0.0,16520.0,30.75
2026-09-28T20:30:26.677350,6,12.0,9328.0,35.18
2026-09-28T20:30:26.677350,7,12.0,13106.0,111.21
2026-09-28T20:30:27.676835,4,0.0,20702.0,131.43
2026-09-28T20:30:27.676835,5,0.0,16520.0,30.74
2026-09-28T20:30:27.676835,6,11.0,9328.0,85.39
2026-09-28T20:30:27.676835,7,11.0,13106.0,105.31
2026-09-28T20:30:28.681886,4,0.0,20702.0,97.57
2026-09-28T20:30:28.681886,5,0.0,16520.0,30.74
2026-09-28T20:30:28.681886,6,12.0,9328.0,83.97
2026-09-28T20:30:28.681886,7,12.0,13106.0,100.0
2026-09-28T20:30:29.683462,4,0.0,20702.0,91.19
2026-09-28T20:30:29.683462,5,91.0,16520.0,131.74
2026-09-28T20:30:29.683462,6,0.0,9328.0,84.79
2026-09-28T20:30:29.683462,7,100.0,13106.0,91.77
2026-09-28T20:30:30.677579,4,0.0,20702.0,84.84
2026-09-28T20:30:30.677579,5,99.0,16520.0,448.37
2026-09-28T20:30:30.677579,6,0.0,9328.0,80.86
2026-09-28T20:30:30.677579,7,100.0,13106.0,110.88
2026-09-28T20:30:31.677317,4,0.0,20702.0,84.6
2026-09-28T20:30:31.677317,5,95.0,16520.0,449.87
2026-09-28T20:30:31.677317,6,0.0,9328.0,80.2
2026-09-28T20:30:31.677317,7,100.0,13106.0,112.41
2026-09-28T20:30:32.676581,4,0.0,20702.0,84.58
2026-09-28T20:30:32.676581,5,95.0,16520.0,449.23
2026-09-28T20:30:32.676581,6,0.0,9328.0,80.03
2026-09-28T20:30:32.676581,7,100.0,13106.0,112.64
2026-09-28T20:30:33.678160,4,0.0,20702.0,84.59
2026-09-28T20:30:33.678160,5,95.0,16520.0,447.46
2026-09-28T20:30:33.678160,6,0.0,9328.0,79.93
2026-09-28T20:30:33.678160,7,100.0,13106.0,112.69
2026-09-28T20:30:34.677835,4,0.0,20702.0,84.25
2026-09-28T20:30:34.677835,5,93.0,16520.0,448.41
2026-09-28T20:30:34.677835,6,0.0,9328.0,80.05
2026-09-28T20:30:34.677835,7,100.0,13106.0,112.61
2026-09-28T20:30:35.695757,4,0.0,20702.0,84.08
2026-09-28T20:30:35.695757,5,95.0,16520.0,448.01
2026-09-28T20:30:35.695757,6,0.0,9328.0,80.16
2026-09-28T20:30:35.695757,7,100.0,13106.0,112.75
2026-09-28T20:30:36.681618,4,0.0,20702.0,83.95
2026-09-28T20:30:36.681618,5,96.0,16520.0,447.97
2026-09-28T20:30:36.681618,6,0.0,9328.0,80.35
2026-09-28T20:30:36.681618,7,100.0,13106.0,112.65
2026-09-28T20:30:37.679508,4,0.0,20702.0,83.49
2026-09-28T20:30:37.679508,5,93.0,16520.0,447.24
2026-09-28T20:30:37.679508,6,0.0,9328.0,80.47
2026-09-28T20:30:37.679508,7,100.0,13106.0,112.68
2026-09-28T20:30:38.678941,4,0.0,20702.0,83.04
2026-09-28T20:30:38.678941,5,99.0,16520.0,448.85
2026-09-28T20:30:38.678941,6,0.0,9328.0,80.46
2026-09-28T20:30:38.678941,7,100.0,13106.0,112.72
2026-09-28T20:30:39.680589,4,0.0,20702.0,82.78
2026-09-28T20:30:39.680589,5,95.0,16520.0,448.67
2026-09-28T20:30:39.680589,6,0.0,9328.0,80.21
2026-09-28T20:30:39.680589,7,100.0,13106.0,112.69
2026-09-28T20:30:40.678580,4,0.0,20702.0,82.58
2026-09-28T20:30:40.678580,5,94.0,16520.0,447.16
2026-09-28T20:30:40.678580,6,0.0,9328.0,80.14
2026-09-28T20:30:40.678580,7,100.0,13106.0,112.53
2026-09-28T20:30:41.680324,4,0.0,20702.0,82.37
2026-09-28T20:30:41.680324,5,99.0,16520.0,448.25
2026-09-28T20:30:41.680324,6,0.0,9328.0,80.46
2026-09-28T20:30:41.680324,7,100.0,13106.0,112.76
2026-09-28T20:30:42.713640,4,0.0,20702.0,82.33
2026-09-28T20:30:42.713640,5,98.0,16520.0,449.15
2026-09-28T20:30:42.713640,6,0.0,9328.0,80.65
2026-09-28T20:30:42.713640,7,100.0,13106.0,112.57
2026-09-28T20:30:43.681218,4,0.0,20702.0,61.27
2026-09-28T20:30:43.681218,5,99.0,16520.0,449.05
2026-09-28T20:30:43.681218,6,0.0,9328.0,80.56
2026-09-28T20:30:43.681218,7,100.0,13106.0,112.5
2026-09-28T20:30:44.683386,4,0.0,20702.0,31.78
2026-09-28T20:30:44.683386,5,95.0,16520.0,448.34
2026-09-28T20:30:44.683386,6,0.0,9328.0,80.22
2026-09-28T20:30:44.683386,7,100.0,13106.0,112.22
2026-09-28T20:30:45.681008,4,0.0,20702.0,22.54
2026-09-28T20:30:45.681008,5,95.0,16520.0,448.95
2026-09-28T20:30:45.681008,6,0.0,9328.0,79.83
2026-09-28T20:30:45.681008,7,100.0,13106.0,112.5
2026-09-28T20:30:46.682859,4,0.0,20702.0,21.65
2026-09-28T20:30:46.682859,5,92.0,16520.0,448.03
2026-09-28T20:30:46.682859,6,0.0,9328.0,75.78
2026-09-28T20:30:46.682859,7,100.0,13106.0,112.34
2026-09-28T20:30:47.683232,4,0.0,20702.0,21.55
2026-09-28T20:30:47.683232,5,95.0,16520.0,448.6
2026-09-28T20:30:47.683232,6,0.0,9328.0,50.49
2026-09-28T20:30:47.683232,7,100.0,13106.0,112.28
2026-09-28T20:30:48.681380,4,0.0,20702.0,21.23
2026-09-28T20:30:48.681380,5,95.0,16520.0,448.75
2026-09-28T20:30:48.681380,6,0.0,9328.0,25.58
2026-09-28T20:30:48.681380,7,100.0,13106.0,112.05
2026-09-28T20:30:49.734065,4,0.0,20702.0,20.93
2026-09-28T20:30:49.734065,5,95.0,16520.0,447.74
2026-09-28T20:30:49.734065,6,0.0,9328.0,22.11
2026-09-28T20:30:49.734065,7,100.0,13106.0,111.92
2026-09-28T20:30:50.683454,4,0.0,20702.0,20.88
2026-09-28T20:30:50.683454,5,82.0,16520.0,437.49
2026-09-28T20:30:50.683454,6,0.0,9328.0,22.0
2026-09-28T20:30:50.683454,7,100.0,13106.0,112.4
2026-09-28T20:30:51.685168,4,0.0,20702.0,21.08
2026-09-28T20:30:51.685168,5,96.0,16520.0,445.72
2026-09-28T20:30:51.685168,6,0.0,9328.0,22.07
2026-09-28T20:30:51.685168,7,100.0,13106.0,112.4
2026-09-28T20:30:52.685535,4,0.0,20702.0,21.2
2026-09-28T20:30:52.685535,5,99.0,16520.0,448.98
2026-09-28T20:30:52.685535,6,0.0,9328.0,22.26
2026-09-28T20:30:52.685535,7,100.0,13106.0,112.4
2026-09-28T20:30:53.685530,4,0.0,20702.0,21.08
2026-09-28T20:30:53.685530,5,93.0,16520.0,446.59
2026-09-28T20:30:53.685530,6,0.0,9328.0,22.2
2026-09-28T20:30:53.685530,7,100.0,13106.0,112.34
2026-09-28T20:30:54.683376,4,0.0,20702.0,21.05
2026-09-28T20:30:54.683376,5,95.0,16520.0,447.8
2026-09-28T20:30:54.683376,6,0.0,9328.0,22.2
2026-09-28T20:30:54.683376,7,100.0,13106.0,112.55
2026-09-28T20:30:55.681999,4,0.0,20702.0,21.03
2026-09-28T20:30:55.681999,5,95.0,16520.0,447.37
2026-09-28T20:30:55.681999,6,0.0,9328.0,22.3
2026-09-28T20:30:55.681999,7,100.0,13106.0,112.46
2026-09-28T20:30:56.706762,4,0.0,20702.0,21.07
2026-09-28T20:30:56.706762,5,99.0,16520.0,447.24
2026-09-28T20:30:56.706762,6,0.0,9328.0,22.26
2026-09-28T20:30:56.706762,7,100.0,13106.0,112.2
2026-09-28T20:30:57.682933,4,0.0,20702.0,20.99
2026-09-28T20:30:57.682933,5,94.0,16520.0,447.84
2026-09-28T20:30:57.682933,6,0.0,9328.0,22.09
2026-09-28T20:30:57.682933,7,100.0,13106.0,111.98
2026-09-28T20:30:58.686411,4,0.0,20702.0,20.85
2026-09-28T20:30:58.686411,5,3.0,16520.0,413.88
2026-09-28T20:30:58.686411,6,0.0,9328.0,22.09
2026-09-28T20:30:58.686411,7,100.0,13106.0,112.25
2026-09-28T20:30:59.694076,4,0.0,20702.0,20.83
2026-09-28T20:30:59.694076,5,0.0,16520.0,149.61
2026-09-28T20:30:59.694076,6,94.0,9328.0,210.8
2026-09-28T20:30:59.694076,7,95.0,13106.0,309.43
2026-09-28T20:31:00.684430,4,0.0,20702.0,20.88
2026-09-28T20:31:00.684430,5,0.0,16520.0,115.85
2026-09-28T20:31:00.684430,6,93.0,9328.0,335.22
2026-09-28T20:31:00.684430,7,94.0,13106.0,375.17
2026-09-28T20:31:01.687502,4,0.0,20702.0,20.88
2026-09-28T20:31:01.687502,5,0.0,16520.0,109.17
2026-09-28T20:31:01.687502,6,84.0,9328.0,330.88
2026-09-28T20:31:01.687502,7,83.0,13106.0,386.95
2026-09-28T20:31:02.711888,4,0.0,20702.0,20.82
2026-09-28T20:31:02.711888,5,0.0,16520.0,102.63
2026-09-28T20:31:02.711888,6,80.0,9328.0,330.84
2026-09-28T20:31:02.711888,7,84.0,13106.0,389.56
2026-09-28T20:31:03.687087,4,0.0,20702.0,20.87
2026-09-28T20:31:03.687087,5,0.0,16520.0,102.44
2026-09-28T20:31:03.687087,6,76.0,9328.0,337.88
2026-09-28T20:31:03.687087,7,84.0,13106.0,389.61
2026-09-28T20:31:04.683175,4,0.0,20702.0,20.79
2026-09-28T20:31:04.683175,5,0.0,16520.0,102.08
2026-09-28T20:31:04.683175,6,95.0,9328.0,327.08
2026-09-28T20:31:04.683175,7,96.0,13106.0,389.96
2026-09-28T20:31:05.703414,4,0.0,20702.0,20.55
2026-09-28T20:31:05.703414,5,0.0,16520.0,101.43
2026-09-28T20:31:05.703414,6,93.0,9328.0,327.88
2026-09-28T20:31:05.703414,7,95.0,13106.0,393.89
2026-09-28T20:31:06.686878,4,0.0,20702.0,20.51
2026-09-28T20:31:06.686878,5,0.0,16520.0,100.68
2026-09-28T20:31:06.686878,6,95.0,9328.0,339.14
2026-09-28T20:31:06.686878,7,96.0,13106.0,393.95
2026-09-28T20:31:07.698967,4,0.0,20702.0,20.78
2026-09-28T20:31:07.698967,5,0.0,16520.0,100.12
2026-09-28T20:31:07.698967,6,82.0,9328.0,331.18
2026-09-28T20:31:07.698967,7,83.0,13106.0,391.91
2026-09-28T20:31:08.682126,4,0.0,20702.0,20.83
2026-09-28T20:31:08.682126,5,0.0,16520.0,99.68
2026-09-28T20:31:08.682126,6,78.0,9328.0,325.64
2026-09-28T20:31:08.682126,7,83.0,13106.0,396.02
2026-09-28T20:31:09.768465,4,0.0,20702.0,20.64
2026-09-28T20:31:09.768465,5,0.0,16520.0,98.95
2026-09-28T20:31:09.768465,6,79.0,9328.0,334.72
2026-09-28T20:31:09.768465,7,91.0,13106.0,392.6
2026-09-28T20:31:10.687980,4,0.0,20702.0,20.63
2026-09-28T20:31:10.687980,5,0.0,16520.0,98.32
2026-09-28T20:31:10.687980,6,94.0,9328.0,334.62
2026-09-28T20:31:10.687980,7,94.0,13106.0,398.92
2026-09-28T20:31:11.689342,4,0.0,20702.0,20.68
2026-09-28T20:31:11.689342,5,0.0,16520.0,97.8
2026-09-28T20:31:11.689342,6,93.0,9328.0,334.41
2026-09-28T20:31:11.689342,7,95.0,13106.0,402.65
2026-09-28T20:31:12.684282,4,0.0,20702.0,20.77
2026-09-28T20:31:12.684282,5,0.0,16520.0,97.42
2026-09-28T20:31:12.684282,6,93.0,9328.0,350.05
2026-09-28T20:31:12.684282,7,90.0,13106.0,393.93
2026-09-28T20:31:13.684629,4,0.0,20702.0,20.74
2026-09-28T20:31:13.684629,5,0.0,16520.0,96.81
2026-09-28T20:31:13.684629,6,84.0,9328.0,321.89
2026-09-28T20:31:13.684629,7,80.0,13106.0,396.03
2026-09-28T20:31:14.685209,4,0.0,20702.0,20.68
2026-09-28T20:31:14.685209,5,0.0,16520.0,95.95
2026-09-28T20:31:14.685209,6,78.0,9328.0,321.3
2026-09-28T20:31:14.685209,7,82.0,13106.0,386.06
2026-09-28T20:31:15.684749,4,0.0,20702.0,20.62
2026-09-28T20:31:15.684749,5,0.0,16520.0,81.11
2026-09-28T20:31:15.684749,6,87.0,9328.0,335.18
2026-09-28T20:31:15.684749,7,90.0,13106.0,401.01
2026-09-28T20:31:16.705965,4,0.0,20702.0,20.57
2026-09-28T20:31:16.705965,5,0.0,16520.0,55.18
2026-09-28T20:31:16.705965,6,94.0,9328.0,329.17
2026-09-28T20:31:16.705965,7,95.0,13106.0,400.03
2026-09-28T20:31:17.689719,4,0.0,20702.0,20.65
2026-09-28T20:31:17.689719,5,0.0,16520.0,39.32
2026-09-28T20:31:17.689719,6,93.0,9328.0,336.85
2026-09-28T20:31:17.689719,7,96.0,13106.0,402.2
2026-09-28T20:31:18.689411,4,0.0,20702.0,20.89
2026-09-28T20:31:18.689411,5,0.0,16520.0,34.54
2026-09-28T20:31:18.689411,6,94.0,9328.0,328.58
2026-09-28T20:31:18.689411,7,84.0,13106.0,397.52
2026-09-28T20:31:19.687259,4,0.0,20702.0,20.92
2026-09-28T20:31:19.687259,5,0.0,16520.0,34.03
2026-09-28T20:31:19.687259,6,81.0,9328.0,331.08
2026-09-28T20:31:19.687259,7,91.0,13106.0,397.71
2026-09-28T20:31:20.685160,4,0.0,20702.0,20.73
2026-09-28T20:31:20.685160,5,0.0,16520.0,33.78
2026-09-28T20:31:20.685160,6,79.0,9328.0,324.61
2026-09-28T20:31:20.685160,7,83.0,13106.0,405.81
2026-09-28T20:31:21.684911,4,0.0,20702.0,20.72
2026-09-28T20:31:21.684911,5,0.0,16520.0,33.58
2026-09-28T20:31:21.684911,6,90.0,9328.0,339.81
2026-09-28T20:31:21.684911,7,91.0,13106.0,397.89
2026-09-28T20:31:22.722972,4,0.0,20702.0,20.45
2026-09-28T20:31:22.722972,5,0.0,16520.0,33.03
2026-09-28T20:31:22.722972,6,94.0,9328.0,356.93
2026-09-28T20:31:22.722972,7,96.0,13106.0,402.85
2026-09-28T20:31:23.688738,4,0.0,20702.0,20.36
2026-09-28T20:31:23.688738,5,0.0,16520.0,32.78
2026-09-28T20:31:23.688738,6,93.0,9328.0,339.64
2026-09-28T20:31:23.688738,7,96.0,13106.0,408.15
2026-09-28T20:31:24.691584,4,0.0,20702.0,20.41
2026-09-28T20:31:24.691584,5,0.0,16520.0,32.9
2026-09-28T20:31:24.691584,6,95.0,9328.0,335.23
2026-09-28T20:31:24.691584,7,87.0,13106.0,411.05
2026-09-28T20:31:25.688020,4,0.0,20702.0,20.36
2026-09-28T20:31:25.688020,5,0.0,16520.0,32.83
2026-09-28T20:31:25.688020,6,82.0,9328.0,334.93
2026-09-28T20:31:25.688020,7,84.0,13106.0,408.54
2026-09-28T20:31:26.688655,4,0.0,20702.0,20.33
2026-09-28T20:31:26.688655,5,0.0,16520.0,32.72
2026-09-28T20:31:26.688655,6,80.0,9328.0,340.13
2026-09-28T20:31:26.688655,7,83.0,13106.0,413.48
2026-09-28T20:31:27.689544,4,0.0,20702.0,20.44
2026-09-28T20:31:27.689544,5,0.0,16520.0,32.37
2026-09-28T20:31:27.689544,6,79.0,9328.0,347.92
2026-09-28T20:31:27.689544,7,92.0,13106.0,407.99
2026-09-28T20:31:28.688497,4,0.0,20702.0,20.55
2026-09-28T20:31:28.688497,5,0.0,16520.0,31.84
2026-09-28T20:31:28.688497,6,93.0,9328.0,336.24
2026-09-28T20:31:28.688497,7,94.0,13106.0,402.32
2026-09-28T20:31:29.728198,4,0.0,20702.0,20.45
2026-09-28T20:31:29.728198,5,0.0,16520.0,31.82
2026-09-28T20:31:29.728198,6,94.0,9328.0,341.01
2026-09-28T20:31:29.728198,7,86.0,13106.0,403.57
2026-09-28T20:31:30.688947,4,0.0,20702.0,20.39
2026-09-28T20:31:30.688947,5,0.0,16520.0,32.03
2026-09-28T20:31:30.688947,6,93.0,9328.0,350.79
2026-09-28T20:31:30.688947,7,84.0,13106.0,403.32
2026-09-28T20:31:31.687663,4,0.0,20702.0,20.45
2026-09-28T20:31:31.687663,5,0.0,16520.0,31.91
2026-09-28T20:31:31.687663,6,85.0,9328.0,332.61
2026-09-28T20:31:31.687663,7,83.0,13106.0,406.03
2026-09-28T20:31:32.688273,4,0.0,20702.0,20.52
2026-09-28T20:31:32.688273,5,0.0,16520.0,31.85
2026-09-28T20:31:32.688273,6,77.0,9328.0,333.28
2026-09-28T20:31:32.688273,7,93.0,13106.0,408.43
2026-09-28T20:31:33.687394,4,0.0,20702.0,20.46
2026-09-28T20:31:33.687394,5,0.0,16520.0,31.8
2026-09-28T20:31:33.687394,6,77.0,9328.0,331.28
2026-09-28T20:31:33.687394,7,96.0,13106.0,414.04
2026-09-28T20:31:34.687176,4,0.0,20702.0,20.42
2026-09-28T20:31:34.687176,5,0.0,16520.0,31.81
2026-09-28T20:31:34.687176,6,91.0,9328.0,326.85
2026-09-28T20:31:34.687176,7,95.0,13106.0,405.81
2026-09-28T20:31:35.713560,4,0.0,20702.0,20.48
2026-09-28T20:31:35.713560,5,0.0,16520.0,31.77
2026-09-28T20:31:35.713560,6,93.0,9328.0,330.95
2026-09-28T20:31:35.713560,7,96.0,13106.0,416.46
2026-09-28T20:31:36.691293,4,0.0,20702.0,20.46
2026-09-28T20:31:36.691293,5,0.0,16520.0,31.65
2026-09-28T20:31:36.691293,6,93.0,9328.0,332.18
2026-09-28T20:31:36.691293,7,83.0,13106.0,405.85
2026-09-28T20:31:37.693005,4,0.0,20702.0,20.43
2026-09-28T20:31:37.693005,5,0.0,16520.0,31.85
2026-09-28T20:31:37.693005,6,94.0,9328.0,333.09
2026-09-28T20:31:37.693005,7,88.0,13106.0,407.38
2026-09-28T20:31:38.687485,4,0.0,20702.0,20.42
2026-09-28T20:31:38.687485,5,0.0,16520.0,31.76
2026-09-28T20:31:38.687485,6,84.0,9328.0,330.08
2026-09-28T20:31:38.687485,7,84.0,13106.0,406.46
2026-09-28T20:31:39.688601,4,0.0,20702.0,20.29
2026-09-28T20:31:39.688601,5,0.0,16520.0,31.81
2026-09-28T20:31:39.688601,6,79.0,9328.0,326.93
2026-09-28T20:31:39.688601,7,94.0,13106.0,408.09
2026-09-28T20:31:40.699197,4,0.0,20702.0,20.24
2026-09-28T20:31:40.699197,5,0.0,16520.0,32.06
2026-09-28T20:31:40.699197,6,77.0,9328.0,345.29
2026-09-28T20:31:40.699197,7,94.0,13106.0,415.5
2026-09-28T20:31:41.690117,4,0.0,20702.0,20.38
2026-09-28T20:31:41.690117,5,0.0,16520.0,31.83
2026-09-28T20:31:41.690117,6,94.0,9328.0,343.32
2026-09-28T20:31:41.690117,7,95.0,13106.0,400.06
2026-09-28T20:31:42.739195,4,0.0,20702.0,20.58
2026-09-28T20:31:42.739195,5,0.0,16520.0,31.7
2026-09-28T20:31:42.739195,6,95.0,9328.0,358.5
2026-09-28T20:31:42.739195,7,85.0,13106.0,398.32
2026-09-28T20:31:43.689369,4,0.0,20702.0,20.55
2026-09-28T20:31:43.689369,5,0.0,16520.0,31.88
2026-09-28T20:31:43.689369,6,93.0,9328.0,358.74
2026-09-28T20:31:43.689369,7,82.0,13106.0,398.58
2026-09-28T20:31:44.691693,4,0.0,20702.0,20.33
2026-09-28T20:31:44.691693,5,0.0,16520.0,32.05
2026-09-28T20:31:44.691693,6,85.0,9328.0,330.32
2026-09-28T20:31:44.691693,7,82.0,13106.0,403.02
2026-09-28T20:31:45.691367,4,0.0,20702.0,20.2
2026-09-28T20:31:45.691367,5,0.0,16520.0,31.96
2026-09-28T20:31:45.691367,6,81.0,9328.0,335.16
2026-09-28T20:31:45.691367,7,93.0,13106.0,403.79
2026-09-28T20:31:46.688956,4,0.0,20702.0,20.09
2026-09-28T20:31:46.688956,5,0.0,16520.0,31.71
2026-09-28T20:31:46.688956,6,77.0,9328.0,344.12
2026-09-28T20:31:46.688956,7,94.0,13106.0,410.67
2026-09-28T20:31:47.688732,4,0.0,20702.0,20.18
2026-09-28T20:31:47.688732,5,0.0,16520.0,31.51
2026-09-28T20:31:47.688732,6,93.0,9328.0,336.97
2026-09-28T20:31:47.688732,7,96.0,13106.0,407.86
2026-09-28T20:31:48.710298,4,0.0,20702.0,20.17
2026-09-28T20:31:48.710298,5,0.0,16520.0,31.56
2026-09-28T20:31:48.710298,6,94.0,9328.0,345.95
2026-09-28T20:31:48.710298,7,94.0,13106.0,409.81
2026-09-28T20:31:49.695299,4,0.0,20702.0,19.88
2026-09-28T20:31:49.695299,5,0.0,16520.0,31.87
2026-09-28T20:31:49.695299,6,93.0,9328.0,359.78
2026-09-28T20:31:49.695299,7,85.0,13106.0,401.2
2026-09-28T20:31:50.690079,4,0.0,20702.0,19.78
2026-09-28T20:31:50.690079,5,0.0,16520.0,31.92
2026-09-28T20:31:50.690079,6,94.0,9328.0,330.7
2026-09-28T20:31:50.690079,7,87.0,13106.0,413.81
2026-09-28T20:31:51.693987,4,0.0,20702.0,19.8
2026-09-28T20:31:51.693987,5,0.0,16520.0,31.74
2026-09-28T20:31:51.693987,6,85.0,9328.0,345.94
2026-09-28T20:31:51.693987,7,80.0,13106.0,405.19
2026-09-28T20:31:52.692642,4,0.0,20702.0,19.75
2026-09-28T20:31:52.692642,5,0.0,16520.0,31.62
2026-09-28T20:31:52.692642,6,78.0,9328.0,362.22
2026-09-28T20:31:52.692642,7,95.0,13106.0,404.89
2026-09-28T20:31:53.687495,4,0.0,20702.0,19.89
2026-09-28T20:31:53.687495,5,0.0,16520.0,31.61
2026-09-28T20:31:53.687495,6,79.0,9328.0,352.74
2026-09-28T20:31:53.687495,7,95.0,13106.0,413.72
2026-09-28T20:31:54.692863,4,0.0,20702.0,20.02
2026-09-28T20:31:54.692863,5,0.0,16520.0,31.76
2026-09-28T20:31:54.692863,6,95.0,9328.0,355.94
2026-09-28T20:31:54.692863,7,95.0,13106.0,407.9
2026-09-28T20:31:55.766820,4,0.0,20702.0,20.09
2026-09-28T20:31:55.766820,5,0.0,16520.0,31.76
2026-09-28T20:31:55.766820,6,94.0,9328.0,349.36
2026-09-28T20:31:55.766820,7,88.0,13106.0,411.68
2026-09-28T20:31:56.691355,4,0.0,20702.0,20.26
2026-09-28T20:31:56.691355,5,0.0,16520.0,31.78
2026-09-28T20:31:56.691355,6,95.0,9328.0,345.3
2026-09-28T20:31:56.691355,7,81.0,13106.0,403.84
2026-09-28T20:31:57.692164,4,0.0,20702.0,20.47
2026-09-28T20:31:57.692164,5,0.0,16520.0,31.81
2026-09-28T20:31:57.692164,6,80.0,9328.0,340.08
2026-09-28T20:31:57.692164,7,84.0,13106.0,402.43
2026-09-28T20:31:58.684636,4,0.0,20702.0,20.51
2026-09-28T20:31:58.684636,5,0.0,16520.0,31.76
2026-09-28T20:31:58.684636,6,45.0,9328.0,214.82
2026-09-28T20:31:58.684636,7,100.0,13106.0,246.57
2026-09-28T20:31:59.689020,4,94.0,20702.0,218.91
2026-09-28T20:31:59.689020,5,0.0,16520.0,31.86
2026-09-28T20:31:59.689020,6,0.0,9328.0,115.06
2026-09-28T20:31:59.689020,7,100.0,13106.0,143.8
2026-09-28T20:32:00.690065,4,63.0,20702.0,412.6
2026-09-28T20:32:00.690065,5,0.0,16520.0,31.85
2026-09-28T20:32:00.690065,6,0.0,9328.0,113.75
2026-09-28T20:32:00.690065,7,100.0,13106.0,142.93
2026-09-28T20:32:01.691644,4,71.0,20702.0,304.13
2026-09-28T20:32:01.691644,5,0.0,16520.0,31.86
2026-09-28T20:32:01.691644,6,0.0,9328.0,105.23
2026-09-28T20:32:01.691644,7,100.0,13106.0,142.32
2026-09-28T20:32:02.695101,4,73.0,20702.0,309.39
2026-09-28T20:32:02.695101,5,0.0,16520.0,31.89
2026-09-28T20:32:02.695101,6,0.0,9328.0,99.85
2026-09-28T20:32:02.695101,7,100.0,13106.0,141.64
2026-09-28T20:32:03.689407,4,74.0,20702.0,310.98
2026-09-28T20:32:03.689407,5,0.0,16520.0,31.86
2026-09-28T20:32:03.689407,6,0.0,9328.0,94.48
2026-09-28T20:32:03.689407,7,100.0,13106.0,141.17
2026-09-28T20:32:04.690428,4,72.0,20702.0,313.63
2026-09-28T20:32:04.690428,5,0.0,16520.0,31.86
2026-09-28T20:32:04.690428,6,0.0,9328.0,93.8
2026-09-28T20:32:04.690428,7,100.0,13106.0,140.48
2026-09-28T20:32:05.687228,4,75.0,20702.0,316.39
2026-09-28T20:32:05.687228,5,0.0,16520.0,31.7
2026-09-28T20:32:05.687228,6,0.0,9328.0,93.19
2026-09-28T20:32:05.687228,7,100.0,13106.0,139.79
2026-09-28T20:32:06.689239,4,75.0,20702.0,318.15
2026-09-28T20:32:06.689239,5,0.0,16520.0,31.7
2026-09-28T20:32:06.689239,6,0.0,9328.0,92.66
2026-09-28T20:32:06.689239,7,100.0,13106.0,138.88
2026-09-28T20:32:07.690562,4,0.0,20702.0,247.72
2026-09-28T20:32:07.690562,5,0.0,16520.0,31.94
2026-09-28T20:32:07.690562,6,0.0,9328.0,92.35
2026-09-28T20:32:07.690562,7,100.0,13106.0,138.2
2026-09-28T20:32:08.726687,4,75.0,20702.0,261.98
2026-09-28T20:32:08.726687,5,0.0,16520.0,32.0
2026-09-28T20:32:08.726687,6,0.0,9328.0,91.46
2026-09-28T20:32:08.726687,7,100.0,13106.0,137.56
2026-09-28T20:32:09.689420,4,77.0,20702.0,322.36
2026-09-28T20:32:09.689420,5,0.0,16520.0,31.84
2026-09-28T20:32:09.689420,6,0.0,9328.0,90.13
2026-09-28T20:32:09.689420,7,100.0,13106.0,136.68
2026-09-28T20:32:10.693426,4,77.0,20702.0,324.97
2026-09-28T20:32:10.693426,5,0.0,16520.0,31.66
2026-09-28T20:32:10.693426,6,0.0,9328.0,88.75
2026-09-28T20:32:10.693426,7,100.0,13106.0,135.5
2026-09-28T20:32:11.689310,4,71.0,20702.0,326.03
2026-09-28T20:32:11.689310,5,0.0,16520.0,31.59
2026-09-28T20:32:11.689310,6,0.0,9328.0,87.07
2026-09-28T20:32:11.689310,7,100.0,13106.0,134.31
2026-09-28T20:32:12.690128,4,79.0,20702.0,324.56
2026-09-28T20:32:12.690128,5,0.0,16520.0,31.61
2026-09-28T20:32:12.690128,6,0.0,9328.0,85.67
2026-09-28T20:32:12.690128,7,100.0,13106.0,132.98
2026-09-28T20:32:13.690956,4,72.0,20702.0,327.31
2026-09-28T20:32:13.690956,5,0.0,16520.0,31.32
2026-09-28T20:32:13.690956,6,0.0,9328.0,84.81
2026-09-28T20:32:13.690956,7,100.0,13106.0,132.04
2026-09-28T20:32:14.690332,4,80.0,20702.0,327.89
2026-09-28T20:32:14.690332,5,0.0,16520.0,31.24
2026-09-28T20:32:14.690332,6,0.0,9328.0,84.39
2026-09-28T20:32:14.690332,7,100.0,13106.0,131.11
2026-09-28T20:32:15.738481,4,80.0,20702.0,330.42
2026-09-28T20:32:15.738481,5,0.0,16520.0,31.44
2026-09-28T20:32:15.738481,6,0.0,9328.0,83.76
2026-09-28T20:32:15.738481,7,100.0,13106.0,129.89
2026-09-28T20:32:16.690893,4,77.0,20702.0,330.82
2026-09-28T20:32:16.690893,5,0.0,16520.0,31.46
2026-09-28T20:32:16.690893,6,0.0,9328.0,83.09
2026-09-28T20:32:16.690893,7,100.0,13106.0,128.99
2026-09-28T20:32:17.692434,4,80.0,20702.0,333.04
2026-09-28T20:32:17.692434,5,0.0,16520.0,31.43
2026-09-28T20:32:17.692434,6,0.0,9328.0,69.95
2026-09-28T20:32:17.692434,7,100.0,13106.0,128.02
2026-09-28T20:32:18.696404,4,81.0,20702.0,333.76
2026-09-28T20:32:18.696404,5,0.0,16520.0,31.18
2026-09-28T20:32:18.696404,6,0.0,9328.0,44.7
2026-09-28T20:32:18.696404,7,100.0,13106.0,127.15
2026-09-28T20:32:19.692546,4,82.0,20702.0,334.29
2026-09-28T20:32:19.692546,5,0.0,16520.0,31.02
2026-09-28T20:32:19.692546,6,0.0,9328.0,28.53
2026-09-28T20:32:19.692546,7,100.0,13106.0,125.15
2026-09-28T20:32:20.694189,4,77.0,20702.0,335.39
2026-09-28T20:32:20.694189,5,0.0,16520.0,30.88
2026-09-28T20:32:20.694189,6,0.0,9328.0,24.49
2026-09-28T20:32:20.694189,7,100.0,13106.0,123.74
2026-09-28T20:32:21.722357,4,81.0,20702.0,336.06
2026-09-28T20:32:21.722357,5,0.0,16520.0,30.71
2026-09-28T20:32:21.722357,6,0.0,9328.0,24.14
2026-09-28T20:32:21.722357,7,100.0,13106.0,122.7
2026-09-28T20:32:22.696270,4,0.0,20702.0,293.95
2026-09-28T20:32:22.696270,5,0.0,16520.0,30.61
2026-09-28T20:32:22.696270,6,0.0,9328.0,23.81
2026-09-28T20:32:22.696270,7,100.0,13106.0,122.14
2026-09-28T20:32:23.692097,4,84.0,20702.0,228.06
2026-09-28T20:32:23.692097,5,0.0,16520.0,30.5
2026-09-28T20:32:23.692097,6,0.0,9328.0,23.62
2026-09-28T20:32:23.692097,7,100.0,13106.0,121.76
2026-09-28T20:32:24.690120,4,81.0,20702.0,332.35
2026-09-28T20:32:24.690120,5,0.0,16520.0,30.63
2026-09-28T20:32:24.690120,6,0.0,9328.0,23.42
2026-09-28T20:32:24.690120,7,100.0,13106.0,120.76
2026-09-28T20:32:25.689650,4,81.0,20702.0,329.79
2026-09-28T20:32:25.689650,5,0.0,16520.0,30.81
2026-09-28T20:32:25.689650,6,0.0,9328.0,23.13
2026-09-28T20:32:25.689650,7,100.0,13106.0,119.3
2026-09-28T20:32:26.695783,4,82.0,20702.0,331.31
2026-09-28T20:32:26.695783,5,0.0,16520.0,30.83
2026-09-28T20:32:26.695783,6,0.0,9328.0,23.11
2026-09-28T20:32:26.695783,7,100.0,13106.0,117.52
2026-09-28T20:32:27.693869,4,79.0,20702.0,334.97
2026-09-28T20:32:27.693869,5,0.0,16520.0,30.79
2026-09-28T20:32:27.693869,6,0.0,9328.0,23.26
2026-09-28T20:32:27.693869,7,100.0,13106.0,117.38
2026-09-28T20:32:28.788773,4,81.0,20702.0,336.66
2026-09-28T20:32:28.788773,5,0.0,16520.0,30.7
2026-09-28T20:32:28.788773,6,0.0,9328.0,23.3
2026-09-28T20:32:28.788773,7,100.0,13106.0,117.65
2026-09-28T20:32:29.694449,4,81.0,20702.0,338.71
2026-09-28T20:32:29.694449,5,0.0,16520.0,30.66
2026-09-28T20:32:29.694449,6,0.0,9328.0,23.32
2026-09-28T20:32:29.694449,7,100.0,13106.0,117.26
2026-09-28T20:32:30.713166,4,82.0,20702.0,339.38
2026-09-28T20:32:30.713166,5,0.0,16520.0,30.56
2026-09-28T20:32:30.713166,6,0.0,9328.0,23.23
2026-09-28T20:32:30.713166,7,100.0,13106.0,116.16
2026-09-28T20:32:31.696951,4,85.0,20702.0,341.38
2026-09-28T20:32:31.696951,5,0.0,16520.0,30.56
2026-09-28T20:32:31.696951,6,0.0,9328.0,23.18
2026-09-28T20:32:31.696951,7,100.0,13106.0,115.92
2026-09-28T20:32:32.703546,4,85.0,20702.0,341.81
2026-09-28T20:32:32.703546,5,0.0,16520.0,30.69
2026-09-28T20:32:32.703546,6,0.0,9328.0,23.11
2026-09-28T20:32:32.703546,7,100.0,13106.0,115.27
2026-09-28T20:32:33.695523,4,86.0,20702.0,336.57
2026-09-28T20:32:33.695523,5,0.0,16520.0,30.64
2026-09-28T20:32:33.695523,6,0.0,9328.0,23.08
2026-09-28T20:32:33.695523,7,100.0,13106.0,114.88
2026-09-28T20:32:34.737612,4,85.0,20702.0,324.01
2026-09-28T20:32:34.737612,5,0.0,16520.0,30.42
2026-09-28T20:32:34.737612,6,0.0,9328.0,23.17
2026-09-28T20:32:34.737612,7,100.0,13106.0,114.99
2026-09-28T20:32:35.697321,4,84.0,20702.0,320.9
2026-09-28T20:32:35.697321,5,0.0,16520.0,30.34
2026-09-28T20:32:35.697321,6,0.0,9328.0,23.2
2026-09-28T20:32:35.697321,7,100.0,13106.0,114.35
2026-09-28T20:32:36.693244,4,86.0,20702.0,325.22
2026-09-28T20:32:36.693244,5,0.0,16520.0,30.48
2026-09-28T20:32:36.693244,6,0.0,9328.0,23.13
2026-09-28T20:32:36.693244,7,100.0,13106.0,114.01
2026-09-28T20:32:37.696040,4,87.0,20702.0,327.03
2026-09-28T20:32:37.696040,5,0.0,16520.0,30.48
2026-09-28T20:32:37.696040,6,0.0,9328.0,23.06
2026-09-28T20:32:37.696040,7,100.0,13106.0,113.86
2026-09-28T20:32:38.691430,4,87.0,20702.0,324.21
2026-09-28T20:32:38.691430,5,0.0,16520.0,30.55
2026-09-28T20:32:38.691430,6,0.0,9328.0,23.1
2026-09-28T20:32:38.691430,7,100.0,13106.0,113.58
2026-09-28T20:32:39.698791,4,88.0,20702.0,324.3
2026-09-28T20:32:39.698791,5,0.0,16520.0,30.72
2026-09-28T20:32:39.698791,6,0.0,9328.0,23.11
2026-09-28T20:32:39.698791,7,100.0,13106.0,113.52
2026-09-28T20:32:40.695020,4,87.0,20702.0,327.0
2026-09-28T20:32:40.695020,5,0.0,16520.0,30.68
2026-09-28T20:32:40.695020,6,0.0,9328.0,23.02
2026-09-28T20:32:40.695020,7,100.0,13106.0,113.53
2026-09-28T20:32:41.736247,4,88.0,20702.0,328.25
2026-09-28T20:32:41.736247,5,0.0,16520.0,30.58
2026-09-28T20:32:41.736247,6,0.0,9328.0,22.86
2026-09-28T20:32:41.736247,7,100.0,13106.0,113.14
2026-09-28T20:32:42.699087,4,89.0,20702.0,319.07
2026-09-28T20:32:42.699087,5,0.0,16520.0,30.7
2026-09-28T20:32:42.699087,6,0.0,9328.0,22.73
2026-09-28T20:32:42.699087,7,100.0,13106.0,113.25
2026-09-28T20:32:43.695600,4,89.0,20702.0,318.49
2026-09-28T20:32:43.695600,5,0.0,16520.0,30.75
2026-09-28T20:32:43.695600,6,0.0,9328.0,22.73
2026-09-28T20:32:43.695600,7,100.0,13106.0,113.26
2026-09-28T20:32:44.693627,4,88.0,20702.0,319.05
2026-09-28T20:32:44.693627,5,0.0,16520.0,30.74
2026-09-28T20:32:44.693627,6,0.0,9328.0,22.67
2026-09-28T20:32:44.693627,7,100.0,13106.0,113.2
2026-09-28T20:32:45.692691,4,89.0,20702.0,311.91
2026-09-28T20:32:45.692691,5,0.0,16520.0,30.72
2026-09-28T20:32:45.692691,6,0.0,9328.0,22.51
2026-09-28T20:32:45.692691,7,100.0,13106.0,112.81
2026-09-28T20:32:46.695499,4,89.0,20702.0,303.08
2026-09-28T20:32:46.695499,5,0.0,16520.0,30.56
2026-09-28T20:32:46.695499,6,0.0,9328.0,22.48
2026-09-28T20:32:46.695499,7,100.0,13106.0,112.78
2026-09-28T20:32:47.728667,4,90.0,20702.0,299.14
2026-09-28T20:32:47.728667,5,0.0,16520.0,30.53
2026-09-28T20:32:47.728667,6,0.0,9328.0,22.49
2026-09-28T20:32:47.728667,7,100.0,13106.0,112.95
2026-09-28T20:32:48.698759,4,90.0,20702.0,295.28
2026-09-28T20:32:48.698759,5,0.0,16520.0,30.47
2026-09-28T20:32:48.698759,6,0.0,9328.0,22.39
2026-09-28T20:32:48.698759,7,100.0,13106.0,112.98
2026-09-28T20:32:49.695083,4,91.0,20702.0,296.3
2026-09-28T20:32:49.695083,5,0.0,16520.0,30.49
2026-09-28T20:32:49.695083,6,0.0,9328.0,22.27
2026-09-28T20:32:49.695083,7,100.0,13106.0,112.94
2026-09-28T20:32:50.694165,4,90.0,20702.0,296.63
2026-09-28T20:32:50.694165,5,0.0,16520.0,30.43
2026-09-28T20:32:50.694165,6,0.0,9328.0,22.25
2026-09-28T20:32:50.694165,7,100.0,13106.0,113.07
2026-09-28T20:32:51.694196,4,90.0,20702.0,292.26
2026-09-28T20:32:51.694196,5,0.0,16520.0,30.37
2026-09-28T20:32:51.694196,6,0.0,9328.0,22.25
2026-09-28T20:32:51.694196,7,100.0,13106.0,112.9
2026-09-28T20:32:52.692908,4,90.0,20702.0,292.3
2026-09-28T20:32:52.692908,5,0.0,16520.0,30.31
2026-09-28T20:32:52.692908,6,0.0,9328.0,22.18
2026-09-28T20:32:52.692908,7,100.0,13106.0,112.2
2026-09-28T20:32:53.694854,4,90.0,20702.0,291.05
2026-09-28T20:32:53.694854,5,0.0,16520.0,30.37
2026-09-28T20:32:53.694854,6,0.0,9328.0,22.04
2026-09-28T20:32:53.694854,7,100.0,13106.0,112.15
2026-09-28T20:32:54.731104,4,91.0,20702.0,285.78
2026-09-28T20:32:54.731104,5,0.0,16520.0,30.45
2026-09-28T20:32:54.731104,6,0.0,9328.0,21.81
2026-09-28T20:32:54.731104,7,100.0,13106.0,112.15
2026-09-28T20:32:55.688954,4,0.0,20702.0,150.78
2026-09-28T20:32:55.688954,5,0.0,16520.0,30.4
2026-09-28T20:32:55.688954,6,11.0,9328.0,49.75
2026-09-28T20:32:55.688954,7,11.0,13106.0,106.2
2026-09-28T20:32:56.690682,4,0.0,20702.0,134.58
2026-09-28T20:32:56.690682,5,0.0,16520.0,30.55
2026-09-28T20:32:56.690682,6,12.0,9328.0,84.9
2026-09-28T20:32:56.690682,7,12.0,13106.0,101.91
2026-09-28T20:32:57.688306,4,0.0,20702.0,99.37
2026-09-28T20:32:57.688306,5,0.0,16520.0,30.67
2026-09-28T20:32:57.688306,6,0.0,9328.0,84.47
2026-09-28T20:32:57.688306,7,11.0,13106.0,90.34
2026-09-28T20:32:58.687106,4,0.0,20702.0,93.24
2026-09-28T20:32:58.687106,5,0.0,16520.0,30.9
2026-09-28T20:32:58.687106,6,12.0,9328.0,84.0
2026-09-28T20:32:58.687106,7,12.0,13106.0,90.21
2026-09-28T20:32:59.689288,4,0.0,20702.0,87.22
2026-09-28T20:32:59.689288,5,94.0,16520.0,318.76
2026-09-28T20:32:59.689288,6,0.0,9328.0,82.12
2026-09-28T20:32:59.689288,7,100.0,13106.0,100.89
2026-09-28T20:33:00.690439,4,0.0,20702.0,86.93
2026-09-28T20:33:00.690439,5,99.0,16520.0,450.64
2026-09-28T20:33:00.690439,6,0.0,9328.0,80.48
2026-09-28T20:33:00.690439,7,100.0,13106.0,111.82
2026-09-28T20:33:01.712403,4,0.0,20702.0,86.79
2026-09-28T20:33:01.712403,5,99.0,16520.0,450.8
2026-09-28T20:33:01.712403,6,0.0,9328.0,79.84
2026-09-28T20:33:01.712403,7,100.0,13106.0,111.75
2026-09-28T20:33:02.687875,4,0.0,20702.0,86.7
2026-09-28T20:33:02.687875,5,99.0,16520.0,450.73
2026-09-28T20:33:02.687875,6,0.0,9328.0,79.82
2026-09-28T20:33:02.687875,7,100.0,13106.0,111.99
2026-09-28T20:33:03.690267,4,0.0,20702.0,86.61
2026-09-28T20:33:03.690267,5,99.0,16520.0,450.65
2026-09-28T20:33:03.690267,6,0.0,9328.0,79.72
2026-09-28T20:33:03.690267,7,100.0,13106.0,112.12
2026-09-28T20:33:04.689653,4,0.0,20702.0,86.37
2026-09-28T20:33:04.689653,5,94.0,16520.0,449.59
2026-09-28T20:33:04.689653,6,0.0,9328.0,79.76
2026-09-28T20:33:04.689653,7,100.0,13106.0,111.75
2026-09-28T20:33:05.688868,4,0.0,20702.0,86.0
2026-09-28T20:33:05.688868,5,96.0,16520.0,448.92
2026-09-28T20:33:05.688868,6,0.0,9328.0,79.7
2026-09-28T20:33:05.688868,7,100.0,13106.0,111.71
2026-09-28T20:33:06.690459,4,0.0,20702.0,85.75
2026-09-28T20:33:06.690459,5,98.0,16520.0,450.33
2026-09-28T20:33:06.690459,6,0.0,9328.0,79.71
2026-09-28T20:33:06.690459,7,100.0,13106.0,111.67
2026-09-28T20:33:07.689453,4,0.0,20702.0,85.7
2026-09-28T20:33:07.689453,5,95.0,16520.0,450.41
2026-09-28T20:33:07.689453,6,0.0,9328.0,79.8
2026-09-28T20:33:07.689453,7,100.0,13106.0,111.79
2026-09-28T20:33:08.715360,4,0.0,20702.0,85.67
2026-09-28T20:33:08.715360,5,88.0,16520.0,445.11
2026-09-28T20:33:08.715360,6,0.0,9328.0,79.69
2026-09-28T20:33:08.715360,7,100.0,13106.0,111.61
2026-09-28T20:33:09.689448,4,0.0,20702.0,85.26
2026-09-28T20:33:09.689448,5,95.0,16520.0,446.04
2026-09-28T20:33:09.689448,6,0.0,9328.0,79.58
2026-09-28T20:33:09.689448,7,100.0,13106.0,111.89
2026-09-28T20:33:10.688377,4,0.0,20702.0,84.7
2026-09-28T20:33:10.688377,5,99.0,16520.0,447.68
2026-09-28T20:33:10.688377,6,0.0,9328.0,79.53
2026-09-28T20:33:10.688377,7,100.0,13106.0,111.96
2026-09-28T20:33:11.690792,4,0.0,20702.0,84.51
2026-09-28T20:33:11.690792,5,99.0,16520.0,449.72
2026-09-28T20:33:11.690792,6,0.0,9328.0,79.52
2026-09-28T20:33:11.690792,7,100.0,13106.0,111.85
2026-09-28T20:33:12.693566,4,0.0,20702.0,76.6
2026-09-28T20:33:12.693566,5,95.0,16520.0,448.87
2026-09-28T20:33:12.693566,6,0.0,9328.0,79.46
2026-09-28T20:33:12.693566,7,100.0,13106.0,111.69
2026-09-28T20:33:13.692678,4,0.0,20702.0,51.84
2026-09-28T20:33:13.692678,5,99.0,16520.0,448.59
2026-09-28T20:33:13.692678,6,0.0,9328.0,79.54
2026-09-28T20:33:13.692678,7,100.0,13106.0,112.04
2026-09-28T20:33:14.703045,4,0.0,20702.0,29.41
2026-09-28T20:33:14.703045,5,100.0,16520.0,448.06
2026-09-28T20:33:14.703045,6,0.0,9328.0,79.6
2026-09-28T20:33:14.703045,7,100.0,13106.0,111.86
2026-09-28T20:33:15.695021,4,0.0,20702.0,23.5
2026-09-28T20:33:15.695021,5,96.0,16520.0,448.42
2026-09-28T20:33:15.695021,6,0.0,9328.0,79.64
2026-09-28T20:33:15.695021,7,100.0,13106.0,111.9
2026-09-28T20:33:16.691983,4,0.0,20702.0,22.97
2026-09-28T20:33:16.691983,5,96.0,16520.0,446.71
2026-09-28T20:33:16.691983,6,0.0,9328.0,79.56
2026-09-28T20:33:16.691983,7,100.0,13106.0,111.83
2026-09-28T20:33:17.694971,4,0.0,20702.0,22.77
2026-09-28T20:33:17.694971,5,96.0,16520.0,447.09
2026-09-28T20:33:17.694971,6,0.0,9328.0,62.52
2026-09-28T20:33:17.694971,7,100.0,13106.0,111.78
2026-09-28T20:33:18.695467,4,0.0,20702.0,22.78
2026-09-28T20:33:18.695467,5,99.0,16520.0,448.38
2026-09-28T20:33:18.695467,6,0.0,9328.0,37.1
2026-09-28T20:33:18.695467,7,100.0,13106.0,111.85
2026-09-28T20:33:19.693624,4,0.0,20702.0,22.68
2026-09-28T20:33:19.693624,5,99.0,16520.0,448.42
2026-09-28T20:33:19.693624,6,0.0,9328.0,25.46
2026-09-28T20:33:19.693624,7,100.0,13106.0,111.92
2026-09-28T20:33:20.694997,4,0.0,20702.0,22.44
2026-09-28T20:33:20.694997,5,99.0,16520.0,449.39
2026-09-28T20:33:20.694997,6,0.0,9328.0,22.29
2026-09-28T20:33:20.694997,7,100.0,13106.0,111.8
2026-09-28T20:33:21.733198,4,0.0,20702.0,22.12
2026-09-28T20:33:21.733198,5,96.0,16520.0,448.81
2026-09-28T20:33:21.733198,6,0.0,9328.0,22.22
2026-09-28T20:33:21.733198,7,100.0,13106.0,111.87
2026-09-28T20:33:22.693438,4,0.0,20702.0,21.95
2026-09-28T20:33:22.693438,5,90.0,16520.0,444.48
2026-09-28T20:33:22.693438,6,0.0,9328.0,22.12
2026-09-28T20:33:22.693438,7,100.0,13106.0,111.74
2026-09-28T20:33:23.697272,4,0.0,20702.0,21.85
2026-09-28T20:33:23.697272,5,96.0,16520.0,443.49
2026-09-28T20:33:23.697272,6,0.0,9328.0,21.96
2026-09-28T20:33:23.697272,7,100.0,13106.0,112.1
2026-09-28T20:33:24.694100,4,0.0,20702.0,21.64
2026-09-28T20:33:24.694100,5,96.0,16520.0,446.93
2026-09-28T20:33:24.694100,6,0.0,9328.0,21.97
2026-09-28T20:33:24.694100,7,100.0,13106.0,112.07
2026-09-28T20:33:25.696092,4,0.0,20702.0,21.52
2026-09-28T20:33:25.696092,5,97.0,16520.0,447.24
2026-09-28T20:33:25.696092,6,0.0,9328.0,22.03
2026-09-28T20:33:25.696092,7,100.0,13106.0,112.19
2026-09-28T20:33:26.700164,4,0.0,20702.0,21.59
2026-09-28T20:33:26.700164,5,94.0,16520.0,446.64
2026-09-28T20:33:26.700164,6,0.0,9328.0,22.0
2026-09-28T20:33:26.700164,7,100.0,13106.0,112.26
2026-09-28T20:33:27.691852,4,0.0,20702.0,21.58
2026-09-28T20:33:27.691852,5,96.0,16520.0,445.89
2026-09-28T20:33:27.691852,6,0.0,9328.0,22.03
2026-09-28T20:33:27.691852,7,100.0,13106.0,111.77
2026-09-28T20:33:28.748315,4,0.0,20702.0,21.45
2026-09-28T20:33:28.748315,5,99.0,16520.0,446.99
2026-09-28T20:33:28.748315,6,0.0,9328.0,21.99
2026-09-28T20:33:28.748315,7,100.0,13106.0,111.66
2026-09-28T20:33:29.696597,4,0.0,20702.0,21.36
2026-09-28T20:33:29.696597,5,95.0,16520.0,447.11
2026-09-28T20:33:29.696597,6,0.0,9328.0,21.89
2026-09-28T20:33:29.696597,7,100.0,13106.0,111.92
2026-09-28T20:33:30.694698,4,0.0,20702.0,21.38
2026-09-28T20:33:30.694698,5,95.0,16520.0,446.95
2026-09-28T20:33:30.694698,6,0.0,9328.0,21.8
2026-09-28T20:33:30.694698,7,100.0,13106.0,112.05
2026-09-28T20:33:31.699342,4,0.0,20702.0,21.47
2026-09-28T20:33:31.699342,5,0.0,16520.0,223.33
2026-09-28T20:33:31.699342,6,97.0,9328.0,127.72
2026-09-28T20:33:31.699342,7,96.0,13106.0,241.17
2026-09-28T20:33:32.700146,4,0.0,20702.0,21.55
2026-09-28T20:33:32.700146,5,0.0,16520.0,165.35
2026-09-28T20:33:32.700146,6,82.0,9328.0,368.54
2026-09-28T20:33:32.700146,7,95.0,13106.0,351.15
2026-09-28T20:33:33.696300,4,0.0,20702.0,21.67
2026-09-28T20:33:33.696300,5,0.0,16520.0,119.08
2026-09-28T20:33:33.696300,6,93.0,9328.0,373.85
2026-09-28T20:33:33.696300,7,98.0,13106.0,374.48
2026-09-28T20:33:34.700934,4,0.0,20702.0,21.62
2026-09-28T20:33:34.700934,5,0.0,16520.0,111.68
2026-09-28T20:33:34.700934,6,97.0,9328.0,376.48
2026-09-28T20:33:34.700934,7,98.0,13106.0,353.14
2026-09-28T20:33:35.705646,4,0.0,20702.0,21.54
2026-09-28T20:33:35.705646,5,0.0,16520.0,104.41
2026-09-28T20:33:35.705646,6,85.0,9328.0,379.14
2026-09-28T20:33:35.705646,7,94.0,13106.0,342.39
2026-09-28T20:33:36.700823,4,0.0,20702.0,21.29
2026-09-28T20:33:36.700823,5,0.0,16520.0,104.18
2026-09-28T20:33:36.700823,6,97.0,9328.0,386.86
2026-09-28T20:33:36.700823,7,96.0,13106.0,354.87
2026-09-28T20:33:37.700086,4,0.0,20702.0,21.29
2026-09-28T20:33:37.700086,5,0.0,16520.0,103.86
2026-09-28T20:33:37.700086,6,83.0,9328.0,376.43
2026-09-28T20:33:37.700086,7,95.0,13106.0,354.56
2026-09-28T20:33:38.696640,4,0.0,20702.0,21.27
2026-09-28T20:33:38.696640,5,0.0,16520.0,103.23
2026-09-28T20:33:38.696640,6,96.0,9328.0,385.08
2026-09-28T20:33:38.696640,7,97.0,13106.0,368.63
2026-09-28T20:33:39.694737,4,0.0,20702.0,21.11
2026-09-28T20:33:39.694737,5,0.0,16520.0,102.35
2026-09-28T20:33:39.694737,6,97.0,9328.0,393.26
2026-09-28T20:33:39.694737,7,98.0,13106.0,346.56
2026-09-28T20:33:40.698781,4,0.0,20702.0,21.06
2026-09-28T20:33:40.698781,5,0.0,16520.0,101.77
2026-09-28T20:33:40.698781,6,93.0,9328.0,388.86
2026-09-28T20:33:40.698781,7,93.0,13106.0,354.8
2026-09-28T20:33:41.739773,4,0.0,20702.0,21.1
2026-09-28T20:33:41.739773,5,0.0,16520.0,101.19
2026-09-28T20:33:41.739773,6,96.0,9328.0,390.33
2026-09-28T20:33:41.739773,7,97.0,13106.0,367.96
2026-09-28T20:33:42.698961,4,0.0,20702.0,21.04
2026-09-28T20:33:42.698961,5,0.0,16520.0,100.38
2026-09-28T20:33:42.698961,6,84.0,9328.0,379.53
2026-09-28T20:33:42.698961,7,93.0,13106.0,357.22
2026-09-28T20:33:43.697105,4,0.0,20702.0,20.95
2026-09-28T20:33:43.697105,5,0.0,16520.0,99.58
2026-09-28T20:33:43.697105,6,96.0,9328.0,388.27
2026-09-28T20:33:43.697105,7,97.0,13106.0,362.94
2026-09-28T20:33:44.698417,4,0.0,20702.0,20.96
2026-09-28T20:33:44.698417,5,0.0,16520.0,98.82
2026-09-28T20:33:44.698417,6,96.0,9328.0,382.52
2026-09-28T20:33:44.698417,7,91.0,13106.0,349.21
2026-09-28T20:33:45.701816,4,0.0,20702.0,21.05
2026-09-28T20:33:45.701816,5,0.0,16520.0,98.31
2026-09-28T20:33:45.701816,6,89.0,9328.0,383.69
2026-09-28T20:33:45.701816,7,95.0,13106.0,345.4
2026-09-28T20:33:46.698980,4,0.0,20702.0,21.03
2026-09-28T20:33:46.698980,5,0.0,16520.0,98.07
2026-09-28T20:33:46.698980,6,97.0,9328.0,384.84
2026-09-28T20:33:46.698980,7,97.0,13106.0,367.11
2026-09-28T20:33:47.698315,4,0.0,20702.0,21.1
2026-09-28T20:33:47.698315,5,0.0,16520.0,97.61
2026-09-28T20:33:47.698315,6,95.0,9328.0,382.47
2026-09-28T20:33:47.698315,7,89.0,13106.0,355.86
2026-09-28T20:33:48.724737,4,0.0,20702.0,21.08
2026-09-28T20:33:48.724737,5,0.0,16520.0,96.88
2026-09-28T20:33:48.724737,6,96.0,9328.0,399.68
2026-09-28T20:33:48.724737,7,97.0,13106.0,361.59
2026-09-28T20:33:49.706935,4,0.0,20702.0,20.92
2026-09-28T20:33:49.706935,5,0.0,16520.0,76.09
2026-09-28T20:33:49.706935,6,97.0,9328.0,384.17
2026-09-28T20:33:49.706935,7,89.0,13106.0,357.8
2026-09-28T20:33:50.703751,4,0.0,20702.0,20.89
2026-09-28T20:33:50.703751,5,0.0,16520.0,48.56
2026-09-28T20:33:50.703751,6,90.0,9328.0,387.39
2026-09-28T20:33:50.703751,7,96.0,13106.0,354.04
2026-09-28T20:33:51.700962,4,0.0,20702.0,20.71
2026-09-28T20:33:51.700962,5,0.0,16520.0,38.47
2026-09-28T20:33:51.700962,6,97.0,9328.0,389.16
2026-09-28T20:33:51.700962,7,96.0,13106.0,371.78
2026-09-28T20:33:52.701495,4,0.0,20702.0,20.65
2026-09-28T20:33:52.701495,5,0.0,16520.0,35.26
2026-09-28T20:33:52.701495,6,94.0,9328.0,382.0
2026-09-28T20:33:52.701495,7,90.0,13106.0,358.01
2026-09-28T20:33:53.708289,4,0.0,20702.0,20.66
2026-09-28T20:33:53.708289,5,0.0,16520.0,34.74
2026-09-28T20:33:53.708289,6,96.0,9328.0,389.53
2026-09-28T20:33:53.708289,7,96.0,13106.0,373.95
2026-09-28T20:33:54.736207,4,0.0,20702.0,20.67
2026-09-28T20:33:54.736207,5,0.0,16520.0,34.33
2026-09-28T20:33:54.736207,6,86.0,9328.0,381.85
2026-09-28T20:33:54.736207,7,86.0,13106.0,358.38
2026-09-28T20:33:55.712026,4,0.0,20702.0,20.75
2026-09-28T20:33:55.712026,5,0.0,16520.0,34.01
2026-09-28T20:33:55.712026,6,91.0,9328.0,390.08
2026-09-28T20:33:55.712026,7,97.0,13106.0,368.77
2026-09-28T20:33:56.700931,4,0.0,20702.0,20.77
2026-09-28T20:33:56.700931,5,0.0,16520.0,33.65
2026-09-28T20:33:56.700931,6,98.0,9328.0,394.02
2026-09-28T20:33:56.700931,7,97.0,13106.0,358.44
2026-09-28T20:33:57.709921,4,0.0,20702.0,20.76
2026-09-28T20:33:57.709921,5,0.0,16520.0,33.2
2026-09-28T20:33:57.709921,6,91.0,9328.0,396.54
2026-09-28T20:33:57.709921,7,90.0,13106.0,357.83
2026-09-28T20:33:58.703363,4,0.0,20702.0,20.67
2026-09-28T20:33:58.703363,5,0.0,16520.0,32.97
2026-09-28T20:33:58.703363,6,98.0,9328.0,396.68
2026-09-28T20:33:58.703363,7,97.0,13106.0,371.21
2026-09-28T20:33:59.711538,4,0.0,20702.0,20.6
2026-09-28T20:33:59.711538,5,0.0,16520.0,32.93
2026-09-28T20:33:59.711538,6,98.0,9328.0,402.6
2026-09-28T20:33:59.711538,7,88.0,13106.0,359.31
2026-09-28T20:34:00.700419,4,0.0,20702.0,20.53
2026-09-28T20:34:00.700419,5,0.0,16520.0,32.76
2026-09-28T20:34:00.700419,6,90.0,9328.0,396.02
2026-09-28T20:34:00.700419,7,97.0,13106.0,349.0
2026-09-28T20:34:01.712044,4,0.0,20702.0,20.48
2026-09-28T20:34:01.712044,5,0.0,16520.0,32.99
2026-09-28T20:34:01.712044,6,98.0,9328.0,400.73
2026-09-28T20:34:01.712044,7,96.0,13106.0,363.84
2026-09-28T20:34:02.703437,4,0.0,20702.0,20.41
2026-09-28T20:34:02.703437,5,0.0,16520.0,33.24
2026-09-28T20:34:02.703437,6,93.0,9328.0,396.99
2026-09-28T20:34:02.703437,7,91.0,13106.0,354.71
2026-09-28T20:34:03.702747,4,0.0,20702.0,20.4
2026-09-28T20:34:03.702747,5,0.0,16520.0,33.03
2026-09-28T20:34:03.702747,6,100.0,9328.0,379.91
2026-09-28T20:34:03.702747,7,57.0,13106.0,329.88
2026-09-28T20:34:04.702698,4,0.0,20702.0,20.32
2026-09-28T20:34:04.702698,5,0.0,16520.0,32.82
2026-09-28T20:34:04.702698,6,98.0,9328.0,352.38
2026-09-28T20:34:04.702698,7,96.0,13106.0,373.86
2026-09-28T20:34:05.701927,4,0.0,20702.0,20.26
2026-09-28T20:34:05.701927,5,0.0,16520.0,32.68
2026-09-28T20:34:05.701927,6,86.0,9328.0,392.71
2026-09-28T20:34:05.701927,7,87.0,13106.0,365.36
2026-09-28T20:34:06.702081,4,0.0,20702.0,20.35
2026-09-28T20:34:06.702081,5,0.0,16520.0,32.69
2026-09-28T20:34:06.702081,6,92.0,9328.0,402.28
2026-09-28T20:34:06.702081,7,97.0,13106.0,372.53
2026-09-28T20:34:07.751998,4,0.0,20702.0,20.3
2026-09-28T20:34:07.751998,5,0.0,16520.0,32.71
2026-09-28T20:34:07.751998,6,97.0,9328.0,395.8
2026-09-28T20:34:07.751998,7,98.0,13106.0,369.73
2026-09-28T20:34:08.703411,4,0.0,20702.0,20.33
2026-09-28T20:34:08.703411,5,0.0,16520.0,32.55
2026-09-28T20:34:08.703411,6,86.0,9328.0,400.83
2026-09-28T20:34:08.703411,7,89.0,13106.0,387.18
2026-09-28T20:34:09.702782,4,0.0,20702.0,20.44
2026-09-28T20:34:09.702782,5,0.0,16520.0,32.4
2026-09-28T20:34:09.702782,6,96.0,9328.0,397.5
2026-09-28T20:34:09.702782,7,96.0,13106.0,370.36
2026-09-28T20:34:10.703827,4,0.0,20702.0,20.38
2026-09-28T20:34:10.703827,5,0.0,16520.0,32.27
2026-09-28T20:34:10.703827,6,86.0,9328.0,387.39
2026-09-28T20:34:10.703827,7,87.0,13106.0,370.22
2026-09-28T20:34:11.698381,4,0.0,20702.0,20.3
2026-09-28T20:34:11.698381,5,0.0,16520.0,32.32
2026-09-28T20:34:11.698381,6,92.0,9328.0,404.48
2026-09-28T20:34:11.698381,7,97.0,13106.0,372.2
2026-09-28T20:34:12.701323,4,0.0,20702.0,20.13
2026-09-28T20:34:12.701323,5,0.0,16520.0,32.61
2026-09-28T20:34:12.701323,6,97.0,9328.0,398.59
2026-09-28T20:34:12.701323,7,97.0,13106.0,364.71
2026-09-28T20:34:13.739395,4,0.0,20702.0,20.14
2026-09-28T20:34:13.739395,5,0.0,16520.0,32.69
2026-09-28T20:34:13.739395,6,90.0,9328.0,395.23
2026-09-28T20:34:13.739395,7,91.0,13106.0,366.99
2026-09-28T20:34:14.700414,4,0.0,20702.0,20.4
2026-09-28T20:34:14.700414,5,0.0,16520.0,32.45
2026-09-28T20:34:14.700414,6,97.0,9328.0,400.68
2026-09-28T20:34:14.700414,7,96.0,13106.0,374.81
2026-09-28T20:34:15.700389,4,0.0,20702.0,20.42
2026-09-28T20:34:15.700389,5,0.0,16520.0,32.36
2026-09-28T20:34:15.700389,6,85.0,9328.0,393.37
2026-09-28T20:34:15.700389,7,95.0,13106.0,370.05
2026-09-28T20:34:16.701756,4,0.0,20702.0,20.2
2026-09-28T20:34:16.701756,5,0.0,16520.0,32.25
2026-09-28T20:34:16.701756,6,95.0,9328.0,410.43
2026-09-28T20:34:16.701756,7,95.0,13106.0,395.05
2026-09-28T20:34:17.703237,4,0.0,20702.0,20.07
2026-09-28T20:34:17.703237,5,0.0,16520.0,32.14
2026-09-28T20:34:17.703237,6,97.0,9328.0,407.33
2026-09-28T20:34:17.703237,7,98.0,13106.0,367.85
2026-09-28T20:34:18.702602,4,0.0,20702.0,20.14
2026-09-28T20:34:18.702602,5,0.0,16520.0,32.05
2026-09-28T20:34:18.702602,6,91.0,9328.0,402.37
2026-09-28T20:34:18.702602,7,94.0,13106.0,373.32
2026-09-28T20:34:19.701574,4,0.0,20702.0,20.16
2026-09-28T20:34:19.701574,5,0.0,16520.0,32.01
2026-09-28T20:34:19.701574,6,98.0,9328.0,411.73
2026-09-28T20:34:19.701574,7,97.0,13106.0,384.5
2026-09-28T20:34:20.755719,4,0.0,20702.0,19.99
2026-09-28T20:34:20.755719,5,0.0,16520.0,32.03
2026-09-28T20:34:20.755719,6,85.0,9328.0,400.68
2026-09-28T20:34:20.755719,7,83.0,13106.0,363.11
2026-09-28T20:34:21.702890,4,0.0,20702.0,20.06
2026-09-28T20:34:21.702890,5,0.0,16520.0,32.07
2026-09-28T20:34:21.702890,6,95.0,9328.0,402.27
2026-09-28T20:34:21.702890,7,96.0,13106.0,374.62
2026-09-28T20:34:22.702992,4,0.0,20702.0,20.09
2026-09-28T20:34:22.702992,5,0.0,16520.0,32.06
2026-09-28T20:34:22.702992,6,97.0,9328.0,409.24
2026-09-28T20:34:22.702992,7,98.0,13106.0,378.21
2026-09-28T20:34:23.700570,4,0.0,20702.0,19.9
2026-09-28T20:34:23.700570,5,0.0,16520.0,31.76
2026-09-28T20:34:23.700570,6,91.0,9328.0,406.29
2026-09-28T20:34:23.700570,7,88.0,13106.0,368.84
2026-09-28T20:34:24.700440,4,0.0,20702.0,19.88
2026-09-28T20:34:24.700440,5,0.0,16520.0,31.41
2026-09-28T20:34:24.700440,6,96.0,9328.0,405.16
2026-09-28T20:34:24.700440,7,96.0,13106.0,374.07
2026-09-28T20:34:25.703672,4,0.0,20702.0,19.95
2026-09-28T20:34:25.703672,5,0.0,16520.0,31.36
2026-09-28T20:34:25.703672,6,85.0,9328.0,398.21
2026-09-28T20:34:25.703672,7,93.0,13106.0,360.46
2026-09-28T20:34:26.735689,4,0.0,20702.0,20.0
2026-09-28T20:34:26.735689,5,0.0,16520.0,31.42
2026-09-28T20:34:26.735689,6,94.0,9328.0,406.79
2026-09-28T20:34:26.735689,7,96.0,13106.0,381.46
2026-09-28T20:34:27.704727,4,0.0,20702.0,20.04
2026-09-28T20:34:27.704727,5,0.0,16520.0,31.42
2026-09-28T20:34:27.704727,6,98.0,9328.0,408.87
2026-09-28T20:34:27.704727,7,98.0,13106.0,368.19
2026-09-28T20:34:28.705008,4,0.0,20702.0,19.96
2026-09-28T20:34:28.705008,5,0.0,16520.0,31.42
2026-09-28T20:34:28.705008,6,91.0,9328.0,405.16
2026-09-28T20:34:28.705008,7,91.0,13106.0,373.14
2026-09-28T20:34:29.701063,4,0.0,20702.0,19.78
2026-09-28T20:34:29.701063,5,0.0,16520.0,31.48
2026-09-28T20:34:29.701063,6,97.0,9328.0,406.82
2026-09-28T20:34:29.701063,7,96.0,13106.0,377.88
2026-09-28T20:34:30.708250,4,0.0,20702.0,19.86
2026-09-28T20:34:30.708250,5,0.0,16520.0,31.52
2026-09-28T20:34:30.708250,6,86.0,9328.0,401.99
2026-09-28T20:34:30.708250,7,94.0,13106.0,369.35
2026-09-28T20:34:31.701193,4,0.0,20702.0,19.96
2026-09-28T20:34:31.701193,5,0.0,16520.0,31.48
2026-09-28T20:34:31.701193,6,94.0,9328.0,417.48
2026-09-28T20:34:31.701193,7,97.0,13106.0,374.83
2026-09-28T20:34:32.701820,4,0.0,20702.0,19.8
2026-09-28T20:34:32.701820,5,0.0,16520.0,31.43
2026-09-28T20:34:32.701820,6,96.0,9328.0,408.29
2026-09-28T20:34:32.701820,7,97.0,13106.0,377.81
2026-09-28T20:34:33.724694,4,0.0,20702.0,19.75
2026-09-28T20:34:33.724694,5,0.0,16520.0,31.35
2026-09-28T20:34:33.724694,6,91.0,9328.0,399.59
2026-09-28T20:34:33.724694,7,88.0,13106.0,382.9
2026-09-28T20:34:34.703805,4,0.0,20702.0,19.82
2026-09-28T20:34:34.703805,5,0.0,16520.0,31.34
2026-09-28T20:34:34.703805,6,97.0,9328.0,411.39
2026-09-28T20:34:34.703805,7,97.0,13106.0,390.39
2026-09-28T20:34:35.703357,4,0.0,20702.0,20.0
2026-09-28T20:34:35.703357,5,0.0,16520.0,31.33
2026-09-28T20:34:35.703357,6,86.0,9328.0,409.1
2026-09-28T20:34:35.703357,7,84.0,13106.0,376.95
2026-09-28T20:34:36.704882,4,0.0,20702.0,20.26
2026-09-28T20:34:36.704882,5,0.0,16520.0,31.31
2026-09-28T20:34:36.704882,6,94.0,9328.0,404.23
2026-09-28T20:34:36.704882,7,97.0,13106.0,382.14
2026-09-28T20:34:37.702415,4,0.0,20702.0,20.35
2026-09-28T20:34:37.702415,5,0.0,16520.0,31.4
2026-09-28T20:34:37.702415,6,97.0,9328.0,406.45
2026-09-28T20:34:37.702415,7,97.0,13106.0,372.92
2026-09-28T20:34:38.705217,4,0.0,20702.0,20.08
2026-09-28T20:34:38.705217,5,0.0,16520.0,31.47
2026-09-28T20:34:38.705217,6,91.0,9328.0,405.89
2026-09-28T20:34:38.705217,7,90.0,13106.0,369.18
2026-09-28T20:34:39.758838,4,0.0,20702.0,19.86
2026-09-28T20:34:39.758838,5,0.0,16520.0,31.62
2026-09-28T20:34:39.758838,6,97.0,9328.0,411.66
2026-09-28T20:34:39.758838,7,96.0,13106.0,372.43
2026-09-28T20:34:40.706701,4,0.0,20702.0,19.9
2026-09-28T20:34:40.706701,5,0.0,16520.0,31.67
2026-09-28T20:34:40.706701,6,86.0,9328.0,414.72
2026-09-28T20:34:40.706701,7,84.0,13106.0,362.53
2026-09-28T20:34:41.703465,4,0.0,20702.0,19.86
2026-09-28T20:34:41.703465,5,0.0,16520.0,31.51
2026-09-28T20:34:41.703465,6,93.0,9328.0,408.82
2026-09-28T20:34:41.703465,7,97.0,13106.0,369.7
2026-09-28T20:34:42.701140,4,0.0,20702.0,19.86
2026-09-28T20:34:42.701140,5,0.0,16520.0,31.53
2026-09-28T20:34:42.701140,6,97.0,9328.0,412.4
2026-09-28T20:34:42.701140,7,97.0,13106.0,374.37
2026-09-28T20:34:43.709470,4,0.0,20702.0,20.08
2026-09-28T20:34:43.709470,5,0.0,16520.0,31.68
2026-09-28T20:34:43.709470,6,93.0,9328.0,407.88
2026-09-28T20:34:43.709470,7,90.0,13106.0,364.45
2026-09-28T20:34:44.704547,4,0.0,20702.0,20.19
2026-09-28T20:34:44.704547,5,0.0,16520.0,31.5
2026-09-28T20:34:44.704547,6,97.0,9328.0,408.82
2026-09-28T20:34:44.704547,7,97.0,13106.0,383.45
2026-09-28T20:34:45.705716,4,0.0,20702.0,20.22
2026-09-28T20:34:45.705716,5,0.0,16520.0,31.19
2026-09-28T20:34:45.705716,6,86.0,9328.0,404.04
2026-09-28T20:34:45.705716,7,84.0,13106.0,379.19
2026-09-28T20:34:46.716144,4,0.0,20702.0,20.26
2026-09-28T20:34:46.716144,5,0.0,16520.0,31.2
2026-09-28T20:34:46.716144,6,93.0,9328.0,408.65
2026-09-28T20:34:46.716144,7,97.0,13106.0,373.54
2026-09-28T20:34:47.701763,4,0.0,20702.0,20.18
2026-09-28T20:34:47.701763,5,0.0,16520.0,31.38
2026-09-28T20:34:47.701763,6,97.0,9328.0,410.89
2026-09-28T20:34:47.701763,7,96.0,13106.0,368.92
2026-09-28T20:34:48.706314,4,0.0,20702.0,20.26
2026-09-28T20:34:48.706314,5,0.0,16520.0,31.17
2026-09-28T20:34:48.706314,6,94.0,9328.0,407.88
2026-09-28T20:34:48.706314,7,88.0,13106.0,373.71
2026-09-28T20:34:49.703406,4,0.0,20702.0,20.22
2026-09-28T20:34:49.703406,5,0.0,16520.0,30.85
2026-09-28T20:34:49.703406,6,97.0,9328.0,417.84
2026-09-28T20:34:49.703406,7,97.0,13106.0,372.21
2026-09-28T20:34:50.703506,4,0.0,20702.0,19.94
2026-09-28T20:34:50.703506,5,0.0,16520.0,30.86
2026-09-28T20:34:50.703506,6,86.0,9328.0,399.87
2026-09-28T20:34:50.703506,7,84.0,13106.0,369.15
2026-09-28T20:34:51.702924,4,0.0,20702.0,19.75
2026-09-28T20:34:51.702924,5,0.0,16520.0,30.93
2026-09-28T20:34:51.702924,6,93.0,9328.0,406.45
2026-09-28T20:34:51.702924,7,97.0,13106.0,372.48
2026-09-28T20:34:52.752028,4,0.0,20702.0,19.74
2026-09-28T20:34:52.752028,5,0.0,16520.0,31.03
2026-09-28T20:34:52.752028,6,98.0,9328.0,414.4
2026-09-28T20:34:52.752028,7,97.0,13106.0,378.01
2026-09-28T20:34:53.706068,4,0.0,20702.0,19.72
2026-09-28T20:34:53.706068,5,0.0,16520.0,31.04
2026-09-28T20:34:53.706068,6,93.0,9328.0,408.34
2026-09-28T20:34:53.706068,7,90.0,13106.0,371.38
2026-09-28T20:34:54.703803,4,0.0,20702.0,19.63
2026-09-28T20:34:54.703803,5,0.0,16520.0,31.07
2026-09-28T20:34:54.703803,6,96.0,9328.0,413.35
2026-09-28T20:34:54.703803,7,96.0,13106.0,378.26
2026-09-28T20:34:55.706857,4,0.0,20702.0,19.65
2026-09-28T20:34:55.706857,5,0.0,16520.0,31.18
2026-09-28T20:34:55.706857,6,87.0,9328.0,402.66
2026-09-28T20:34:55.706857,7,83.0,13106.0,369.83
2026-09-28T20:34:56.704931,4,0.0,20702.0,19.68
2026-09-28T20:34:56.704931,5,0.0,16520.0,31.23
2026-09-28T20:34:56.704931,6,93.0,9328.0,412.16
2026-09-28T20:34:56.704931,7,97.0,13106.0,372.25
2026-09-28T20:34:57.702813,4,0.0,20702.0,19.79
2026-09-28T20:34:57.702813,5,0.0,16520.0,31.2
2026-09-28T20:34:57.702813,6,97.0,9328.0,407.76
2026-09-28T20:34:57.702813,7,97.0,13106.0,372.37
2026-09-28T20:34:58.705209,4,0.0,20702.0,19.91
2026-09-28T20:34:58.705209,5,0.0,16520.0,31.1
2026-09-28T20:34:58.705209,6,92.0,9328.0,407.01
2026-09-28T20:34:58.705209,7,88.0,13106.0,370.14
2026-09-28T20:34:59.721482,4,0.0,20702.0,19.81
2026-09-28T20:34:59.721482,5,0.0,16520.0,31.09
2026-09-28T20:34:59.721482,6,97.0,9328.0,410.57
2026-09-28T20:34:59.721482,7,97.0,13106.0,380.39
2026-09-28T20:35:00.706998,4,0.0,20702.0,19.58
2026-09-28T20:35:00.706998,5,0.0,16520.0,31.1
2026-09-28T20:35:00.706998,6,86.0,9328.0,404.46
2026-09-28T20:35:00.706998,7,94.0,13106.0,370.11
2026-09-28T20:35:01.706391,4,0.0,20702.0,19.67
2026-09-28T20:35:01.706391,5,0.0,16520.0,31.19
2026-09-28T20:35:01.706391,6,94.0,9328.0,410.48
2026-09-28T20:35:01.706391,7,96.0,13106.0,390.31
2026-09-28T20:35:02.707649,4,0.0,20702.0,19.85
2026-09-28T20:35:02.707649,5,0.0,16520.0,31.47
2026-09-28T20:35:02.707649,6,97.0,9328.0,403.77
2026-09-28T20:35:02.707649,7,99.0,13106.0,385.62
2026-09-28T20:35:03.701278,4,27.0,20702.0,31.26
2026-09-28T20:35:03.701278,5,0.0,16520.0,31.61
2026-09-28T20:35:03.701278,6,0.0,9328.0,164.8
2026-09-28T20:35:03.701278,7,100.0,13106.0,153.12
2026-09-28T20:35:04.702920,4,97.0,20702.0,414.19
2026-09-28T20:35:04.702920,5,0.0,16520.0,31.62
2026-09-28T20:35:04.702920,6,0.0,9328.0,119.35
2026-09-28T20:35:04.702920,7,100.0,13106.0,139.08
2026-09-28T20:35:05.748765,4,64.0,20702.0,356.62
2026-09-28T20:35:05.748765,5,0.0,16520.0,31.32
2026-09-28T20:35:05.748765,6,0.0,9328.0,100.87
2026-09-28T20:35:05.748765,7,100.0,13106.0,138.27
2026-09-28T20:35:06.702973,4,73.0,20702.0,304.97
2026-09-28T20:35:06.702973,5,0.0,16520.0,31.35
2026-09-28T20:35:06.702973,6,0.0,9328.0,99.4
2026-09-28T20:35:06.702973,7,100.0,13106.0,137.75
2026-09-28T20:35:07.702330,4,68.0,20702.0,307.11
2026-09-28T20:35:07.702330,5,0.0,16520.0,31.55
2026-09-28T20:35:07.702330,6,0.0,9328.0,98.97
2026-09-28T20:35:07.702330,7,100.0,13106.0,136.91
2026-09-28T20:35:08.705086,4,73.0,20702.0,308.28
2026-09-28T20:35:08.705086,5,0.0,16520.0,31.51
2026-09-28T20:35:08.705086,6,0.0,9328.0,98.49
2026-09-28T20:35:08.705086,7,100.0,13106.0,136.72
2026-09-28T20:35:09.701472,4,66.0,20702.0,312.42
2026-09-28T20:35:09.701472,5,0.0,16520.0,31.5
2026-09-28T20:35:09.701472,6,0.0,9328.0,97.68
2026-09-28T20:35:09.701472,7,100.0,13106.0,136.36
2026-09-28T20:35:10.704834,4,0.0,20702.0,247.28
2026-09-28T20:35:10.704834,5,0.0,16520.0,31.45
2026-09-28T20:35:10.704834,6,0.0,9328.0,96.51
2026-09-28T20:35:10.704834,7,100.0,13106.0,135.99
2026-09-28T20:35:11.701599,4,68.0,20702.0,229.88
2026-09-28T20:35:11.701599,5,0.0,16520.0,31.43
2026-09-28T20:35:11.701599,6,0.0,9328.0,95.59
2026-09-28T20:35:11.701599,7,100.0,13106.0,135.26
2026-09-28T20:35:12.746237,4,74.0,20702.0,313.86
2026-09-28T20:35:12.746237,5,0.0,16520.0,31.33
2026-09-28T20:35:12.746237,6,0.0,9328.0,94.77
2026-09-28T20:35:12.746237,7,100.0,13106.0,134.68
2026-09-28T20:35:13.708610,4,70.0,20702.0,318.22
2026-09-28T20:35:13.708610,5,0.0,16520.0,31.15
2026-09-28T20:35:13.708610,6,0.0,9328.0,93.61
2026-09-28T20:35:13.708610,7,100.0,13106.0,133.94
2026-09-28T20:35:14.710873,4,75.0,20702.0,319.02
2026-09-28T20:35:14.710873,5,0.0,16520.0,31.0
2026-09-28T20:35:14.710873,6,0.0,9328.0,92.6
2026-09-28T20:35:14.710873,7,100.0,13106.0,133.74
2026-09-28T20:35:15.701644,4,76.0,20702.0,322.18
2026-09-28T20:35:15.701644,5,0.0,16520.0,30.92
2026-09-28T20:35:15.701644,6,0.0,9328.0,91.61
2026-09-28T20:35:15.701644,7,100.0,13106.0,133.26
2026-09-28T20:35:16.724475,4,72.0,20702.0,322.17
2026-09-28T20:35:16.724475,5,0.0,16520.0,30.98
2026-09-28T20:35:16.724475,6,0.0,9328.0,90.15
2026-09-28T20:35:16.724475,7,100.0,13106.0,132.37
2026-09-28T20:35:17.704231,4,77.0,20702.0,323.27
2026-09-28T20:35:17.704231,5,0.0,16520.0,31.06
2026-09-28T20:35:17.704231,6,0.0,9328.0,88.4
2026-09-28T20:35:17.704231,7,100.0,13106.0,131.53
2026-09-28T20:35:18.729190,4,78.0,20702.0,326.19
2026-09-28T20:35:18.729190,5,0.0,16520.0,31.09
2026-09-28T20:35:18.729190,6,0.0,9328.0,86.83
2026-09-28T20:35:18.729190,7,100.0,13106.0,130.95
2026-09-28T20:35:19.707476,4,78.0,20702.0,327.69
2026-09-28T20:35:19.707476,5,0.0,16520.0,31.16
2026-09-28T20:35:19.707476,6,0.0,9328.0,85.94
2026-09-28T20:35:19.707476,7,100.0,13106.0,130.15
2026-09-28T20:35:20.707546,4,79.0,20702.0,327.84
2026-09-28T20:35:20.707546,5,0.0,16520.0,31.08
2026-09-28T20:35:20.707546,6,0.0,9328.0,81.21
2026-09-28T20:35:20.707546,7,100.0,13106.0,129.45
2026-09-28T20:35:21.702625,4,78.0,20702.0,328.1
2026-09-28T20:35:21.702625,5,0.0,16520.0,31.12
2026-09-28T20:35:21.702625,6,0.0,9328.0,54.5
2026-09-28T20:35:21.702625,7,100.0,13106.0,128.66
2026-09-28T20:35:22.707043,4,78.0,20702.0,329.79
2026-09-28T20:35:22.707043,5,0.0,16520.0,31.39
2026-09-28T20:35:22.707043,6,0.0,9328.0,28.67
2026-09-28T20:35:22.707043,7,100.0,13106.0,128.19
2026-09-28T20:35:23.707088,4,76.0,20702.0,329.49
2026-09-28T20:35:23.707088,5,0.0,16520.0,31.7
2026-09-28T20:35:23.707088,6,0.0,9328.0,24.88
2026-09-28T20:35:23.707088,7,100.0,13106.0,127.52
2026-09-28T20:35:24.710485,4,77.0,20702.0,330.45
2026-09-28T20:35:24.710485,5,0.0,16520.0,31.8
2026-09-28T20:35:24.710485,6,0.0,9328.0,24.55
2026-09-28T20:35:24.710485,7,100.0,13106.0,127.18
2026-09-28T20:35:25.767347,4,0.0,20702.0,289.85
2026-09-28T20:35:25.767347,5,0.0,16520.0,31.64
2026-09-28T20:35:25.767347,6,0.0,9328.0,24.22
2026-09-28T20:35:25.767347,7,100.0,13106.0,126.25
2026-09-28T20:35:26.708377,4,77.0,20702.0,200.81
2026-09-28T20:35:26.708377,5,0.0,16520.0,31.55
2026-09-28T20:35:26.708377,6,0.0,9328.0,23.89
2026-09-28T20:35:26.708377,7,100.0,13106.0,125.7
2026-09-28T20:35:27.708363,4,80.0,20702.0,333.47
2026-09-28T20:35:27.708363,5,0.0,16520.0,31.39
2026-09-28T20:35:27.708363,6,0.0,9328.0,23.85
2026-09-28T20:35:27.708363,7,100.0,13106.0,125.43
2026-09-28T20:35:28.709156,4,80.0,20702.0,334.0
2026-09-28T20:35:28.709156,5,0.0,16520.0,31.12
2026-09-28T20:35:28.709156,6,0.0,9328.0,23.8
2026-09-28T20:35:28.709156,7,100.0,13106.0,125.09
2026-09-28T20:35:29.708307,4,80.0,20702.0,333.42
2026-09-28T20:35:29.708307,5,0.0,16520.0,30.98
2026-09-28T20:35:29.708307,6,0.0,9328.0,23.54
2026-09-28T20:35:29.708307,7,100.0,13106.0,124.71
2026-09-28T20:35:30.702623,4,82.0,20702.0,328.8
2026-09-28T20:35:30.702623,5,0.0,16520.0,30.91
2026-09-28T20:35:30.702623,6,0.0,9328.0,23.39
2026-09-28T20:35:30.702623,7,100.0,13106.0,124.32
2026-09-28T20:35:31.701934,4,83.0,20702.0,333.71
2026-09-28T20:35:31.701934,5,0.0,16520.0,31.17
2026-09-28T20:35:31.701934,6,0.0,9328.0,23.36
2026-09-28T20:35:31.701934,7,100.0,13106.0,123.83
2026-09-28T20:35:32.716944,4,83.0,20702.0,335.64
2026-09-28T20:35:32.716944,5,0.0,16520.0,31.48
2026-09-28T20:35:32.716944,6,0.0,9328.0,23.17
2026-09-28T20:35:32.716944,7,100.0,13106.0,123.51
2026-09-28T20:35:33.709548,4,84.0,20702.0,338.37
2026-09-28T20:35:33.709548,5,0.0,16520.0,31.47
2026-09-28T20:35:33.709548,6,0.0,9328.0,23.05
2026-09-28T20:35:33.709548,7,100.0,13106.0,123.19
2026-09-28T20:35:34.709017,4,84.0,20702.0,338.53
2026-09-28T20:35:34.709017,5,0.0,16520.0,31.37
2026-09-28T20:35:34.709017,6,0.0,9328.0,23.16
2026-09-28T20:35:34.709017,7,100.0,13106.0,122.79
2026-09-28T20:35:35.710907,4,82.0,20702.0,341.08
2026-09-28T20:35:35.710907,5,0.0,16520.0,31.17
2026-09-28T20:35:35.710907,6,0.0,9328.0,23.16
2026-09-28T20:35:35.710907,7,100.0,13106.0,122.52
2026-09-28T20:35:36.710033,4,86.0,20702.0,339.41
2026-09-28T20:35:36.710033,5,0.0,16520.0,30.97
2026-09-28T20:35:36.710033,6,0.0,9328.0,23.14
2026-09-28T20:35:36.710033,7,100.0,13106.0,122.18
2026-09-28T20:35:37.710312,4,84.0,20702.0,326.19
2026-09-28T20:35:37.710312,5,0.0,16520.0,30.95
2026-09-28T20:35:37.710312,6,0.0,9328.0,23.14
2026-09-28T20:35:37.710312,7,100.0,13106.0,121.3
2026-09-28T20:35:38.764067,4,87.0,20702.0,325.27
2026-09-28T20:35:38.764067,5,0.0,16520.0,31.0
2026-09-28T20:35:38.764067,6,0.0,9328.0,23.02
2026-09-28T20:35:38.764067,7,100.0,13106.0,120.77
2026-09-28T20:35:39.707325,4,85.0,20702.0,324.9
2026-09-28T20:35:39.707325,5,0.0,16520.0,31.09
2026-09-28T20:35:39.707325,6,0.0,9328.0,22.87
2026-09-28T20:35:39.707325,7,100.0,13106.0,120.65
2026-09-28T20:35:40.709610,4,85.0,20702.0,324.51
2026-09-28T20:35:40.709610,5,0.0,16520.0,31.22
2026-09-28T20:35:40.709610,6,0.0,9328.0,22.9
2026-09-28T20:35:40.709610,7,100.0,13106.0,120.12
2026-09-28T20:35:41.709546,4,87.0,20702.0,323.92
2026-09-28T20:35:41.709546,5,0.0,16520.0,31.21
2026-09-28T20:35:41.709546,6,0.0,9328.0,22.97
2026-09-28T20:35:41.709546,7,100.0,13106.0,118.4
2026-09-28T20:35:42.710940,4,86.0,20702.0,324.73
2026-09-28T20:35:42.710940,5,0.0,16520.0,30.98
2026-09-28T20:35:42.710940,6,0.0,9328.0,22.96
2026-09-28T20:35:42.710940,7,100.0,13106.0,118.33
2026-09-28T20:35:43.709676,4,85.0,20702.0,329.68
2026-09-28T20:35:43.709676,5,0.0,16520.0,30.72
2026-09-28T20:35:43.709676,6,0.0,9328.0,22.98
2026-09-28T20:35:43.709676,7,100.0,13106.0,119.2
2026-09-28T20:35:44.708269,4,86.0,20702.0,330.33
2026-09-28T20:35:44.708269,5,0.0,16520.0,30.77
2026-09-28T20:35:44.708269,6,0.0,9328.0,22.85
2026-09-28T20:35:44.708269,7,100.0,13106.0,118.56
2026-09-28T20:35:45.720439,4,88.0,20702.0,332.28
2026-09-28T20:35:45.720439,5,0.0,16520.0,30.9
2026-09-28T20:35:45.720439,6,0.0,9328.0,22.75
2026-09-28T20:35:45.720439,7,100.0,13106.0,118.38
2026-09-28T20:35:46.710778,4,87.0,20702.0,329.59
2026-09-28T20:35:46.710778,5,0.0,16520.0,30.78
2026-09-28T20:35:46.710778,6,0.0,9328.0,22.85
2026-09-28T20:35:46.710778,7,100.0,13106.0,117.99
2026-09-28T20:35:47.706343,4,88.0,20702.0,327.28
2026-09-28T20:35:47.706343,5,0.0,16520.0,30.73
2026-09-28T20:35:47.706343,6,0.0,9328.0,22.84
2026-09-28T20:35:47.706343,7,100.0,13106.0,117.22
2026-09-28T20:35:48.709992,4,88.0,20702.0,320.1
2026-09-28T20:35:48.709992,5,0.0,16520.0,30.92
2026-09-28T20:35:48.709992,6,0.0,9328.0,22.83
2026-09-28T20:35:48.709992,7,100.0,13106.0,117.1
2026-09-28T20:35:49.708692,4,89.0,20702.0,310.9
2026-09-28T20:35:49.708692,5,0.0,16520.0,30.8
2026-09-28T20:35:49.708692,6,0.0,9328.0,22.88
2026-09-28T20:35:49.708692,7,100.0,13106.0,117.05
2026-09-28T20:35:50.707649,4,89.0,20702.0,302.13
2026-09-28T20:35:50.707649,5,0.0,16520.0,30.72
2026-09-28T20:35:50.707649,6,0.0,9328.0,22.88
2026-09-28T20:35:50.707649,7,100.0,13106.0,116.62
2026-09-28T20:35:51.763310,4,90.0,20702.0,296.8
2026-09-28T20:35:51.763310,5,0.0,16520.0,30.62
2026-09-28T20:35:51.763310,6,0.0,9328.0,22.84
2026-09-28T20:35:51.763310,7,100.0,13106.0,116.69
2026-09-28T20:35:52.706443,4,90.0,20702.0,288.93
2026-09-28T20:35:52.706443,5,0.0,16520.0,30.51
2026-09-28T20:35:52.706443,6,0.0,9328.0,22.73
2026-09-28T20:35:52.706443,7,100.0,13106.0,116.34
2026-09-28T20:35:53.707757,4,91.0,20702.0,277.5
2026-09-28T20:35:53.707757,5,0.0,16520.0,30.56
2026-09-28T20:35:53.707757,6,0.0,9328.0,22.6
2026-09-28T20:35:53.707757,7,100.0,13106.0,115.93
2026-09-28T20:35:54.708223,4,90.0,20702.0,273.15
2026-09-28T20:35:54.708223,5,0.0,16520.0,30.37
2026-09-28T20:35:54.708223,6,0.0,9328.0,22.67
2026-09-28T20:35:54.708223,7,100.0,13106.0,115.52
2026-09-28T20:35:55.703240,4,91.0,20702.0,273.7
2026-09-28T20:35:55.703240,5,0.0,16520.0,30.34
2026-09-28T20:35:55.703240,6,0.0,9328.0,22.74
2026-09-28T20:35:55.703240,7,100.0,13106.0,115.63
2026-09-28T20:35:56.702002,4,0.0,20702.0,198.76
2026-09-28T20:35:56.702002,5,0.0,16520.0,30.24
2026-09-28T20:35:56.702002,6,12.0,9328.0,49.1
2026-09-28T20:35:56.702002,7,12.0,13106.0,111.63
2026-09-28T20:35:57.700693,4,0.0,20702.0,129.09
2026-09-28T20:35:57.700693,5,0.0,16520.0,30.43
2026-09-28T20:35:57.700693,6,12.0,9328.0,86.59
2026-09-28T20:35:57.700693,7,12.0,13106.0,107.24
2026-09-28T20:35:58.740065,4,0.0,20702.0,100.09
2026-09-28T20:35:58.740065,5,0.0,16520.0,30.82
2026-09-28T20:35:58.740065,6,12.0,9328.0,84.79
2026-09-28T20:35:58.740065,7,12.0,13106.0,96.74
2026-09-28T20:35:59.702351,4,0.0,20702.0,93.62
2026-09-28T20:35:59.702351,5,0.0,16520.0,30.62
2026-09-28T20:35:59.702351,6,100.0,9328.0,90.69
2026-09-28T20:35:59.702351,7,11.0,13106.0,90.98
2026-09-28T20:36:00.702375,4,0.0,20702.0,87.49
2026-09-28T20:36:00.702375,5,96.0,16520.0,212.29
2026-09-28T20:36:00.702375,6,0.0,9328.0,99.94
2026-09-28T20:36:00.702375,7,100.0,13106.0,104.03
2026-09-28T20:36:01.703401,4,0.0,20702.0,87.49
2026-09-28T20:36:01.703401,5,99.0,16520.0,450.23
2026-09-28T20:36:01.703401,6,0.0,9328.0,94.44
2026-09-28T20:36:01.703401,7,100.0,13106.0,113.81
2026-09-28T20:36:02.703652,4,0.0,20702.0,87.48
2026-09-28T20:36:02.703652,5,94.0,16520.0,449.96
2026-09-28T20:36:02.703652,6,0.0,9328.0,90.37
2026-09-28T20:36:02.703652,7,100.0,13106.0,114.17
2026-09-28T20:36:03.703704,4,0.0,20702.0,87.18
2026-09-28T20:36:03.703704,5,93.0,16520.0,447.16
2026-09-28T20:36:03.703704,6,0.0,9328.0,85.22
2026-09-28T20:36:03.703704,7,100.0,13106.0,114.06
2026-09-28T20:36:04.702982,4,0.0,20702.0,86.86
2026-09-28T20:36:04.702982,5,96.0,16520.0,448.79
2026-09-28T20:36:04.702982,6,0.0,9328.0,80.33
2026-09-28T20:36:04.702982,7,100.0,13106.0,113.81
2026-09-28T20:36:05.708360,4,0.0,20702.0,86.54
2026-09-28T20:36:05.708360,5,95.0,16520.0,448.38
2026-09-28T20:36:05.708360,6,0.0,9328.0,80.19
2026-09-28T20:36:05.708360,7,100.0,13106.0,113.88
2026-09-28T20:36:06.701450,4,0.0,20702.0,86.09
2026-09-28T20:36:06.701450,5,95.0,16520.0,448.98
2026-09-28T20:36:06.701450,6,0.0,9328.0,79.98
2026-09-28T20:36:06.701450,7,100.0,13106.0,113.55
2026-09-28T20:36:07.705326,4,0.0,20702.0,85.8
2026-09-28T20:36:07.705326,5,96.0,16520.0,449.04
2026-09-28T20:36:07.705326,6,0.0,9328.0,79.88
2026-09-28T20:36:07.705326,7,100.0,13106.0,113.35
2026-09-28T20:36:08.706705,4,0.0,20702.0,85.59
2026-09-28T20:36:08.706705,5,93.0,16520.0,448.9
2026-09-28T20:36:08.706705,6,0.0,9328.0,79.98
2026-09-28T20:36:08.706705,7,100.0,13106.0,113.28
2026-09-28T20:36:09.705737,4,0.0,20702.0,85.37
2026-09-28T20:36:09.705737,5,96.0,16520.0,448.74
2026-09-28T20:36:09.705737,6,0.0,9328.0,80.09
2026-09-28T20:36:09.705737,7,100.0,13106.0,113.34
2026-09-28T20:36:10.703207,4,0.0,20702.0,84.97
2026-09-28T20:36:10.703207,5,95.0,16520.0,449.02
2026-09-28T20:36:10.703207,6,0.0,9328.0,80.14
2026-09-28T20:36:10.703207,7,100.0,13106.0,112.81
2026-09-28T20:36:11.727460,4,0.0,20702.0,84.45
2026-09-28T20:36:11.727460,5,95.0,16520.0,447.94
2026-09-28T20:36:11.727460,6,0.0,9328.0,80.12
2026-09-28T20:36:11.727460,7,100.0,13106.0,112.99
2026-09-28T20:36:12.707190,4,0.0,20702.0,84.13
2026-09-28T20:36:12.707190,5,96.0,16520.0,449.13
2026-09-28T20:36:12.707190,6,0.0,9328.0,80.21
2026-09-28T20:36:12.707190,7,100.0,13106.0,113.06
2026-09-28T20:36:13.706421,4,0.0,20702.0,68.06
2026-09-28T20:36:13.706421,5,95.0,16520.0,448.45
2026-09-28T20:36:13.706421,6,0.0,9328.0,80.45
2026-09-28T20:36:13.706421,7,100.0,13106.0,113.06
2026-09-28T20:36:14.704906,4,0.0,20702.0,38.75
2026-09-28T20:36:14.704906,5,95.0,16520.0,448.34
2026-09-28T20:36:14.704906,6,0.0,9328.0,80.39
2026-09-28T20:36:14.704906,7,100.0,13106.0,112.85
2026-09-28T20:36:15.707820,4,0.0,20702.0,23.88
2026-09-28T20:36:15.707820,5,99.0,16520.0,448.04
2026-09-28T20:36:15.707820,6,0.0,9328.0,80.05
2026-09-28T20:36:15.707820,7,100.0,13106.0,112.85
2026-09-28T20:36:16.707004,4,0.0,20702.0,22.23
2026-09-28T20:36:16.707004,5,99.0,16520.0,449.24
2026-09-28T20:36:16.707004,6,0.0,9328.0,80.1
2026-09-28T20:36:16.707004,7,100.0,13106.0,112.94
2026-09-28T20:36:17.708258,4,0.0,20702.0,22.01
2026-09-28T20:36:17.708258,5,95.0,16520.0,449.04
2026-09-28T20:36:17.708258,6,0.0,9328.0,62.24
2026-09-28T20:36:17.708258,7,100.0,13106.0,112.86
2026-09-28T20:36:18.749789,4,0.0,20702.0,21.93
2026-09-28T20:36:18.749789,5,99.0,16520.0,448.77
2026-09-28T20:36:18.749789,6,0.0,9328.0,36.09
2026-09-28T20:36:18.749789,7,100.0,13106.0,112.94
2026-09-28T20:36:19.707364,4,0.0,20702.0,21.81
2026-09-28T20:36:19.707364,5,94.0,16520.0,448.35
2026-09-28T20:36:19.707364,6,0.0,9328.0,25.32
2026-09-28T20:36:19.707364,7,100.0,13106.0,112.69
2026-09-28T20:36:20.706356,4,0.0,20702.0,21.53
2026-09-28T20:36:20.706356,5,99.0,16520.0,448.32
2026-09-28T20:36:20.706356,6,0.0,9328.0,22.75
2026-09-28T20:36:20.706356,7,100.0,13106.0,112.61
2026-09-28T20:36:21.709472,4,0.0,20702.0,21.66
2026-09-28T20:36:21.709472,5,96.0,16520.0,448.38
2026-09-28T20:36:21.709472,6,0.0,9328.0,22.81
2026-09-28T20:36:21.709472,7,100.0,13106.0,112.5
2026-09-28T20:36:22.708235,4,0.0,20702.0,21.66
2026-09-28T20:36:22.708235,5,95.0,16520.0,449.13
2026-09-28T20:36:22.708235,6,0.0,9328.0,22.61
2026-09-28T20:36:22.708235,7,100.0,13106.0,112.71
2026-09-28T20:36:23.707086,4,0.0,20702.0,21.39
2026-09-28T20:36:23.707086,5,95.0,16520.0,448.51
2026-09-28T20:36:23.707086,6,0.0,9328.0,22.54
2026-09-28T20:36:23.707086,7,100.0,13106.0,112.31
2026-09-28T20:36:24.708406,4,0.0,20702.0,21.17
2026-09-28T20:36:24.708406,5,95.0,16520.0,447.72
2026-09-28T20:36:24.708406,6,0.0,9328.0,22.54
2026-09-28T20:36:24.708406,7,100.0,13106.0,112.58
2026-09-28T20:36:25.768689,4,0.0,20702.0,20.97
2026-09-28T20:36:25.768689,5,95.0,16520.0,449.01
2026-09-28T20:36:25.768689,6,0.0,9328.0,22.48
2026-09-28T20:36:25.768689,7,100.0,13106.0,112.52
2026-09-28T20:36:26.709550,4,0.0,20702.0,20.9
2026-09-28T20:36:26.709550,5,99.0,16520.0,449.38
2026-09-28T20:36:26.709550,6,0.0,9328.0,22.31
2026-09-28T20:36:26.709550,7,100.0,13106.0,112.36
2026-09-28T20:36:27.708544,4,0.0,20702.0,20.86
2026-09-28T20:36:27.708544,5,96.0,16520.0,448.69
2026-09-28T20:36:27.708544,6,0.0,9328.0,22.21
2026-09-28T20:36:27.708544,7,100.0,13106.0,112.66
2026-09-28T20:36:28.706629,4,0.0,20702.0,20.9
2026-09-28T20:36:28.706629,5,95.0,16520.0,448.71
2026-09-28T20:36:28.706629,6,0.0,9328.0,22.33
2026-09-28T20:36:28.706629,7,100.0,13106.0,112.65
2026-09-28T20:36:29.707875,4,0.0,20702.0,20.8
2026-09-28T20:36:29.707875,5,96.0,16520.0,448.32
2026-09-28T20:36:29.707875,6,0.0,9328.0,22.45
2026-09-28T20:36:29.707875,7,100.0,13106.0,112.73
2026-09-28T20:36:30.708973,4,0.0,20702.0,20.67
2026-09-28T20:36:30.708973,5,95.0,16520.0,448.45
2026-09-28T20:36:30.708973,6,0.0,9328.0,22.5
2026-09-28T20:36:30.708973,7,100.0,13106.0,112.46
2026-09-28T20:36:31.715736,4,0.0,20702.0,20.62
2026-09-28T20:36:31.715736,5,95.0,16520.0,448.6
2026-09-28T20:36:31.715736,6,0.0,9328.0,22.55
2026-09-28T20:36:31.715736,7,100.0,13106.0,112.74
2026-09-28T20:36:32.712798,4,0.0,20702.0,20.55
2026-09-28T20:36:32.712798,5,0.0,16520.0,278.05
2026-09-28T20:36:32.712798,6,95.0,9328.0,82.45
2026-09-28T20:36:32.712798,7,97.0,13106.0,206.31
2026-09-28T20:36:33.708454,4,0.0,20702.0,20.41
2026-09-28T20:36:33.708454,5,0.0,16520.0,129.41
2026-09-28T20:36:33.708454,6,86.0,9328.0,327.95
2026-09-28T20:36:33.708454,7,90.0,13106.0,383.61
2026-09-28T20:36:34.708057,4,0.0,20702.0,20.39
2026-09-28T20:36:34.708057,5,0.0,16520.0,118.36
2026-09-28T20:36:34.708057,6,95.0,9328.0,339.16
2026-09-28T20:36:34.708057,7,97.0,13106.0,397.51
2026-09-28T20:36:35.706389,4,0.0,20702.0,20.47
2026-09-28T20:36:35.706389,5,0.0,16520.0,111.57
2026-09-28T20:36:35.706389,6,93.0,9328.0,333.06
2026-09-28T20:36:35.706389,7,95.0,13106.0,396.15
2026-09-28T20:36:36.714812,4,0.0,20702.0,20.59
2026-09-28T20:36:36.714812,5,0.0,16520.0,105.03
2026-09-28T20:36:36.714812,6,84.0,9328.0,325.11
2026-09-28T20:36:36.714812,7,86.0,13106.0,389.66
2026-09-28T20:36:37.711096,4,0.0,20702.0,20.86
2026-09-28T20:36:37.711096,5,0.0,16520.0,104.79
2026-09-28T20:36:37.711096,6,95.0,9328.0,316.98
2026-09-28T20:36:37.711096,7,97.0,13106.0,411.0
2026-09-28T20:36:38.761989,4,0.0,20702.0,20.92
2026-09-28T20:36:38.761989,5,0.0,16520.0,104.33
2026-09-28T20:36:38.761989,6,85.0,9328.0,331.16
2026-09-28T20:36:38.761989,7,90.0,13106.0,396.82
2026-09-28T20:36:39.714986,4,0.0,20702.0,20.71
2026-09-28T20:36:39.714986,5,0.0,16520.0,103.46
2026-09-28T20:36:39.714986,6,96.0,9328.0,357.05
2026-09-28T20:36:39.714986,7,96.0,13106.0,399.98
2026-09-28T20:36:40.711843,4,0.0,20702.0,20.58
2026-09-28T20:36:40.711843,5,0.0,16520.0,102.48
2026-09-28T20:36:40.711843,6,96.0,9328.0,327.86
2026-09-28T20:36:40.711843,7,95.0,13106.0,392.22
2026-09-28T20:36:41.718056,4,0.0,20702.0,20.67
2026-09-28T20:36:41.718056,5,0.0,16520.0,101.74
2026-09-28T20:36:41.718056,6,90.0,9328.0,344.67
2026-09-28T20:36:41.718056,7,93.0,13106.0,393.26
2026-09-28T20:36:42.710186,4,0.0,20702.0,20.78
2026-09-28T20:36:42.710186,5,0.0,16520.0,101.1
2026-09-28T20:36:42.710186,6,95.0,9328.0,344.01
2026-09-28T20:36:42.710186,7,97.0,13106.0,410.17
2026-09-28T20:36:43.727368,4,0.0,20702.0,20.78
2026-09-28T20:36:43.727368,5,0.0,16520.0,100.36
2026-09-28T20:36:43.727368,6,92.0,9328.0,336.36
2026-09-28T20:36:43.727368,7,94.0,13106.0,399.86
2026-09-28T20:36:44.717208,4,0.0,20702.0,20.78
2026-09-28T20:36:44.717208,5,0.0,16520.0,99.63
2026-09-28T20:36:44.717208,6,99.0,9328.0,322.41
2026-09-28T20:36:44.717208,7,87.0,13106.0,414.36
2026-09-28T20:36:45.747563,4,0.0,20702.0,20.68
2026-09-28T20:36:45.747563,5,0.0,16520.0,98.86
2026-09-28T20:36:45.747563,6,96.0,9328.0,320.42
2026-09-28T20:36:45.747563,7,97.0,13106.0,403.36
2026-09-28T20:36:46.713054,4,0.0,20702.0,20.64
2026-09-28T20:36:46.713054,5,0.0,16520.0,98.4
2026-09-28T20:36:46.713054,6,83.0,9328.0,334.84
2026-09-28T20:36:46.713054,7,89.0,13106.0,401.5
2026-09-28T20:36:47.708829,4,0.0,20702.0,20.63
2026-09-28T20:36:47.708829,5,0.0,16520.0,97.96
2026-09-28T20:36:47.708829,6,96.0,9328.0,348.89
2026-09-28T20:36:47.708829,7,96.0,13106.0,407.41
2026-09-28T20:36:48.709289,4,0.0,20702.0,20.58
2026-09-28T20:36:48.709289,5,0.0,16520.0,97.18
2026-09-28T20:36:48.709289,6,95.0,9328.0,324.49
2026-09-28T20:36:48.709289,7,96.0,13106.0,403.22
2026-09-28T20:36:49.713770,4,0.0,20702.0,20.77
2026-09-28T20:36:49.713770,5,0.0,16520.0,94.82
2026-09-28T20:36:49.713770,6,81.0,9328.0,325.27
2026-09-28T20:36:49.713770,7,92.0,13106.0,402.16
2026-09-28T20:36:50.712874,4,0.0,20702.0,20.93
2026-09-28T20:36:50.712874,5,0.0,16520.0,68.69
2026-09-28T20:36:50.712874,6,97.0,9328.0,345.69
2026-09-28T20:36:50.712874,7,96.0,13106.0,408.8
2026-09-28T20:36:51.754502,4,0.0,20702.0,20.73
2026-09-28T20:36:51.754502,5,0.0,16520.0,40.02
2026-09-28T20:36:51.754502,6,91.0,9328.0,357.47
2026-09-28T20:36:51.754502,7,93.0,13106.0,405.93
2026-09-28T20:36:52.716290,4,0.0,20702.0,20.51
2026-09-28T20:36:52.716290,5,0.0,16520.0,35.17
2026-09-28T20:36:52.716290,6,88.0,9328.0,322.85
2026-09-28T20:36:52.716290,7,86.0,13106.0,405.65
2026-09-28T20:36:53.712679,4,0.0,20702.0,20.41
2026-09-28T20:36:53.712679,5,0.0,16520.0,34.6
2026-09-28T20:36:53.712679,6,96.0,9328.0,328.21
2026-09-28T20:36:53.712679,7,97.0,13106.0,415.53
2026-09-28T20:36:54.714989,4,0.0,20702.0,20.56
2026-09-28T20:36:54.714989,5,0.0,16520.0,34.29
2026-09-28T20:36:54.714989,6,84.0,9328.0,333.2
2026-09-28T20:36:54.714989,7,90.0,13106.0,410.76
2026-09-28T20:36:55.712756,4,0.0,20702.0,20.63
2026-09-28T20:36:55.712756,5,0.0,16520.0,34.03
2026-09-28T20:36:55.712756,6,95.0,9328.0,350.7
2026-09-28T20:36:55.712756,7,96.0,13106.0,412.64
2026-09-28T20:36:56.712169,4,0.0,20702.0,20.33
2026-09-28T20:36:56.712169,5,0.0,16520.0,33.65
2026-09-28T20:36:56.712169,6,96.0,9328.0,334.12
2026-09-28T20:36:56.712169,7,96.0,13106.0,408.71
2026-09-28T20:36:57.713184,4,0.0,20702.0,20.18
2026-09-28T20:36:57.713184,5,0.0,16520.0,33.3
2026-09-28T20:36:57.713184,6,84.0,9328.0,325.16
2026-09-28T20:36:57.713184,7,87.0,13106.0,414.87
2026-09-28T20:36:58.750677,4,0.0,20702.0,20.19
2026-09-28T20:36:58.750677,5,0.0,16520.0,33.09
2026-09-28T20:36:58.750677,6,95.0,9328.0,325.25
2026-09-28T20:36:58.750677,7,96.0,13106.0,419.82
2026-09-28T20:36:59.713371,4,0.0,20702.0,20.13
2026-09-28T20:36:59.713371,5,0.0,16520.0,33.1
2026-09-28T20:36:59.713371,6,83.0,9328.0,338.13
2026-09-28T20:36:59.713371,7,88.0,13106.0,412.02
2026-09-28T20:37:00.714795,4,0.0,20702.0,20.25
2026-09-28T20:37:00.714795,5,0.0,16520.0,32.94
2026-09-28T20:37:00.714795,6,96.0,9328.0,344.2
2026-09-28T20:37:00.714795,7,97.0,13106.0,417.45
2026-09-28T20:37:01.714053,4,0.0,20702.0,20.4
2026-09-28T20:37:01.714053,5,0.0,16520.0,32.6
2026-09-28T20:37:01.714053,6,96.0,9328.0,324.96
2026-09-28T20:37:01.714053,7,96.0,13106.0,417.91
2026-09-28T20:37:02.713233,4,0.0,20702.0,20.35
2026-09-28T20:37:02.713233,5,0.0,16520.0,32.45
2026-09-28T20:37:02.713233,6,83.0,9328.0,339.04
2026-09-28T20:37:02.713233,7,92.0,13106.0,412.8
2026-09-28T20:37:03.713198,4,0.0,20702.0,20.2
2026-09-28T20:37:03.713198,5,0.0,16520.0,32.49
2026-09-28T20:37:03.713198,6,97.0,9328.0,347.95
2026-09-28T20:37:03.713198,7,96.0,13106.0,410.18
2026-09-28T20:37:04.748680,4,0.0,20702.0,20.08
2026-09-28T20:37:04.748680,5,0.0,16520.0,32.54
2026-09-28T20:37:04.748680,6,87.0,9328.0,344.12
2026-09-28T20:37:04.748680,7,94.0,13106.0,418.51
2026-09-28T20:37:05.717364,4,0.0,20702.0,20.0
2026-09-28T20:37:05.717364,5,0.0,16520.0,32.36
2026-09-28T20:37:05.717364,6,99.0,9328.0,342.75
2026-09-28T20:37:05.717364,7,87.0,13106.0,412.96
2026-09-28T20:37:06.716399,4,0.0,20702.0,19.86
2026-09-28T20:37:06.716399,5,0.0,16520.0,32.22
2026-09-28T20:37:06.716399,6,94.0,9328.0,326.11
2026-09-28T20:37:06.716399,7,96.0,13106.0,416.94
2026-09-28T20:37:07.714243,4,0.0,20702.0,19.85
2026-09-28T20:37:07.714243,5,0.0,16520.0,32.41
2026-09-28T20:37:07.714243,6,85.0,9328.0,337.27
2026-09-28T20:37:07.714243,7,88.0,13106.0,411.26
2026-09-28T20:37:08.711974,4,0.0,20702.0,19.87
2026-09-28T20:37:08.711974,5,0.0,16520.0,32.64
2026-09-28T20:37:08.711974,6,95.0,9328.0,363.3
2026-09-28T20:37:08.711974,7,97.0,13106.0,416.56
2026-09-28T20:37:09.712979,4,0.0,20702.0,20.08
2026-09-28T20:37:09.712979,5,0.0,16520.0,32.48
2026-09-28T20:37:09.712979,6,93.0,9328.0,328.23
2026-09-28T20:37:09.712979,7,94.0,13106.0,417.31
2026-09-28T20:37:10.713906,4,0.0,20702.0,20.31
2026-09-28T20:37:10.713906,5,0.0,16520.0,32.22
2026-09-28T20:37:10.713906,6,85.0,9328.0,332.91
2026-09-28T20:37:10.713906,7,83.0,13106.0,408.61
2026-09-28T20:37:11.763898,4,0.0,20702.0,20.14
2026-09-28T20:37:11.763898,5,0.0,16520.0,32.29
2026-09-28T20:37:11.763898,6,95.0,9328.0,336.85
2026-09-28T20:37:11.763898,7,97.0,13106.0,411.32
2026-09-28T20:37:12.717734,4,0.0,20702.0,20.07
2026-09-28T20:37:12.717734,5,0.0,16520.0,32.03
2026-09-28T20:37:12.717734,6,83.0,9328.0,339.24
2026-09-28T20:37:12.717734,7,86.0,13106.0,412.83
2026-09-28T20:37:13.720071,4,0.0,20702.0,20.06
2026-09-28T20:37:13.720071,5,0.0,16520.0,31.92
2026-09-28T20:37:13.720071,6,98.0,9328.0,341.71
2026-09-28T20:37:13.720071,7,87.0,13106.0,409.62
2026-09-28T20:37:14.714909,4,0.0,20702.0,19.98
2026-09-28T20:37:14.714909,5,0.0,16520.0,32.05
2026-09-28T20:37:14.714909,6,95.0,9328.0,341.17
2026-09-28T20:37:14.714909,7,96.0,13106.0,409.92
2026-09-28T20:37:15.714467,4,0.0,20702.0,20.17
2026-09-28T20:37:15.714467,5,0.0,16520.0,32.14
2026-09-28T20:37:15.714467,6,86.0,9328.0,348.17
2026-09-28T20:37:15.714467,7,90.0,13106.0,413.95
2026-09-28T20:37:16.714108,4,0.0,20702.0,20.19
2026-09-28T20:37:16.714108,5,0.0,16520.0,32.29
2026-09-28T20:37:16.714108,6,96.0,9328.0,362.81
2026-09-28T20:37:16.714108,7,97.0,13106.0,420.12
2026-09-28T20:37:17.752326,4,0.0,20702.0,19.9
2026-09-28T20:37:17.752326,5,0.0,16520.0,32.2
2026-09-28T20:37:17.752326,6,94.0,9328.0,333.29
2026-09-28T20:37:17.752326,7,95.0,13106.0,415.1
2026-09-28T20:37:18.716430,4,0.0,20702.0,19.93
2026-09-28T20:37:18.716430,5,0.0,16520.0,32.15
2026-09-28T20:37:18.716430,6,87.0,9328.0,344.86
2026-09-28T20:37:18.716430,7,85.0,13106.0,413.06
2026-09-28T20:37:19.714798,4,0.0,20702.0,20.1
2026-09-28T20:37:19.714798,5,0.0,16520.0,32.16
2026-09-28T20:37:19.714798,6,95.0,9328.0,352.07
2026-09-28T20:37:19.714798,7,97.0,13106.0,421.1
2026-09-28T20:37:20.716693,4,0.0,20702.0,20.01
2026-09-28T20:37:20.716693,5,0.0,16520.0,32.09
2026-09-28T20:37:20.716693,6,82.0,9328.0,343.54
2026-09-28T20:37:20.716693,7,88.0,13106.0,419.73
2026-09-28T20:37:21.715046,4,0.0,20702.0,19.98
2026-09-28T20:37:21.715046,5,0.0,16520.0,31.98
2026-09-28T20:37:21.715046,6,96.0,9328.0,352.87
2026-09-28T20:37:21.715046,7,96.0,13106.0,416.82
2026-09-28T20:37:22.716837,4,0.0,20702.0,19.91
2026-09-28T20:37:22.716837,5,0.0,16520.0,32.04
2026-09-28T20:37:22.716837,6,96.0,9328.0,340.17
2026-09-28T20:37:22.716837,7,95.0,13106.0,413.0
2026-09-28T20:37:23.718269,4,0.0,20702.0,19.92
2026-09-28T20:37:23.718269,5,0.0,16520.0,31.74
2026-09-28T20:37:23.718269,6,81.0,9328.0,339.7
2026-09-28T20:37:23.718269,7,92.0,13106.0,413.42
2026-09-28T20:37:24.728639,4,0.0,20702.0,19.91
2026-09-28T20:37:24.728639,5,0.0,16520.0,31.46
2026-09-28T20:37:24.728639,6,95.0,9328.0,349.07
2026-09-28T20:37:24.728639,7,96.0,13106.0,414.94
2026-09-28T20:37:25.717820,4,0.0,20702.0,19.82
2026-09-28T20:37:25.717820,5,0.0,16520.0,31.54
2026-09-28T20:37:25.717820,6,92.0,9328.0,340.68
2026-09-28T20:37:25.717820,7,92.0,13106.0,413.44
2026-09-28T20:37:26.718183,4,0.0,20702.0,20.07
2026-09-28T20:37:26.718183,5,0.0,16520.0,31.6
2026-09-28T20:37:26.718183,6,88.0,9328.0,332.38
2026-09-28T20:37:26.718183,7,85.0,13106.0,416.29
2026-09-28T20:37:27.715811,4,0.0,20702.0,20.13
2026-09-28T20:37:27.715811,5,0.0,16520.0,31.77
2026-09-28T20:37:27.715811,6,95.0,9328.0,354.01
2026-09-28T20:37:27.715811,7,96.0,13106.0,414.37
2026-09-28T20:37:28.715582,4,0.0,20702.0,19.89
2026-09-28T20:37:28.715582,5,0.0,16520.0,31.78
2026-09-28T20:37:28.715582,6,82.0,9328.0,344.32
2026-09-28T20:37:28.715582,7,90.0,13106.0,418.08
2026-09-28T20:37:29.718038,4,0.0,20702.0,19.81
2026-09-28T20:37:29.718038,5,0.0,16520.0,31.75
2026-09-28T20:37:29.718038,6,95.0,9328.0,351.44
2026-09-28T20:37:29.718038,7,96.0,13106.0,418.96
2026-09-28T20:37:30.764524,4,0.0,20702.0,19.81
2026-09-28T20:37:30.764524,5,0.0,16520.0,31.77
2026-09-28T20:37:30.764524,6,95.0,9328.0,330.44
2026-09-28T20:37:30.764524,7,96.0,13106.0,418.01
2026-09-28T20:37:31.716538,4,0.0,20702.0,19.72
2026-09-28T20:37:31.716538,5,0.0,16520.0,31.81
2026-09-28T20:37:31.716538,6,84.0,9328.0,338.17
2026-09-28T20:37:31.716538,7,91.0,13106.0,418.27
2026-09-28T20:37:32.715379,4,0.0,20702.0,19.65
2026-09-28T20:37:32.715379,5,0.0,16520.0,31.8
2026-09-28T20:37:32.715379,6,97.0,9328.0,348.84
2026-09-28T20:37:32.715379,7,97.0,13106.0,421.96
2026-09-28T20:37:33.720580,4,0.0,20702.0,19.64
2026-09-28T20:37:33.720580,5,0.0,16520.0,31.79
2026-09-28T20:37:33.720580,6,83.0,9328.0,361.4
2026-09-28T20:37:33.720580,7,88.0,13106.0,416.08
2026-09-28T20:37:34.721773,4,0.0,20702.0,19.76
2026-09-28T20:37:34.721773,5,0.0,16520.0,31.87
2026-09-28T20:37:34.721773,6,97.0,9328.0,354.89
2026-09-28T20:37:34.721773,7,89.0,13106.0,412.2
2026-09-28T20:37:35.715353,4,0.0,20702.0,19.9
2026-09-28T20:37:35.715353,5,0.0,16520.0,31.74
2026-09-28T20:37:35.715353,6,95.0,9328.0,338.59
2026-09-28T20:37:35.715353,7,97.0,13106.0,412.54
2026-09-28T20:37:36.718556,4,0.0,20702.0,19.93
2026-09-28T20:37:36.718556,5,0.0,16520.0,31.6
2026-09-28T20:37:36.718556,6,92.0,9328.0,340.9
2026-09-28T20:37:36.718556,7,89.0,13106.0,418.69
2026-09-28T20:37:37.733498,4,0.0,20702.0,19.87
2026-09-28T20:37:37.733498,5,0.0,16520.0,31.73
2026-09-28T20:37:37.733498,6,97.0,9328.0,371.6
2026-09-28T20:37:37.733498,7,96.0,13106.0,416.9
2026-09-28T20:37:38.717900,4,0.0,20702.0,19.81
2026-09-28T20:37:38.717900,5,0.0,16520.0,31.73
2026-09-28T20:37:38.717900,6,93.0,9328.0,359.46
2026-09-28T20:37:38.717900,7,94.0,13106.0,412.96
2026-09-28T20:37:39.720981,4,0.0,20702.0,19.82
2026-09-28T20:37:39.720981,5,0.0,16520.0,31.46
2026-09-28T20:37:39.720981,6,87.0,9328.0,341.08
2026-09-28T20:37:39.720981,7,85.0,13106.0,416.01
2026-09-28T20:37:40.717412,4,0.0,20702.0,19.92
2026-09-28T20:37:40.717412,5,0.0,16520.0,31.34
2026-09-28T20:37:40.717412,6,96.0,9328.0,345.17
2026-09-28T20:37:40.717412,7,97.0,13106.0,417.61
2026-09-28T20:37:41.721220,4,0.0,20702.0,19.86
2026-09-28T20:37:41.721220,5,0.0,16520.0,31.45
2026-09-28T20:37:41.721220,6,82.0,9328.0,353.31
2026-09-28T20:37:41.721220,7,90.0,13106.0,420.86
2026-09-28T20:37:42.715707,4,0.0,20702.0,19.77
2026-09-28T20:37:42.715707,5,0.0,16520.0,31.75
2026-09-28T20:37:42.715707,6,96.0,9328.0,353.15
2026-09-28T20:37:42.715707,7,96.0,13106.0,420.65
2026-09-28T20:37:43.784307,4,0.0,20702.0,19.64
2026-09-28T20:37:43.784307,5,0.0,16520.0,32.04
2026-09-28T20:37:43.784307,6,96.0,9328.0,353.71
2026-09-28T20:37:43.784307,7,96.0,13106.0,418.02
2026-09-28T20:37:44.722009,4,0.0,20702.0,19.63
2026-09-28T20:37:44.722009,5,0.0,16520.0,32.02
2026-09-28T20:37:44.722009,6,82.0,9328.0,357.02
2026-09-28T20:37:44.722009,7,92.0,13106.0,417.71
2026-09-28T20:37:45.717171,4,0.0,20702.0,19.78
2026-09-28T20:37:45.717171,5,0.0,16520.0,31.64
2026-09-28T20:37:45.717171,6,97.0,9328.0,357.7
2026-09-28T20:37:45.717171,7,96.0,13106.0,417.17
2026-09-28T20:37:46.717888,4,0.0,20702.0,19.83
2026-09-28T20:37:46.717888,5,0.0,16520.0,31.45
2026-09-28T20:37:46.717888,6,92.0,9328.0,363.49
2026-09-28T20:37:46.717888,7,92.0,13106.0,413.04
2026-09-28T20:37:47.720340,4,0.0,20702.0,19.94
2026-09-28T20:37:47.720340,5,0.0,16520.0,31.61
2026-09-28T20:37:47.720340,6,89.0,9328.0,342.24
2026-09-28T20:37:47.720340,7,86.0,13106.0,418.83
2026-09-28T20:37:48.719250,4,0.0,20702.0,19.99
2026-09-28T20:37:48.719250,5,0.0,16520.0,31.61
2026-09-28T20:37:48.719250,6,95.0,9328.0,359.04
2026-09-28T20:37:48.719250,7,96.0,13106.0,414.68
2026-09-28T20:37:49.737656,4,0.0,20702.0,19.93
2026-09-28T20:37:49.737656,5,0.0,16520.0,31.62
2026-09-28T20:37:49.737656,6,83.0,9328.0,355.63
2026-09-28T20:37:49.737656,7,88.0,13106.0,412.81
2026-09-28T20:37:50.718842,4,0.0,20702.0,19.84
2026-09-28T20:37:50.718842,5,0.0,16520.0,31.85
2026-09-28T20:37:50.718842,6,96.0,9328.0,359.36
2026-09-28T20:37:50.718842,7,96.0,13106.0,416.15
2026-09-28T20:37:51.714180,4,0.0,20702.0,19.67
2026-09-28T20:37:51.714180,5,0.0,16520.0,31.95
2026-09-28T20:37:51.714180,6,0.0,9328.0,268.68
2026-09-28T20:37:51.714180,7,0.0,13106.0,308.74
2026-09-28T20:37:52.714419,4,96.0,20702.0,123.42
2026-09-28T20:37:52.714419,5,0.0,16520.0,31.91
2026-09-28T20:37:52.714419,6,0.0,9328.0,117.73
2026-09-28T20:37:52.714419,7,100.0,13106.0,147.11
2026-09-28T20:37:53.714091,4,13.0,20702.0,396.8
2026-09-28T20:37:53.714091,5,0.0,16520.0,31.71
2026-09-28T20:37:53.714091,6,0.0,9328.0,112.38
2026-09-28T20:37:53.714091,7,100.0,13106.0,143.55
2026-09-28T20:37:54.717437,4,71.0,20702.0,281.44
2026-09-28T20:37:54.717437,5,0.0,16520.0,31.47
2026-09-28T20:37:54.717437,6,0.0,9328.0,103.77
2026-09-28T20:37:54.717437,7,100.0,13106.0,142.67
2026-09-28T20:37:55.713881,4,65.0,20702.0,300.87
2026-09-28T20:37:55.713881,5,0.0,16520.0,31.39
2026-09-28T20:37:55.713881,6,0.0,9328.0,98.04
2026-09-28T20:37:55.713881,7,100.0,13106.0,141.79
2026-09-28T20:37:56.780772,4,64.0,20702.0,302.38
2026-09-28T20:37:56.780772,5,0.0,16520.0,31.44
2026-09-28T20:37:56.780772,6,0.0,9328.0,92.72
2026-09-28T20:37:56.780772,7,100.0,13106.0,141.67
2026-09-28T20:37:57.715669,4,65.0,20702.0,304.33
2026-09-28T20:37:57.715669,5,0.0,16520.0,31.39
2026-09-28T20:37:57.715669,6,0.0,9328.0,92.48
2026-09-28T20:37:57.715669,7,100.0,13106.0,140.71
2026-09-28T20:37:58.724240,4,74.0,20702.0,306.84
2026-09-28T20:37:58.724240,5,0.0,16520.0,31.13
2026-09-28T20:37:58.724240,6,0.0,9328.0,91.99
2026-09-28T20:37:58.724240,7,100.0,13106.0,139.9
2026-09-28T20:37:59.716009,4,0.0,20702.0,281.73
2026-09-28T20:37:59.716009,5,0.0,16520.0,31.0
2026-09-28T20:37:59.716009,6,0.0,9328.0,91.15
2026-09-28T20:37:59.716009,7,100.0,13106.0,138.82
2026-09-28T20:38:00.716692,4,75.0,20702.0,201.79
2026-09-28T20:38:00.716692,5,0.0,16520.0,31.15
2026-09-28T20:38:00.716692,6,0.0,9328.0,90.15
2026-09-28T20:38:00.716692,7,100.0,13106.0,137.66
2026-09-28T20:38:01.718275,4,74.0,20702.0,314.1
2026-09-28T20:38:01.718275,5,0.0,16520.0,31.27
2026-09-28T20:38:01.718275,6,0.0,9328.0,89.05
2026-09-28T20:38:01.718275,7,100.0,13106.0,136.96
2026-09-28T20:38:02.715882,4,76.0,20702.0,314.77
2026-09-28T20:38:02.715882,5,0.0,16520.0,31.22
2026-09-28T20:38:02.715882,6,0.0,9328.0,87.54
2026-09-28T20:38:02.715882,7,100.0,13106.0,135.99
2026-09-28T20:38:03.751738,4,76.0,20702.0,318.43
2026-09-28T20:38:03.751738,5,0.0,16520.0,31.35
2026-09-28T20:38:03.751738,6,0.0,9328.0,85.9
2026-09-28T20:38:03.751738,7,100.0,13106.0,135.08
2026-09-28T20:38:04.716609,4,71.0,20702.0,319.03
2026-09-28T20:38:04.716609,5,0.0,16520.0,31.52
2026-09-28T20:38:04.716609,6,0.0,9328.0,84.62
2026-09-28T20:38:04.716609,7,100.0,13106.0,133.57
2026-09-28T20:38:05.722143,4,78.0,20702.0,318.69
2026-09-28T20:38:05.722143,5,0.0,16520.0,31.5
2026-09-28T20:38:05.722143,6,0.0,9328.0,83.93
2026-09-28T20:38:05.722143,7,100.0,13106.0,130.88
2026-09-28T20:38:06.718103,4,77.0,20702.0,320.68
2026-09-28T20:38:06.718103,5,0.0,16520.0,31.55
2026-09-28T20:38:06.718103,6,0.0,9328.0,83.3
2026-09-28T20:38:06.718103,7,100.0,13106.0,128.6
2026-09-28T20:38:07.714564,4,79.0,20702.0,321.55
2026-09-28T20:38:07.714564,5,0.0,16520.0,31.77
2026-09-28T20:38:07.714564,6,0.0,9328.0,82.64
2026-09-28T20:38:07.714564,7,100.0,13106.0,127.12
2026-09-28T20:38:08.719740,4,80.0,20702.0,320.44
2026-09-28T20:38:08.719740,5,0.0,16520.0,31.78
2026-09-28T20:38:08.719740,6,0.0,9328.0,82.29
2026-09-28T20:38:08.719740,7,100.0,13106.0,125.98
2026-09-28T20:38:09.747674,4,80.0,20702.0,323.07
2026-09-28T20:38:09.747674,5,0.0,16520.0,31.67
2026-09-28T20:38:09.747674,6,0.0,9328.0,82.22
2026-09-28T20:38:09.747674,7,100.0,13106.0,125.28
2026-09-28T20:38:10.719197,4,76.0,20702.0,328.71
2026-09-28T20:38:10.719197,5,0.0,16520.0,31.47
2026-09-28T20:38:10.719197,6,0.0,9328.0,62.3
2026-09-28T20:38:10.719197,7,100.0,13106.0,124.61
2026-09-28T20:38:11.722489,4,82.0,20702.0,331.73
2026-09-28T20:38:11.722489,5,0.0,16520.0,31.21
2026-09-28T20:38:11.722489,6,0.0,9328.0,34.44
2026-09-28T20:38:11.722489,7,100.0,13106.0,124.28
2026-09-28T20:38:12.721539,4,76.0,20702.0,332.29
2026-09-28T20:38:12.721539,5,0.0,16520.0,31.12
2026-09-28T20:38:12.721539,6,0.0,9328.0,24.92
2026-09-28T20:38:12.721539,7,100.0,13106.0,123.26
2026-09-28T20:38:13.721392,4,83.0,20702.0,334.09
2026-09-28T20:38:13.721392,5,0.0,16520.0,31.0
2026-09-28T20:38:13.721392,6,0.0,9328.0,23.31
2026-09-28T20:38:13.721392,7,100.0,13106.0,122.87
2026-09-28T20:38:14.721735,4,78.0,20702.0,335.85
2026-09-28T20:38:14.721735,5,0.0,16520.0,30.87
2026-09-28T20:38:14.721735,6,0.0,9328.0,23.26
2026-09-28T20:38:14.721735,7,100.0,13106.0,122.47
2026-09-28T20:38:15.722561,4,79.0,20702.0,337.35
2026-09-28T20:38:15.722561,5,0.0,16520.0,30.88
2026-09-28T20:38:15.722561,6,0.0,9328.0,23.18
2026-09-28T20:38:15.722561,7,100.0,13106.0,122.26
2026-09-28T20:38:16.749038,4,0.0,20702.0,299.36
2026-09-28T20:38:16.749038,5,0.0,16520.0,30.71
2026-09-28T20:38:16.749038,6,0.0,9328.0,23.16
2026-09-28T20:38:16.749038,7,100.0,13106.0,121.13
2026-09-28T20:38:17.720828,4,79.0,20702.0,191.13
2026-09-28T20:38:17.720828,5,0.0,16520.0,30.59
2026-09-28T20:38:17.720828,6,0.0,9328.0,23.14
2026-09-28T20:38:17.720828,7,100.0,13106.0,120.66
2026-09-28T20:38:18.721185,4,81.0,20702.0,339.18
2026-09-28T20:38:18.721185,5,0.0,16520.0,30.8
2026-09-28T20:38:18.721185,6,0.0,9328.0,23.13
2026-09-28T20:38:18.721185,7,100.0,13106.0,119.65
2026-09-28T20:38:19.732653,4,81.0,20702.0,333.15
2026-09-28T20:38:19.732653,5,0.0,16520.0,31.0
2026-09-28T20:38:19.732653,6,0.0,9328.0,23.08
2026-09-28T20:38:19.732653,7,100.0,13106.0,117.9
2026-09-28T20:38:20.725455,4,82.0,20702.0,332.55
2026-09-28T20:38:20.725455,5,0.0,16520.0,30.92
2026-09-28T20:38:20.725455,6,0.0,9328.0,23.07
2026-09-28T20:38:20.725455,7,100.0,13106.0,118.5
2026-09-28T20:38:21.721985,4,84.0,20702.0,334.22
2026-09-28T20:38:21.721985,5,0.0,16520.0,30.97
2026-09-28T20:38:21.721985,6,0.0,9328.0,23.16
2026-09-28T20:38:21.721985,7,100.0,13106.0,118.18
2026-09-28T20:38:22.744708,4,80.0,20702.0,335.7
2026-09-28T20:38:22.744708,5,0.0,16520.0,31.01
2026-09-28T20:38:22.744708,6,0.0,9328.0,23.09
2026-09-28T20:38:22.744708,7,100.0,13106.0,117.8
2026-09-28T20:38:23.724725,4,85.0,20702.0,337.39
2026-09-28T20:38:23.724725,5,0.0,16520.0,30.78
2026-09-28T20:38:23.724725,6,0.0,9328.0,23.08
2026-09-28T20:38:23.724725,7,100.0,13106.0,116.99
2026-09-28T20:38:24.725881,4,84.0,20702.0,338.14
2026-09-28T20:38:24.725881,5,0.0,16520.0,30.87
2026-09-28T20:38:24.725881,6,0.0,9328.0,23.16
2026-09-28T20:38:24.725881,7,100.0,13106.0,116.69
2026-09-28T20:38:25.724839,4,84.0,20702.0,340.84
2026-09-28T20:38:25.724839,5,0.0,16520.0,31.22
2026-09-28T20:38:25.724839,6,0.0,9328.0,23.1
2026-09-28T20:38:25.724839,7,100.0,13106.0,116.4
2026-09-28T20:38:26.722997,4,85.0,20702.0,339.1
2026-09-28T20:38:26.722997,5,0.0,16520.0,31.17
2026-09-28T20:38:26.722997,6,0.0,9328.0,23.06
2026-09-28T20:38:26.722997,7,100.0,13106.0,116.01
2026-09-28T20:38:27.723886,4,86.0,20702.0,332.79
2026-09-28T20:38:27.723886,5,0.0,16520.0,30.73
2026-09-28T20:38:27.723886,6,0.0,9328.0,23.0
2026-09-28T20:38:27.723886,7,100.0,13106.0,116.08
2026-09-28T20:38:28.722957,4,85.0,20702.0,322.47
2026-09-28T20:38:28.722957,5,0.0,16520.0,30.47
2026-09-28T20:38:28.722957,6,0.0,9328.0,22.97
2026-09-28T20:38:28.722957,7,100.0,13106.0,115.8
2026-09-28T20:38:29.779011,4,87.0,20702.0,320.13
2026-09-28T20:38:29.779011,5,0.0,16520.0,30.73
2026-09-28T20:38:29.779011,6,0.0,9328.0,22.95
2026-09-28T20:38:29.779011,7,100.0,13106.0,114.99
2026-09-28T20:38:30.726425,4,85.0,20702.0,322.95
2026-09-28T20:38:30.726425,5,0.0,16520.0,30.97
2026-09-28T20:38:30.726425,6,0.0,9328.0,22.84
2026-09-28T20:38:30.726425,7,100.0,13106.0,114.91
2026-09-28T20:38:31.720210,4,86.0,20702.0,323.73
2026-09-28T20:38:31.720210,5,0.0,16520.0,31.01
2026-09-28T20:38:31.720210,6,0.0,9328.0,22.72
2026-09-28T20:38:31.720210,7,100.0,13106.0,114.59
2026-09-28T20:38:32.725165,4,86.0,20702.0,328.19
2026-09-28T20:38:32.725165,5,0.0,16520.0,31.02
2026-09-28T20:38:32.725165,6,0.0,9328.0,22.68
2026-09-28T20:38:32.725165,7,100.0,13106.0,114.14
2026-09-28T20:38:33.720611,4,88.0,20702.0,324.11
2026-09-28T20:38:33.720611,5,0.0,16520.0,30.95
2026-09-28T20:38:33.720611,6,0.0,9328.0,22.58
2026-09-28T20:38:33.720611,7,100.0,13106.0,114.25
2026-09-28T20:38:34.721507,4,88.0,20702.0,326.0
2026-09-28T20:38:34.721507,5,0.0,16520.0,30.8
2026-09-28T20:38:34.721507,6,0.0,9328.0,22.55
2026-09-28T20:38:34.721507,7,100.0,13106.0,114.18
2026-09-28T20:38:35.749067,4,89.0,20702.0,321.58
2026-09-28T20:38:35.749067,5,0.0,16520.0,30.72
2026-09-28T20:38:35.749067,6,0.0,9328.0,22.64
2026-09-28T20:38:35.749067,7,100.0,13106.0,113.81
2026-09-28T20:38:36.728462,4,88.0,20702.0,313.44
2026-09-28T20:38:36.728462,5,0.0,16520.0,30.49
2026-09-28T20:38:36.728462,6,0.0,9328.0,22.6
2026-09-28T20:38:36.728462,7,100.0,13106.0,113.71
2026-09-28T20:38:37.720086,4,89.0,20702.0,300.33
2026-09-28T20:38:37.720086,5,0.0,16520.0,30.39
2026-09-28T20:38:37.720086,6,0.0,9328.0,22.48
2026-09-28T20:38:37.720086,7,100.0,13106.0,113.71
2026-09-28T20:38:38.724304,4,90.0,20702.0,292.14
2026-09-28T20:38:38.724304,5,0.0,16520.0,30.58
2026-09-28T20:38:38.724304,6,0.0,9328.0,22.36
2026-09-28T20:38:38.724304,7,100.0,13106.0,113.54
2026-09-28T20:38:39.721994,4,90.0,20702.0,281.78
2026-09-28T20:38:39.721994,5,0.0,16520.0,30.78
2026-09-28T20:38:39.721994,6,0.0,9328.0,22.25
2026-09-28T20:38:39.721994,7,100.0,13106.0,113.64
2026-09-28T20:38:40.722650,4,91.0,20702.0,282.21
2026-09-28T20:38:40.722650,5,0.0,16520.0,30.85
2026-09-28T20:38:40.722650,6,0.0,9328.0,22.22
2026-09-28T20:38:40.722650,7,100.0,13106.0,113.28
2026-09-28T20:38:41.722164,4,90.0,20702.0,282.36
2026-09-28T20:38:41.722164,5,0.0,16520.0,30.97
2026-09-28T20:38:41.722164,6,0.0,9328.0,22.24
2026-09-28T20:38:41.722164,7,100.0,13106.0,112.84
2026-09-28T20:38:42.764613,4,90.0,20702.0,277.06
2026-09-28T20:38:42.764613,5,0.0,16520.0,31.03
2026-09-28T20:38:42.764613,6,0.0,9328.0,22.27
2026-09-28T20:38:42.764613,7,100.0,13106.0,113.07
2026-09-28T20:38:43.722500,4,91.0,20702.0,273.69
2026-09-28T20:38:43.722500,5,0.0,16520.0,30.95
2026-09-28T20:38:43.722500,6,0.0,9328.0,22.31
2026-09-28T20:38:43.722500,7,100.0,13106.0,113.17
2026-09-28T20:38:44.720536,4,91.0,20702.0,269.02
2026-09-28T20:38:44.720536,5,0.0,16520.0,30.81
2026-09-28T20:38:44.720536,6,0.0,9328.0,22.26
2026-09-28T20:38:44.720536,7,100.0,13106.0,113.22
2026-09-28T20:38:45.721200,4,91.0,20702.0,269.73
2026-09-28T20:38:45.721200,5,0.0,16520.0,30.59
2026-09-28T20:38:45.721200,6,0.0,9328.0,22.24
2026-09-28T20:38:45.721200,7,100.0,13106.0,113.24
2026-09-28T20:38:46.719023,4,0.0,20702.0,216.61
2026-09-28T20:38:46.719023,5,0.0,16520.0,30.57
2026-09-28T20:38:46.719023,6,12.0,9328.0,33.64
2026-09-28T20:38:46.719023,7,11.0,13106.0,111.49
2026-09-28T20:38:47.718306,4,0.0,20702.0,124.01
2026-09-28T20:38:47.718306,5,0.0,16520.0,30.66
2026-09-28T20:38:47.718306,6,0.0,9328.0,84.69
2026-09-28T20:38:47.718306,7,12.0,13106.0,105.88
2026-09-28T20:38:48.718566,4,0.0,20702.0,99.11
2026-09-28T20:38:48.718566,5,0.0,16520.0,30.72
2026-09-28T20:38:48.718566,6,12.0,9328.0,84.2
2026-09-28T20:38:48.718566,7,12.0,13106.0,100.46
2026-09-28T20:38:49.723341,4,0.0,20702.0,92.32
2026-09-28T20:38:49.723341,5,0.0,16520.0,30.72
2026-09-28T20:38:49.723341,6,12.0,9328.0,85.6
2026-09-28T20:38:49.723341,7,100.0,13106.0,103.5
2026-09-28T20:38:50.728442,4,0.0,20702.0,85.56
2026-09-28T20:38:50.728442,5,0.0,16520.0,30.55
2026-09-28T20:38:50.728442,6,3.0,9328.0,85.49
2026-09-28T20:38:50.728442,7,100.0,13106.0,112.08
2026-09-28T20:38:51.718065,4,0.0,20702.0,85.17
2026-09-28T20:38:51.718065,5,95.0,16520.0,246.88
2026-09-28T20:38:51.718065,6,0.0,9328.0,81.27
2026-09-28T20:38:51.718065,7,100.0,13106.0,112.24
2026-09-28T20:38:52.717201,4,0.0,20702.0,84.74
2026-09-28T20:38:52.717201,5,95.0,16520.0,450.78
2026-09-28T20:38:52.717201,6,0.0,9328.0,81.0
2026-09-28T20:38:52.717201,7,100.0,13106.0,112.55
2026-09-28T20:38:53.717983,4,0.0,20702.0,84.54
2026-09-28T20:38:53.717983,5,99.0,16520.0,450.1
2026-09-28T20:38:53.717983,6,0.0,9328.0,79.98
2026-09-28T20:38:53.717983,7,100.0,13106.0,112.67
2026-09-28T20:38:54.719278,4,0.0,20702.0,84.55
2026-09-28T20:38:54.719278,5,99.0,16520.0,450.17
2026-09-28T20:38:54.719278,6,0.0,9328.0,79.94
2026-09-28T20:38:54.719278,7,100.0,13106.0,112.98
2026-09-28T20:38:55.730985,4,0.0,20702.0,84.26
2026-09-28T20:38:55.730985,5,95.0,16520.0,450.28
2026-09-28T20:38:55.730985,6,0.0,9328.0,80.0
2026-09-28T20:38:55.730985,7,100.0,13106.0,112.6
2026-09-28T20:38:56.721799,4,0.0,20702.0,83.78
2026-09-28T20:38:56.721799,5,95.0,16520.0,448.83
2026-09-28T20:38:56.721799,6,0.0,9328.0,79.99
2026-09-28T20:38:56.721799,7,100.0,13106.0,112.7
2026-09-28T20:38:57.719058,4,0.0,20702.0,83.6
2026-09-28T20:38:57.719058,5,95.0,16520.0,449.84
2026-09-28T20:38:57.719058,6,0.0,9328.0,79.8
2026-09-28T20:38:57.719058,7,100.0,13106.0,112.78
2026-09-28T20:38:58.718966,4,0.0,20702.0,83.37
2026-09-28T20:38:58.718966,5,95.0,16520.0,448.28
2026-09-28T20:38:58.718966,6,0.0,9328.0,79.9
2026-09-28T20:38:58.718966,7,100.0,13106.0,112.93
2026-09-28T20:38:59.717767,4,0.0,20702.0,82.98
2026-09-28T20:38:59.717767,5,99.0,16520.0,449.15
2026-09-28T20:38:59.717767,6,0.0,9328.0,79.94
2026-09-28T20:38:59.717767,7,100.0,13106.0,112.66
2026-09-28T20:39:00.718625,4,0.0,20702.0,82.64
2026-09-28T20:39:00.718625,5,94.0,16520.0,449.36
2026-09-28T20:39:00.718625,6,0.0,9328.0,79.61
2026-09-28T20:39:00.718625,7,100.0,13106.0,112.87
2026-09-28T20:39:01.720128,4,0.0,20702.0,82.93
2026-09-28T20:39:01.720128,5,94.0,16520.0,447.63
2026-09-28T20:39:01.720128,6,0.0,9328.0,79.51
2026-09-28T20:39:01.720128,7,100.0,13106.0,112.86
2026-09-28T20:39:02.754421,4,0.0,20702.0,83.15
2026-09-28T20:39:02.754421,5,99.0,16520.0,448.48
2026-09-28T20:39:02.754421,6,0.0,9328.0,79.98
2026-09-28T20:39:02.754421,7,100.0,13106.0,112.64
2026-09-28T20:39:03.720883,4,0.0,20702.0,82.92
2026-09-28T20:39:03.720883,5,95.0,16520.0,448.02
2026-09-28T20:39:03.720883,6,0.0,9328.0,80.21
2026-09-28T20:39:03.720883,7,100.0,13106.0,112.53
2026-09-28T20:39:04.721958,4,0.0,20702.0,61.0
2026-09-28T20:39:04.721958,5,99.0,16520.0,448.78
2026-09-28T20:39:04.721958,6,0.0,9328.0,80.32
2026-09-28T20:39:04.721958,7,100.0,13106.0,112.51
2026-09-28T20:39:05.723695,4,0.0,20702.0,33.59
2026-09-28T20:39:05.723695,5,96.0,16520.0,448.96
2026-09-28T20:39:05.723695,6,0.0,9328.0,80.46
2026-09-28T20:39:05.723695,7,100.0,13106.0,112.57
2026-09-28T20:39:06.723825,4,0.0,20702.0,25.08
2026-09-28T20:39:06.723825,5,95.0,16520.0,448.77
2026-09-28T20:39:06.723825,6,0.0,9328.0,80.35
2026-09-28T20:39:06.723825,7,100.0,13106.0,112.33
2026-09-28T20:39:07.723531,4,0.0,20702.0,21.73
2026-09-28T20:39:07.723531,5,89.0,16520.0,437.67
2026-09-28T20:39:07.723531,6,0.0,9328.0,80.29
2026-09-28T20:39:07.723531,7,100.0,13106.0,112.47
2026-09-28T20:39:08.720858,4,0.0,20702.0,21.72
2026-09-28T20:39:08.720858,5,95.0,16520.0,448.2
2026-09-28T20:39:08.720858,6,0.0,9328.0,80.37
2026-09-28T20:39:08.720858,7,100.0,13106.0,112.47
2026-09-28T20:39:09.791100,4,0.0,20702.0,21.9
2026-09-28T20:39:09.791100,5,89.0,16520.0,445.76
2026-09-28T20:39:09.791100,6,0.0,9328.0,63.89
2026-09-28T20:39:09.791100,7,100.0,13106.0,112.53
2026-09-28T20:39:10.725867,4,0.0,20702.0,21.68
2026-09-28T20:39:10.725867,5,96.0,16520.0,450.73
2026-09-28T20:39:10.725867,6,0.0,9328.0,35.94
2026-09-28T20:39:10.725867,7,100.0,13106.0,112.76
2026-09-28T20:39:11.724885,4,0.0,20702.0,21.65
2026-09-28T20:39:11.724885,5,95.0,16520.0,449.06
2026-09-28T20:39:11.724885,6,0.0,9328.0,23.53
2026-09-28T20:39:11.724885,7,100.0,13106.0,112.69
2026-09-28T20:39:12.722766,4,0.0,20702.0,21.55
2026-09-28T20:39:12.722766,5,99.0,16520.0,448.76
2026-09-28T20:39:12.722766,6,0.0,9328.0,22.41
2026-09-28T20:39:12.722766,7,100.0,13106.0,112.56
2026-09-28T20:39:13.724810,4,0.0,20702.0,21.27
2026-09-28T20:39:13.724810,5,99.0,16520.0,448.38
2026-09-28T20:39:13.724810,6,0.0,9328.0,22.28
2026-09-28T20:39:13.724810,7,100.0,13106.0,112.47
2026-09-28T20:39:14.724599,4,0.0,20702.0,21.18
2026-09-28T20:39:14.724599,5,95.0,16520.0,449.18
2026-09-28T20:39:14.724599,6,0.0,9328.0,22.32
2026-09-28T20:39:14.724599,7,100.0,13106.0,112.35
2026-09-28T20:39:15.722217,4,0.0,20702.0,21.07
2026-09-28T20:39:15.722217,5,95.0,16520.0,446.92
2026-09-28T20:39:15.722217,6,0.0,9328.0,22.48
2026-09-28T20:39:15.722217,7,100.0,13106.0,112.83
2026-09-28T20:39:16.738941,4,0.0,20702.0,21.01
2026-09-28T20:39:16.738941,5,94.0,16520.0,445.55
2026-09-28T20:39:16.738941,6,0.0,9328.0,22.37
2026-09-28T20:39:16.738941,7,100.0,13106.0,112.86
2026-09-28T20:39:17.733598,4,0.0,20702.0,20.78
2026-09-28T20:39:17.733598,5,95.0,16520.0,447.96
2026-09-28T20:39:17.733598,6,0.0,9328.0,22.16
2026-09-28T20:39:17.733598,7,100.0,13106.0,112.22
2026-09-28T20:39:18.723394,4,0.0,20702.0,20.49
2026-09-28T20:39:18.723394,5,99.0,16520.0,447.79
2026-09-28T20:39:18.723394,6,0.0,9328.0,22.12
2026-09-28T20:39:18.723394,7,100.0,13106.0,112.16
2026-09-28T20:39:19.740564,4,0.0,20702.0,20.51
2026-09-28T20:39:19.740564,5,95.0,16520.0,447.53
2026-09-28T20:39:19.740564,6,0.0,9328.0,22.14
2026-09-28T20:39:19.740564,7,100.0,13106.0,112.55
2026-09-28T20:39:20.724143,4,0.0,20702.0,20.62
2026-09-28T20:39:20.724143,5,95.0,16520.0,448.03
2026-09-28T20:39:20.724143,6,0.0,9328.0,22.27
2026-09-28T20:39:20.724143,7,100.0,13106.0,112.89
2026-09-28T20:39:21.732262,4,0.0,20702.0,20.68
2026-09-28T20:39:21.732262,5,99.0,16520.0,449.55
2026-09-28T20:39:21.732262,6,0.0,9328.0,22.43
2026-09-28T20:39:21.732262,7,100.0,13106.0,112.88
2026-09-28T20:39:22.744740,4,0.0,20702.0,20.51
2026-09-28T20:39:22.744740,5,0.0,16520.0,214.16
2026-09-28T20:39:22.744740,6,96.0,9328.0,114.54
2026-09-28T20:39:22.744740,7,96.0,13106.0,230.92
2026-09-28T20:39:23.727581,4,0.0,20702.0,20.41
2026-09-28T20:39:23.727581,5,0.0,16520.0,154.04
2026-09-28T20:39:23.727581,6,91.0,9328.0,399.11
2026-09-28T20:39:23.727581,7,0.0,13106.0,293.87
2026-09-28T20:39:24.731754,4,0.0,20702.0,20.48
2026-09-28T20:39:24.731754,5,0.0,16520.0,117.86
2026-09-28T20:39:24.731754,6,97.0,9328.0,335.31
2026-09-28T20:39:24.731754,7,95.0,13106.0,321.31
2026-09-28T20:39:25.726728,4,0.0,20702.0,20.49
2026-09-28T20:39:25.726728,5,0.0,16520.0,110.54
2026-09-28T20:39:25.726728,6,94.0,9328.0,388.05
2026-09-28T20:39:25.726728,7,95.0,13106.0,355.07
2026-09-28T20:39:26.725963,4,0.0,20702.0,20.52
2026-09-28T20:39:26.725963,5,0.0,16520.0,103.39
2026-09-28T20:39:26.725963,6,91.0,9328.0,380.89
2026-09-28T20:39:26.725963,7,81.0,13106.0,368.27
2026-09-28T20:39:27.728503,4,0.0,20702.0,20.72
2026-09-28T20:39:27.728503,5,0.0,16520.0,102.91
2026-09-28T20:39:27.728503,6,96.0,9328.0,388.54
2026-09-28T20:39:27.728503,7,88.0,13106.0,353.16
2026-09-28T20:39:28.724901,4,0.0,20702.0,20.85
2026-09-28T20:39:28.724901,5,0.0,16520.0,102.44
2026-09-28T20:39:28.724901,6,96.0,9328.0,376.75
2026-09-28T20:39:28.724901,7,97.0,13106.0,367.56
2026-09-28T20:39:29.777386,4,0.0,20702.0,20.78
2026-09-28T20:39:29.777386,5,0.0,16520.0,101.94
2026-09-28T20:39:29.777386,6,92.0,9328.0,386.55
2026-09-28T20:39:29.777386,7,95.0,13106.0,353.95
2026-09-28T20:39:30.728130,4,0.0,20702.0,20.69
2026-09-28T20:39:30.728130,5,0.0,16520.0,101.26
2026-09-28T20:39:30.728130,6,93.0,9328.0,386.81
2026-09-28T20:39:30.728130,7,82.0,13106.0,360.23
2026-09-28T20:39:31.728475,4,0.0,20702.0,20.65
2026-09-28T20:39:31.728475,5,0.0,16520.0,100.81
2026-09-28T20:39:31.728475,6,96.0,9328.0,391.83
2026-09-28T20:39:31.728475,7,98.0,13106.0,358.24
2026-09-28T20:39:32.731254,4,0.0,20702.0,20.57
2026-09-28T20:39:32.731254,5,0.0,16520.0,100.49
2026-09-28T20:39:32.731254,6,97.0,9328.0,391.3
2026-09-28T20:39:32.731254,7,95.0,13106.0,348.08
2026-09-28T20:39:33.723979,4,0.0,20702.0,20.33
2026-09-28T20:39:33.723979,5,0.0,16520.0,99.99
2026-09-28T20:39:33.723979,6,89.0,9328.0,391.45
2026-09-28T20:39:33.723979,7,94.0,13106.0,357.65
2026-09-28T20:39:34.727236,4,0.0,20702.0,20.08
2026-09-28T20:39:34.727236,5,0.0,16520.0,99.31
2026-09-28T20:39:34.727236,6,84.0,9328.0,383.27
2026-09-28T20:39:34.727236,7,82.0,13106.0,365.37
2026-09-28T20:39:35.730222,4,0.0,20702.0,20.22
2026-09-28T20:39:35.730222,5,0.0,16520.0,98.67
2026-09-28T20:39:35.730222,6,96.0,9328.0,384.33
2026-09-28T20:39:35.730222,7,95.0,13106.0,364.33
2026-09-28T20:39:36.751106,4,0.0,20702.0,20.31
2026-09-28T20:39:36.751106,5,0.0,16520.0,97.89
2026-09-28T20:39:36.751106,6,95.0,9328.0,389.5
2026-09-28T20:39:36.751106,7,94.0,13106.0,358.06
2026-09-28T20:39:37.727261,4,0.0,20702.0,20.02
2026-09-28T20:39:37.727261,5,0.0,16520.0,97.16
2026-09-28T20:39:37.727261,6,92.0,9328.0,403.92
2026-09-28T20:39:37.727261,7,82.0,13106.0,357.2
2026-09-28T20:39:38.730035,4,0.0,20702.0,19.88
2026-09-28T20:39:38.730035,5,0.0,16520.0,96.64
2026-09-28T20:39:38.730035,6,96.0,9328.0,395.92
2026-09-28T20:39:38.730035,7,98.0,13106.0,356.11
2026-09-28T20:39:39.726860,4,0.0,20702.0,19.87
2026-09-28T20:39:39.726860,5,0.0,16520.0,96.2
2026-09-28T20:39:39.726860,6,97.0,9328.0,387.66
2026-09-28T20:39:39.726860,7,96.0,13106.0,363.11
2026-09-28T20:39:40.725389,4,0.0,20702.0,19.93
2026-09-28T20:39:40.725389,5,0.0,16520.0,73.31
2026-09-28T20:39:40.725389,6,89.0,9328.0,399.93
2026-09-28T20:39:40.725389,7,94.0,13106.0,371.36
2026-09-28T20:39:41.730207,4,0.0,20702.0,19.9
2026-09-28T20:39:41.730207,5,0.0,16520.0,44.47
2026-09-28T20:39:41.730207,6,86.0,9328.0,395.18
2026-09-28T20:39:41.730207,7,83.0,13106.0,366.08
2026-09-28T20:39:42.759386,4,0.0,20702.0,19.94
2026-09-28T20:39:42.759386,5,0.0,16520.0,36.18
2026-09-28T20:39:42.759386,6,96.0,9328.0,393.94
2026-09-28T20:39:42.759386,7,97.0,13106.0,372.57
2026-09-28T20:39:43.729999,4,0.0,20702.0,19.84
2026-09-28T20:39:43.729999,5,0.0,16520.0,34.04
2026-09-28T20:39:43.729999,6,94.0,9328.0,384.3
2026-09-28T20:39:43.729999,7,95.0,13106.0,368.81
2026-09-28T20:39:44.728490,4,0.0,20702.0,19.67
2026-09-28T20:39:44.728490,5,0.0,16520.0,33.84
2026-09-28T20:39:44.728490,6,90.0,9328.0,392.29
2026-09-28T20:39:44.728490,7,82.0,13106.0,367.25
2026-09-28T20:39:45.729660,4,0.0,20702.0,19.8
2026-09-28T20:39:45.729660,5,0.0,16520.0,33.69
2026-09-28T20:39:45.729660,6,95.0,9328.0,390.63
2026-09-28T20:39:45.729660,7,87.0,13106.0,366.06
2026-09-28T20:39:46.727086,4,0.0,20702.0,20.1
2026-09-28T20:39:46.727086,5,0.0,16520.0,33.55
2026-09-28T20:39:46.727086,6,97.0,9328.0,392.03
2026-09-28T20:39:46.727086,7,96.0,13106.0,366.09
2026-09-28T20:39:47.731507,4,0.0,20702.0,20.11
2026-09-28T20:39:47.731507,5,0.0,16520.0,33.16
2026-09-28T20:39:47.731507,6,91.0,9328.0,393.07
2026-09-28T20:39:47.731507,7,94.0,13106.0,367.95
2026-09-28T20:39:48.729131,4,0.0,20702.0,20.02
2026-09-28T20:39:48.729131,5,0.0,16520.0,32.92
2026-09-28T20:39:48.729131,6,86.0,9328.0,402.68
2026-09-28T20:39:48.729131,7,83.0,13106.0,353.68
2026-09-28T20:39:49.774986,4,0.0,20702.0,19.98
2026-09-28T20:39:49.774986,5,0.0,16520.0,32.69
2026-09-28T20:39:49.774986,6,97.0,9328.0,403.29
2026-09-28T20:39:49.774986,7,95.0,13106.0,373.41
2026-09-28T20:39:50.730712,4,0.0,20702.0,19.74
2026-09-28T20:39:50.730712,5,0.0,16520.0,32.59
2026-09-28T20:39:50.730712,6,94.0,9328.0,397.52
2026-09-28T20:39:50.730712,7,95.0,13106.0,362.97
2026-09-28T20:39:51.732184,4,0.0,20702.0,19.7
2026-09-28T20:39:51.732184,5,0.0,16520.0,32.71
2026-09-28T20:39:51.732184,6,93.0,9328.0,399.95
2026-09-28T20:39:51.732184,7,82.0,13106.0,368.18
2026-09-28T20:39:52.732753,4,0.0,20702.0,19.94
2026-09-28T20:39:52.732753,5,0.0,16520.0,32.5
2026-09-28T20:39:52.732753,6,96.0,9328.0,401.03
2026-09-28T20:39:52.732753,7,88.0,13106.0,365.96
2026-09-28T20:39:53.730021,4,0.0,20702.0,20.28
2026-09-28T20:39:53.730021,5,0.0,16520.0,32.12
2026-09-28T20:39:53.730021,6,96.0,9328.0,397.69
2026-09-28T20:39:53.730021,7,96.0,13106.0,369.96
2026-09-28T20:39:54.730230,4,0.0,20702.0,20.26
2026-09-28T20:39:54.730230,5,0.0,16520.0,31.89
2026-09-28T20:39:54.730230,6,87.0,9328.0,402.24
2026-09-28T20:39:54.730230,7,95.0,13106.0,372.84
2026-09-28T20:39:55.781241,4,0.0,20702.0,20.07
2026-09-28T20:39:55.781241,5,0.0,16520.0,32.03
2026-09-28T20:39:55.781241,6,85.0,9328.0,394.57
2026-09-28T20:39:55.781241,7,83.0,13106.0,378.79
2026-09-28T20:39:56.733384,4,0.0,20702.0,19.92
2026-09-28T20:39:56.733384,5,0.0,16520.0,32.2
2026-09-28T20:39:56.733384,6,95.0,9328.0,396.23
2026-09-28T20:39:56.733384,7,96.0,13106.0,388.67
2026-09-28T20:39:57.728258,4,0.0,20702.0,19.82
2026-09-28T20:39:57.728258,5,0.0,16520.0,32.11
2026-09-28T20:39:57.728258,6,95.0,9328.0,392.23
2026-09-28T20:39:57.728258,7,96.0,13106.0,373.99
2026-09-28T20:39:58.729595,4,0.0,20702.0,20.05
2026-09-28T20:39:58.729595,5,0.0,16520.0,31.94
2026-09-28T20:39:58.729595,6,89.0,9328.0,396.45
2026-09-28T20:39:58.729595,7,82.0,13106.0,388.11
2026-09-28T20:39:59.730682,4,0.0,20702.0,20.13
2026-09-28T20:39:59.730682,5,0.0,16520.0,31.82
2026-09-28T20:39:59.730682,6,86.0,9328.0,396.17
2026-09-28T20:39:59.730682,7,86.0,13106.0,368.25
2026-09-28T20:40:00.737873,4,0.0,20702.0,19.83
2026-09-28T20:40:00.737873,5,0.0,16520.0,31.82
2026-09-28T20:40:00.737873,6,96.0,9328.0,405.69
2026-09-28T20:40:00.737873,7,96.0,13106.0,367.94
2026-09-28T20:40:01.731754,4,0.0,20702.0,19.65
2026-09-28T20:40:01.731754,5,0.0,16520.0,31.8
2026-09-28T20:40:01.731754,6,90.0,9328.0,399.1
2026-09-28T20:40:01.731754,7,96.0,13106.0,378.88
2026-09-28T20:40:02.746777,4,0.0,20702.0,19.63
2026-09-28T20:40:02.746777,5,0.0,16520.0,31.75
2026-09-28T20:40:02.746777,6,90.0,9328.0,400.38
2026-09-28T20:40:02.746777,7,82.0,13106.0,367.49
2026-09-28T20:40:03.733049,4,0.0,20702.0,19.69
2026-09-28T20:40:03.733049,5,0.0,16520.0,31.6
2026-09-28T20:40:03.733049,6,96.0,9328.0,405.85
2026-09-28T20:40:03.733049,7,97.0,13106.0,372.32
2026-09-28T20:40:04.733780,4,0.0,20702.0,19.67
2026-09-28T20:40:04.733780,5,0.0,16520.0,31.61
2026-09-28T20:40:04.733780,6,97.0,9328.0,397.61
2026-09-28T20:40:04.733780,7,96.0,13106.0,370.76
2026-09-28T20:40:05.737147,4,0.0,20702.0,19.64
2026-09-28T20:40:05.737147,5,0.0,16520.0,31.78
2026-09-28T20:40:05.737147,6,89.0,9328.0,402.73
2026-09-28T20:40:05.737147,7,93.0,13106.0,370.05
2026-09-28T20:40:06.733438,4,0.0,20702.0,19.87
2026-09-28T20:40:06.733438,5,0.0,16520.0,31.84
2026-09-28T20:40:06.733438,6,84.0,9328.0,399.7
2026-09-28T20:40:06.733438,7,80.0,13106.0,370.18
2026-09-28T20:40:07.737423,4,0.0,20702.0,19.93
2026-09-28T20:40:07.737423,5,0.0,16520.0,31.86
2026-09-28T20:40:07.737423,6,96.0,9328.0,404.92
2026-09-28T20:40:07.737423,7,96.0,13106.0,381.17
2026-09-28T20:40:08.773156,4,0.0,20702.0,19.87
2026-09-28T20:40:08.773156,5,0.0,16520.0,31.78
2026-09-28T20:40:08.773156,6,94.0,9328.0,400.02
2026-09-28T20:40:08.773156,7,94.0,13106.0,374.33
2026-09-28T20:40:09.726743,4,0.0,20702.0,19.82
2026-09-28T20:40:09.726743,5,0.0,16520.0,31.69
2026-09-28T20:40:09.726743,6,91.0,9328.0,404.68
2026-09-28T20:40:09.726743,7,81.0,13106.0,369.03
2026-09-28T20:40:10.731603,4,0.0,20702.0,19.71
2026-09-28T20:40:10.731603,5,0.0,16520.0,31.61
2026-09-28T20:40:10.731603,6,95.0,9328.0,409.78
2026-09-28T20:40:10.731603,7,88.0,13106.0,360.12
2026-09-28T20:40:11.730197,4,0.0,20702.0,19.7
2026-09-28T20:40:11.730197,5,0.0,16520.0,31.22
2026-09-28T20:40:11.730197,6,96.0,9328.0,410.91
2026-09-28T20:40:11.730197,7,96.0,13106.0,366.39
2026-09-28T20:40:12.730671,4,0.0,20702.0,19.74
2026-09-28T20:40:12.730671,5,0.0,16520.0,31.03
2026-09-28T20:40:12.730671,6,88.0,9328.0,410.92
2026-09-28T20:40:12.730671,7,92.0,13106.0,371.58
2026-09-28T20:40:13.731623,4,0.0,20702.0,19.75
2026-09-28T20:40:13.731623,5,0.0,16520.0,31.25
2026-09-28T20:40:13.731623,6,85.0,9328.0,409.66
2026-09-28T20:40:13.731623,7,85.0,13106.0,372.45
2026-09-28T20:40:14.733039,4,0.0,20702.0,19.79
2026-09-28T20:40:14.733039,5,0.0,16520.0,31.31
2026-09-28T20:40:14.733039,6,96.0,9328.0,404.23
2026-09-28T20:40:14.733039,7,96.0,13106.0,386.2
2026-09-28T20:40:15.773777,4,0.0,20702.0,19.92
2026-09-28T20:40:15.773777,5,0.0,16520.0,31.19
2026-09-28T20:40:15.773777,6,95.0,9328.0,406.16
2026-09-28T20:40:15.773777,7,95.0,13106.0,368.04
2026-09-28T20:40:16.731482,4,0.0,20702.0,19.8
2026-09-28T20:40:16.731482,5,0.0,16520.0,31.25
2026-09-28T20:40:16.731482,6,92.0,9328.0,403.67
2026-09-28T20:40:16.731482,7,80.0,13106.0,381.75
2026-09-28T20:40:17.732835,4,0.0,20702.0,19.71
2026-09-28T20:40:17.732835,5,0.0,16520.0,31.45
2026-09-28T20:40:17.732835,6,95.0,9328.0,404.39
2026-09-28T20:40:17.732835,7,88.0,13106.0,362.9
2026-09-28T20:40:18.730576,4,0.0,20702.0,19.75
2026-09-28T20:40:18.730576,5,0.0,16520.0,31.4
2026-09-28T20:40:18.730576,6,97.0,9328.0,405.45
2026-09-28T20:40:18.730576,7,95.0,13106.0,372.95
2026-09-28T20:40:19.731887,4,0.0,20702.0,19.59
2026-09-28T20:40:19.731887,5,0.0,16520.0,31.15
2026-09-28T20:40:19.731887,6,91.0,9328.0,404.37
2026-09-28T20:40:19.731887,7,94.0,13106.0,367.51
2026-09-28T20:40:20.731609,4,0.0,20702.0,19.45
2026-09-28T20:40:20.731609,5,0.0,16520.0,30.91
2026-09-28T20:40:20.731609,6,83.0,9328.0,402.95
2026-09-28T20:40:20.731609,7,84.0,13106.0,375.16
2026-09-28T20:40:21.779371,4,0.0,20702.0,19.54
2026-09-28T20:40:21.779371,5,0.0,16520.0,30.92
2026-09-28T20:40:21.779371,6,96.0,9328.0,407.04
2026-09-28T20:40:21.779371,7,97.0,13106.0,383.06
2026-09-28T20:40:22.731787,4,0.0,20702.0,19.73
2026-09-28T20:40:22.731787,5,0.0,16520.0,31.05
2026-09-28T20:40:22.731787,6,96.0,9328.0,408.28
2026-09-28T20:40:22.731787,7,96.0,13106.0,368.04
2026-09-28T20:40:23.733577,4,0.0,20702.0,19.62
2026-09-28T20:40:23.733577,5,0.0,16520.0,31.01
2026-09-28T20:40:23.733577,6,89.0,9328.0,405.34
2026-09-28T20:40:23.733577,7,84.0,13106.0,376.53
2026-09-28T20:40:24.732707,4,0.0,20702.0,19.36
2026-09-28T20:40:24.732707,5,0.0,16520.0,31.03
2026-09-28T20:40:24.732707,6,86.0,9328.0,408.07
2026-09-28T20:40:24.732707,7,85.0,13106.0,366.2
2026-09-28T20:40:25.730333,4,0.0,20702.0,19.24
2026-09-28T20:40:25.730333,5,0.0,16520.0,31.3
2026-09-28T20:40:25.730333,6,96.0,9328.0,405.38
2026-09-28T20:40:25.730333,7,96.0,13106.0,370.67
2026-09-28T20:40:26.735792,4,0.0,20702.0,19.35
2026-09-28T20:40:26.735792,5,0.0,16520.0,31.56
2026-09-28T20:40:26.735792,6,93.0,9328.0,402.26
2026-09-28T20:40:26.735792,7,95.0,13106.0,374.94
2026-09-28T20:40:27.733084,4,0.0,20702.0,19.69
2026-09-28T20:40:27.733084,5,0.0,16520.0,31.72
2026-09-28T20:40:27.733084,6,94.0,9328.0,407.97
2026-09-28T20:40:27.733084,7,82.0,13106.0,360.23
2026-09-28T20:40:28.763661,4,0.0,20702.0,19.67
2026-09-28T20:40:28.763661,5,0.0,16520.0,31.79
2026-09-28T20:40:28.763661,6,96.0,9328.0,420.77
2026-09-28T20:40:28.763661,7,96.0,13106.0,375.59
2026-09-28T20:40:29.732151,4,0.0,20702.0,19.43
2026-09-28T20:40:29.732151,5,0.0,16520.0,31.58
2026-09-28T20:40:29.732151,6,95.0,9328.0,406.81
2026-09-28T20:40:29.732151,7,96.0,13106.0,373.98
2026-09-28T20:40:30.731811,4,0.0,20702.0,19.4
2026-09-28T20:40:30.731811,5,0.0,16520.0,31.33
2026-09-28T20:40:30.731811,6,88.0,9328.0,403.25
2026-09-28T20:40:30.731811,7,81.0,13106.0,382.17
2026-09-28T20:40:31.734917,4,0.0,20702.0,19.32
2026-09-28T20:40:31.734917,5,0.0,16520.0,31.32
2026-09-28T20:40:31.734917,6,97.0,9328.0,413.46
2026-09-28T20:40:31.734917,7,88.0,13106.0,367.7
2026-09-28T20:40:32.730467,4,0.0,20702.0,19.21
2026-09-28T20:40:32.730467,5,0.0,16520.0,31.36
2026-09-28T20:40:32.730467,6,96.0,9328.0,410.05
2026-09-28T20:40:32.730467,7,95.0,13106.0,362.45
2026-09-28T20:40:33.733385,4,0.0,20702.0,19.31
2026-09-28T20:40:33.733385,5,0.0,16520.0,31.41
2026-09-28T20:40:33.733385,6,90.0,9328.0,402.47
2026-09-28T20:40:33.733385,7,95.0,13106.0,379.19
2026-09-28T20:40:34.784579,4,0.0,20702.0,19.26
2026-09-28T20:40:34.784579,5,0.0,16520.0,31.51
2026-09-28T20:40:34.784579,6,82.0,9328.0,409.62
2026-09-28T20:40:34.784579,7,92.0,13106.0,368.77
2026-09-28T20:40:35.734210,4,0.0,20702.0,19.31
2026-09-28T20:40:35.734210,5,0.0,16520.0,31.47
2026-09-28T20:40:35.734210,6,95.0,9328.0,401.84
2026-09-28T20:40:35.734210,7,96.0,13106.0,378.89
2026-09-28T20:40:36.728584,4,0.0,20702.0,19.47
2026-09-28T20:40:36.728584,5,0.0,16520.0,31.17
2026-09-28T20:40:36.728584,6,96.0,9328.0,409.34
2026-09-28T20:40:36.728584,7,96.0,13106.0,380.89
2026-09-28T20:40:37.731568,4,57.0,20702.0,29.19
2026-09-28T20:40:37.731568,5,0.0,16520.0,30.88
2026-09-28T20:40:37.731568,6,39.0,9328.0,219.97
2026-09-28T20:40:37.731568,7,99.0,13106.0,177.93
2026-09-28T20:40:38.728888,4,96.0,20702.0,368.3
2026-09-28T20:40:38.728888,5,0.0,16520.0,30.8
2026-09-28T20:40:38.728888,6,0.0,9328.0,119.16
2026-09-28T20:40:38.728888,7,100.0,13106.0,139.06
2026-09-28T20:40:39.728608,4,63.0,20702.0,322.19
2026-09-28T20:40:39.728608,5,0.0,16520.0,31.15
2026-09-28T20:40:39.728608,6,0.0,9328.0,110.55
2026-09-28T20:40:39.728608,7,100.0,13106.0,138.27
2026-09-28T20:40:40.730639,4,63.0,20702.0,300.15
2026-09-28T20:40:40.730639,5,0.0,16520.0,31.31
2026-09-28T20:40:40.730639,6,0.0,9328.0,104.78
2026-09-28T20:40:40.730639,7,100.0,13106.0,137.91
2026-09-28T20:40:41.756277,4,66.0,20702.0,302.61
2026-09-28T20:40:41.756277,5,0.0,16520.0,31.29
2026-09-28T20:40:41.756277,6,0.0,9328.0,99.47
2026-09-28T20:40:41.756277,7,100.0,13106.0,137.36
2026-09-28T20:40:42.748874,4,72.0,20702.0,307.43
2026-09-28T20:40:42.748874,5,0.0,16520.0,31.37
2026-09-28T20:40:42.748874,6,0.0,9328.0,98.91
2026-09-28T20:40:42.748874,7,100.0,13106.0,136.91
2026-09-28T20:40:43.730231,4,76.0,20702.0,311.04
2026-09-28T20:40:43.730231,5,0.0,16520.0,31.24
2026-09-28T20:40:43.730231,6,0.0,9328.0,97.97
2026-09-28T20:40:43.730231,7,100.0,13106.0,136.49
2026-09-28T20:40:44.743969,4,75.0,20702.0,313.25
2026-09-28T20:40:44.743969,5,0.0,16520.0,31.1
2026-09-28T20:40:44.743969,6,0.0,9328.0,96.98
2026-09-28T20:40:44.743969,7,100.0,13106.0,136.1
2026-09-28T20:40:45.729051,4,70.0,20702.0,311.78
2026-09-28T20:40:45.729051,5,0.0,16520.0,31.28
2026-09-28T20:40:45.729051,6,0.0,9328.0,95.97
2026-09-28T20:40:45.729051,7,100.0,13106.0,135.65
2026-09-28T20:40:46.735167,4,0.0,20702.0,229.1
2026-09-28T20:40:46.735167,5,0.0,16520.0,31.49
2026-09-28T20:40:46.735167,6,0.0,9328.0,94.99
2026-09-28T20:40:46.735167,7,100.0,13106.0,135.09
2026-09-28T20:40:47.753704,4,74.0,20702.0,250.8
2026-09-28T20:40:47.753704,5,0.0,16520.0,31.4
2026-09-28T20:40:47.753704,6,0.0,9328.0,94.01
2026-09-28T20:40:47.753704,7,100.0,13106.0,134.73
2026-09-28T20:40:48.748177,4,71.0,20702.0,317.52
2026-09-28T20:40:48.748177,5,0.0,16520.0,31.27
2026-09-28T20:40:48.748177,6,0.0,9328.0,92.61
2026-09-28T20:40:48.748177,7,100.0,13106.0,133.9
2026-09-28T20:40:49.728753,4,71.0,20702.0,317.66
2026-09-28T20:40:49.728753,5,0.0,16520.0,31.36
2026-09-28T20:40:49.728753,6,0.0,9328.0,91.07
2026-09-28T20:40:49.728753,7,100.0,13106.0,133.73
2026-09-28T20:40:50.728635,4,79.0,20702.0,318.8
2026-09-28T20:40:50.728635,5,0.0,16520.0,31.37
2026-09-28T20:40:50.728635,6,0.0,9328.0,89.78
2026-09-28T20:40:50.728635,7,100.0,13106.0,133.04
2026-09-28T20:40:51.732297,4,75.0,20702.0,321.01
2026-09-28T20:40:51.732297,5,0.0,16520.0,31.31
2026-09-28T20:40:51.732297,6,0.0,9328.0,88.52
2026-09-28T20:40:51.732297,7,100.0,13106.0,133.03
2026-09-28T20:40:52.730309,4,79.0,20702.0,321.84
2026-09-28T20:40:52.730309,5,0.0,16520.0,31.34
2026-09-28T20:40:52.730309,6,0.0,9328.0,87.37
2026-09-28T20:40:52.730309,7,100.0,13106.0,132.25
2026-09-28T20:40:53.730553,4,80.0,20702.0,323.7
2026-09-28T20:40:53.730553,5,0.0,16520.0,31.36
2026-09-28T20:40:53.730553,6,0.0,9328.0,86.38
2026-09-28T20:40:53.730553,7,100.0,13106.0,131.7
2026-09-28T20:40:54.794376,4,80.0,20702.0,326.19
2026-09-28T20:40:54.794376,5,0.0,16520.0,31.37
2026-09-28T20:40:54.794376,6,0.0,9328.0,77.07
2026-09-28T20:40:54.794376,7,100.0,13106.0,131.04
2026-09-28T20:40:55.732500,4,75.0,20702.0,326.78
2026-09-28T20:40:55.732500,5,0.0,16520.0,31.35
2026-09-28T20:40:55.732500,6,0.0,9328.0,50.22
2026-09-28T20:40:55.732500,7,100.0,13106.0,130.24
2026-09-28T20:40:56.735660,4,80.0,20702.0,327.38
2026-09-28T20:40:56.735660,5,0.0,16520.0,31.32
2026-09-28T20:40:56.735660,6,0.0,9328.0,28.61
2026-09-28T20:40:56.735660,7,100.0,13106.0,129.58
2026-09-28T20:40:57.735960,4,81.0,20702.0,328.36
2026-09-28T20:40:57.735960,5,0.0,16520.0,31.2
2026-09-28T20:40:57.735960,6,0.0,9328.0,24.83
2026-09-28T20:40:57.735960,7,100.0,13106.0,129.3
2026-09-28T20:40:58.737196,4,77.0,20702.0,331.43
2026-09-28T20:40:58.737196,5,0.0,16520.0,31.31
2026-09-28T20:40:58.737196,6,0.0,9328.0,24.46
2026-09-28T20:40:58.737196,7,100.0,13106.0,128.73
2026-09-28T20:40:59.730549,4,81.0,20702.0,287.77
2026-09-28T20:40:59.730549,5,0.0,16520.0,31.39
2026-09-28T20:40:59.730549,6,0.0,9328.0,24.26
2026-09-28T20:40:59.730549,7,100.0,13106.0,127.93
2026-09-28T20:41:00.729535,4,80.0,20702.0,338.07
2026-09-28T20:41:00.729535,5,0.0,16520.0,31.3
2026-09-28T20:41:00.729535,6,0.0,9328.0,23.94
2026-09-28T20:41:00.729535,7,100.0,13106.0,127.72
2026-09-28T20:41:01.743108,4,83.0,20702.0,334.45
2026-09-28T20:41:01.743108,5,0.0,16520.0,31.25
2026-09-28T20:41:01.743108,6,0.0,9328.0,23.67
2026-09-28T20:41:01.743108,7,100.0,13106.0,126.57
2026-09-28T20:41:02.735649,4,81.0,20702.0,337.69
2026-09-28T20:41:02.735649,5,0.0,16520.0,31.22
2026-09-28T20:41:02.735649,6,0.0,9328.0,23.73
2026-09-28T20:41:02.735649,7,100.0,13106.0,126.07
2026-09-28T20:41:03.736832,4,83.0,20702.0,335.99
2026-09-28T20:41:03.736832,5,0.0,16520.0,31.04
2026-09-28T20:41:03.736832,6,0.0,9328.0,23.67
2026-09-28T20:41:03.736832,7,100.0,13106.0,125.97
2026-09-28T20:41:04.738237,4,79.0,20702.0,337.22
2026-09-28T20:41:04.738237,5,0.0,16520.0,30.76
2026-09-28T20:41:04.738237,6,0.0,9328.0,23.59
2026-09-28T20:41:04.738237,7,100.0,13106.0,125.42
2026-09-28T20:41:05.740037,4,80.0,20702.0,333.58
2026-09-28T20:41:05.740037,5,0.0,16520.0,30.76
2026-09-28T20:41:05.740037,6,0.0,9328.0,23.54
2026-09-28T20:41:05.740037,7,100.0,13106.0,125.1
2026-09-28T20:41:06.731711,4,82.0,20702.0,332.15
2026-09-28T20:41:06.731711,5,0.0,16520.0,30.83
2026-09-28T20:41:06.731711,6,0.0,9328.0,23.43
2026-09-28T20:41:06.731711,7,100.0,13106.0,124.61
2026-09-28T20:41:07.794288,4,84.0,20702.0,333.61
2026-09-28T20:41:07.794288,5,0.0,16520.0,30.78
2026-09-28T20:41:07.794288,6,0.0,9328.0,23.36
2026-09-28T20:41:07.794288,7,100.0,13106.0,124.09
2026-09-28T20:41:08.731659,4,83.0,20702.0,333.47
2026-09-28T20:41:08.731659,5,0.0,16520.0,30.82
2026-09-28T20:41:08.731659,6,0.0,9328.0,23.27
2026-09-28T20:41:08.731659,7,100.0,13106.0,123.49
2026-09-28T20:41:09.741247,4,80.0,20702.0,334.08
2026-09-28T20:41:09.741247,5,0.0,16520.0,30.9
2026-09-28T20:41:09.741247,6,0.0,9328.0,23.31
2026-09-28T20:41:09.741247,7,100.0,13106.0,123.39
2026-09-28T20:41:10.731209,4,85.0,20702.0,336.3
2026-09-28T20:41:10.731209,5,0.0,16520.0,30.89
2026-09-28T20:41:10.731209,6,0.0,9328.0,23.39
2026-09-28T20:41:10.731209,7,100.0,13106.0,123.37
2026-09-28T20:41:11.738260,4,82.0,20702.0,230.74
2026-09-28T20:41:11.738260,5,0.0,16520.0,30.95
2026-09-28T20:41:11.738260,6,0.0,9328.0,23.19
2026-09-28T20:41:11.738260,7,100.0,13106.0,122.5
2026-09-28T20:41:12.734981,4,83.0,20702.0,335.15
2026-09-28T20:41:12.734981,5,0.0,16520.0,30.98
2026-09-28T20:41:12.734981,6,0.0,9328.0,22.97
2026-09-28T20:41:12.734981,7,100.0,13106.0,121.83
2026-09-28T20:41:13.738637,4,86.0,20702.0,338.03
2026-09-28T20:41:13.738637,5,0.0,16520.0,30.81
2026-09-28T20:41:13.738637,6,0.0,9328.0,22.86
2026-09-28T20:41:13.738637,7,100.0,13106.0,121.44
2026-09-28T20:41:14.748272,4,85.0,20702.0,326.01
2026-09-28T20:41:14.748272,5,0.0,16520.0,30.63
2026-09-28T20:41:14.748272,6,0.0,9328.0,22.79
2026-09-28T20:41:14.748272,7,100.0,13106.0,121.19
2026-09-28T20:41:15.734849,4,85.0,20702.0,318.33
2026-09-28T20:41:15.734849,5,0.0,16520.0,30.53
2026-09-28T20:41:15.734849,6,0.0,9328.0,22.75
2026-09-28T20:41:15.734849,7,100.0,13106.0,120.5
2026-09-28T20:41:16.736927,4,85.0,20702.0,321.84
2026-09-28T20:41:16.736927,5,0.0,16520.0,30.69
2026-09-28T20:41:16.736927,6,0.0,9328.0,22.72
2026-09-28T20:41:16.736927,7,100.0,13106.0,119.58
2026-09-28T20:41:17.737187,4,87.0,20702.0,327.76
2026-09-28T20:41:17.737187,5,0.0,16520.0,30.94
2026-09-28T20:41:17.737187,6,0.0,9328.0,22.68
2026-09-28T20:41:17.737187,7,100.0,13106.0,117.8
2026-09-28T20:41:18.735634,4,87.0,20702.0,324.29
2026-09-28T20:41:18.735634,5,0.0,16520.0,30.69
2026-09-28T20:41:18.735634,6,0.0,9328.0,22.67
2026-09-28T20:41:18.735634,7,100.0,13106.0,117.5
2026-09-28T20:41:19.734749,4,86.0,20702.0,324.69
2026-09-28T20:41:19.734749,5,0.0,16520.0,30.2
2026-09-28T20:41:19.734749,6,0.0,9328.0,22.75
2026-09-28T20:41:19.734749,7,100.0,13106.0,118.0
2026-09-28T20:41:20.804487,4,88.0,20702.0,320.46
2026-09-28T20:41:20.804487,5,0.0,16520.0,30.05
2026-09-28T20:41:20.804487,6,0.0,9328.0,22.72
2026-09-28T20:41:20.804487,7,100.0,13106.0,117.47
2026-09-28T20:41:21.734050,4,89.0,20702.0,317.45
2026-09-28T20:41:21.734050,5,0.0,16520.0,30.31
2026-09-28T20:41:21.734050,6,0.0,9328.0,22.79
2026-09-28T20:41:21.734050,7,100.0,13106.0,117.23
2026-09-28T20:41:22.731798,4,89.0,20702.0,316.96
2026-09-28T20:41:22.731798,5,0.0,16520.0,30.47
2026-09-28T20:41:22.731798,6,0.0,9328.0,22.99
2026-09-28T20:41:22.731798,7,100.0,13106.0,116.84
2026-09-28T20:41:23.733538,4,89.0,20702.0,308.52
2026-09-28T20:41:23.733538,5,0.0,16520.0,30.45
2026-09-28T20:41:23.733538,6,0.0,9328.0,23.03
2026-09-28T20:41:23.733538,7,100.0,13106.0,116.31
2026-09-28T20:41:24.735885,4,89.0,20702.0,303.67
2026-09-28T20:41:24.735885,5,0.0,16520.0,30.53
2026-09-28T20:41:24.735885,6,0.0,9328.0,22.71
2026-09-28T20:41:24.735885,7,100.0,13106.0,115.9
2026-09-28T20:41:25.734085,4,90.0,20702.0,303.61
2026-09-28T20:41:25.734085,5,0.0,16520.0,30.56
2026-09-28T20:41:25.734085,6,0.0,9328.0,22.55
2026-09-28T20:41:25.734085,7,100.0,13106.0,115.88
2026-09-28T20:41:26.732881,4,91.0,20702.0,302.76
2026-09-28T20:41:26.732881,5,0.0,16520.0,30.6
2026-09-28T20:41:26.732881,6,0.0,9328.0,22.63
2026-09-28T20:41:26.732881,7,100.0,13106.0,115.71
2026-09-28T20:41:27.761623,4,90.0,20702.0,291.75
2026-09-28T20:41:27.761623,5,0.0,16520.0,30.52
2026-09-28T20:41:27.761623,6,0.0,9328.0,22.67
2026-09-28T20:41:27.761623,7,100.0,13106.0,115.6
2026-09-28T20:41:28.732941,4,90.0,20702.0,293.53
2026-09-28T20:41:28.732941,5,0.0,16520.0,30.29
2026-09-28T20:41:28.732941,6,0.0,9328.0,22.69
2026-09-28T20:41:28.732941,7,100.0,13106.0,115.48
2026-09-28T20:41:29.734183,4,90.0,20702.0,287.91
2026-09-28T20:41:29.734183,5,0.0,16520.0,30.53
2026-09-28T20:41:29.734183,6,0.0,9328.0,22.68
2026-09-28T20:41:29.734183,7,100.0,13106.0,114.97
2026-09-28T20:41:30.736175,4,90.0,20702.0,283.15
2026-09-28T20:41:30.736175,5,0.0,16520.0,30.69
2026-09-28T20:41:30.736175,6,0.0,9328.0,22.66
2026-09-28T20:41:30.736175,7,100.0,13106.0,114.73
2026-09-28T20:41:31.734680,4,90.0,20702.0,283.47
2026-09-28T20:41:31.734680,5,0.0,16520.0,30.58
2026-09-28T20:41:31.734680,6,0.0,9328.0,22.57
2026-09-28T20:41:31.734680,7,100.0,13106.0,114.26
2026-09-28T20:41:32.738008,4,91.0,20702.0,284.35
2026-09-28T20:41:32.738008,5,0.0,16520.0,30.59
2026-09-28T20:41:32.738008,6,0.0,9328.0,22.48
2026-09-28T20:41:32.738008,7,100.0,13106.0,114.12
2026-09-28T20:41:33.764208,4,15.0,20702.0,272.32
2026-09-28T20:41:33.764208,5,0.0,16520.0,30.43
2026-09-28T20:41:33.764208,6,9.0,9328.0,28.51
2026-09-28T20:41:33.764208,7,11.0,13106.0,112.87
2026-09-28T20:41:34.731378,4,0.0,20702.0,124.17
2026-09-28T20:41:34.731378,5,0.0,16520.0,30.33
2026-09-28T20:41:34.731378,6,11.0,9328.0,85.29
2026-09-28T20:41:34.731378,7,12.0,13106.0,106.0
2026-09-28T20:41:35.730693,4,0.0,20702.0,99.95
2026-09-28T20:41:35.730693,5,0.0,16520.0,30.17
2026-09-28T20:41:35.730693,6,12.0,9328.0,85.44
2026-09-28T20:41:35.730693,7,12.0,13106.0,102.28
2026-09-28T20:41:36.732762,4,0.0,20702.0,93.59
2026-09-28T20:41:36.732762,5,0.0,16520.0,30.24
2026-09-28T20:41:36.732762,6,12.0,9328.0,85.55
2026-09-28T20:41:36.732762,7,100.0,13106.0,102.35
2026-09-28T20:41:37.741634,4,0.0,20702.0,87.39
2026-09-28T20:41:37.741634,5,0.0,16520.0,30.63
2026-09-28T20:41:37.741634,6,11.0,9328.0,84.45
2026-09-28T20:41:37.741634,7,100.0,13106.0,112.93
2026-09-28T20:41:38.730994,4,0.0,20702.0,87.01
2026-09-28T20:41:38.730994,5,99.0,16520.0,229.65
2026-09-28T20:41:38.730994,6,0.0,9328.0,82.76
2026-09-28T20:41:38.730994,7,100.0,13106.0,113.04
2026-09-28T20:41:39.731430,4,0.0,20702.0,86.68
2026-09-28T20:41:39.731430,5,95.0,16520.0,450.22
2026-09-28T20:41:39.731430,6,0.0,9328.0,81.8
2026-09-28T20:41:39.731430,7,100.0,13106.0,113.23
2026-09-28T20:41:40.776198,4,0.0,20702.0,86.5
2026-09-28T20:41:40.776198,5,95.0,16520.0,448.92
2026-09-28T20:41:40.776198,6,0.0,9328.0,80.64
2026-09-28T20:41:40.776198,7,100.0,13106.0,113.11
2026-09-28T20:41:41.735042,4,0.0,20702.0,86.48
2026-09-28T20:41:41.735042,5,95.0,16520.0,449.82
2026-09-28T20:41:41.735042,6,0.0,9328.0,80.52
2026-09-28T20:41:41.735042,7,100.0,13106.0,113.07
2026-09-28T20:41:42.734322,4,0.0,20702.0,86.39
2026-09-28T20:41:42.734322,5,96.0,16520.0,448.55
2026-09-28T20:41:42.734322,6,0.0,9328.0,80.42
2026-09-28T20:41:42.734322,7,100.0,13106.0,113.07
2026-09-28T20:41:43.731862,4,0.0,20702.0,86.18
2026-09-28T20:41:43.731862,5,99.0,16520.0,447.41
2026-09-28T20:41:43.731862,6,0.0,9328.0,80.43
2026-09-28T20:41:43.731862,7,100.0,13106.0,113.21
2026-09-28T20:41:44.732757,4,0.0,20702.0,85.75
2026-09-28T20:41:44.732757,5,99.0,16520.0,451.39
2026-09-28T20:41:44.732757,6,0.0,9328.0,80.54
2026-09-28T20:41:44.732757,7,100.0,13106.0,112.82
2026-09-28T20:41:45.730570,4,0.0,20702.0,85.31
2026-09-28T20:41:45.730570,5,98.0,16520.0,450.04
2026-09-28T20:41:45.730570,6,0.0,9328.0,80.45
2026-09-28T20:41:45.730570,7,100.0,13106.0,112.46
2026-09-28T20:41:46.733839,4,0.0,20702.0,84.96
2026-09-28T20:41:46.733839,5,95.0,16520.0,449.92
2026-09-28T20:41:46.733839,6,0.0,9328.0,80.34
2026-09-28T20:41:46.733839,7,100.0,13106.0,112.75
2026-09-28T20:41:47.797184,4,0.0,20702.0,84.39
2026-09-28T20:41:47.797184,5,99.0,16520.0,448.89
2026-09-28T20:41:47.797184,6,0.0,9328.0,80.6
2026-09-28T20:41:47.797184,7,100.0,13106.0,112.88
2026-09-28T20:41:48.732666,4,0.0,20702.0,83.96
2026-09-28T20:41:48.732666,5,95.0,16520.0,449.47
2026-09-28T20:41:48.732666,6,0.0,9328.0,80.81
2026-09-28T20:41:48.732666,7,100.0,13106.0,112.7
2026-09-28T20:41:49.730285,4,0.0,20702.0,83.67
2026-09-28T20:41:49.730285,5,99.0,16520.0,449.9
2026-09-28T20:41:49.730285,6,0.0,9328.0,80.67
2026-09-28T20:41:49.730285,7,100.0,13106.0,112.56
2026-09-28T20:41:50.733210,4,0.0,20702.0,80.18
2026-09-28T20:41:50.733210,5,99.0,16520.0,449.37
2026-09-28T20:41:50.733210,6,0.0,9328.0,80.47
2026-09-28T20:41:50.733210,7,100.0,13106.0,112.7
2026-09-28T20:41:51.739073,4,0.0,20702.0,56.09
2026-09-28T20:41:51.739073,5,99.0,16520.0,449.16
2026-09-28T20:41:51.739073,6,0.0,9328.0,80.44
2026-09-28T20:41:51.739073,7,100.0,13106.0,112.39
2026-09-28T20:41:52.734706,4,0.0,20702.0,29.05
2026-09-28T20:41:52.734706,5,95.0,16520.0,447.4
2026-09-28T20:41:52.734706,6,0.0,9328.0,80.42
2026-09-28T20:41:52.734706,7,100.0,13106.0,112.34
2026-09-28T20:41:53.734796,4,0.0,20702.0,22.62
2026-09-28T20:41:53.734796,5,95.0,16520.0,448.46
2026-09-28T20:41:53.734796,6,0.0,9328.0,80.45
2026-09-28T20:41:53.734796,7,100.0,13106.0,112.36
2026-09-28T20:41:54.772761,4,0.0,20702.0,22.28
2026-09-28T20:41:54.772761,5,95.0,16520.0,448.69
2026-09-28T20:41:54.772761,6,0.0,9328.0,80.66
2026-09-28T20:41:54.772761,7,100.0,13106.0,112.34
2026-09-28T20:41:55.735419,4,0.0,20702.0,21.89
2026-09-28T20:41:55.735419,5,90.0,16520.0,437.62
2026-09-28T20:41:55.735419,6,0.0,9328.0,65.68
2026-09-28T20:41:55.735419,7,100.0,13106.0,112.54
2026-09-28T20:41:56.734643,4,0.0,20702.0,21.88
2026-09-28T20:41:56.734643,5,98.0,16520.0,444.83
2026-09-28T20:41:56.734643,6,0.0,9328.0,38.76
2026-09-28T20:41:56.734643,7,100.0,13106.0,112.32
2026-09-28T20:41:57.736734,4,0.0,20702.0,21.97
2026-09-28T20:41:57.736734,5,96.0,16520.0,445.17
2026-09-28T20:41:57.736734,6,0.0,9328.0,24.89
2026-09-28T20:41:57.736734,7,100.0,13106.0,112.29
2026-09-28T20:41:58.735409,4,0.0,20702.0,21.78
2026-09-28T20:41:58.735409,5,95.0,16520.0,445.4
2026-09-28T20:41:58.735409,6,0.0,9328.0,22.79
2026-09-28T20:41:58.735409,7,100.0,13106.0,112.37
2026-09-28T20:41:59.734740,4,0.0,20702.0,21.43
2026-09-28T20:41:59.734740,5,95.0,16520.0,445.19
2026-09-28T20:41:59.734740,6,0.0,9328.0,22.7
2026-09-28T20:41:59.734740,7,100.0,13106.0,112.59
2026-09-28T20:42:00.748525,4,0.0,20702.0,21.09
2026-09-28T20:42:00.748525,5,96.0,16520.0,444.83
2026-09-28T20:42:00.748525,6,0.0,9328.0,22.64
2026-09-28T20:42:00.748525,7,100.0,13106.0,112.2
2026-09-28T20:42:01.740811,4,0.0,20702.0,21.11
2026-09-28T20:42:01.740811,5,95.0,16520.0,447.07
2026-09-28T20:42:01.740811,6,0.0,9328.0,22.71
2026-09-28T20:42:01.740811,7,100.0,13106.0,112.05
2026-09-28T20:42:02.739522,4,0.0,20702.0,21.27
2026-09-28T20:42:02.739522,5,96.0,16520.0,446.06
2026-09-28T20:42:02.739522,6,0.0,9328.0,22.72
2026-09-28T20:42:02.739522,7,100.0,13106.0,112.02
2026-09-28T20:42:03.735992,4,0.0,20702.0,21.11
2026-09-28T20:42:03.735992,5,96.0,16520.0,446.36
2026-09-28T20:42:03.735992,6,0.0,9328.0,22.6
2026-09-28T20:42:03.735992,7,100.0,13106.0,111.84
2026-09-28T20:42:04.738731,4,0.0,20702.0,20.81
2026-09-28T20:42:04.738731,5,98.0,16520.0,445.57
2026-09-28T20:42:04.738731,6,0.0,9328.0,22.42
2026-09-28T20:42:04.738731,7,100.0,13106.0,112.24
2026-09-28T20:42:05.738212,4,0.0,20702.0,20.73
2026-09-28T20:42:05.738212,5,96.0,16520.0,446.06
2026-09-28T20:42:05.738212,6,0.0,9328.0,22.31
2026-09-28T20:42:05.738212,7,100.0,13106.0,112.55
2026-09-28T20:42:06.735963,4,0.0,20702.0,20.9
2026-09-28T20:42:06.735963,5,94.0,16520.0,447.0
2026-09-28T20:42:06.735963,6,0.0,9328.0,22.39
2026-09-28T20:42:06.735963,7,100.0,13106.0,112.19
2026-09-28T20:42:07.813141,4,0.0,20702.0,20.93
2026-09-28T20:42:07.813141,5,95.0,16520.0,447.05
2026-09-28T20:42:07.813141,6,0.0,9328.0,22.43
2026-09-28T20:42:07.813141,7,100.0,13106.0,112.25
2026-09-28T20:42:08.739351,4,0.0,20702.0,20.81
2026-09-28T20:42:08.739351,5,90.0,16520.0,444.08
2026-09-28T20:42:08.739351,6,0.0,9328.0,22.3
2026-09-28T20:42:08.739351,7,100.0,13106.0,112.3
2026-09-28T20:42:09.746183,4,0.0,20702.0,20.68
2026-09-28T20:42:09.746183,5,0.0,16520.0,231.56
2026-09-28T20:42:09.746183,6,96.0,9328.0,108.68
2026-09-28T20:42:09.746183,7,94.0,13106.0,217.96
2026-09-28T20:42:10.736492,4,0.0,20702.0,20.62
2026-09-28T20:42:10.736492,5,0.0,16520.0,174.35
2026-09-28T20:42:10.736492,6,91.0,9328.0,378.15
2026-09-28T20:42:10.736492,7,94.0,13106.0,305.48
2026-09-28T20:42:11.749241,4,0.0,20702.0,20.69
2026-09-28T20:42:11.749241,5,0.0,16520.0,119.96
2026-09-28T20:42:11.749241,6,97.0,9328.0,387.05
2026-09-28T20:42:11.749241,7,99.0,13106.0,314.6
2026-09-28T20:42:12.735523,4,0.0,20702.0,20.85
2026-09-28T20:42:12.735523,5,0.0,16520.0,112.45
2026-09-28T20:42:12.735523,6,91.0,9328.0,385.13
2026-09-28T20:42:12.735523,7,97.0,13106.0,295.95
2026-09-28T20:42:13.737153,4,0.0,20702.0,20.84
2026-09-28T20:42:13.737153,5,0.0,16520.0,104.9
2026-09-28T20:42:13.737153,6,87.0,9328.0,381.09
2026-09-28T20:42:13.737153,7,85.0,13106.0,295.37
2026-09-28T20:42:14.753969,4,0.0,20702.0,20.85
2026-09-28T20:42:14.753969,5,0.0,16520.0,104.53
2026-09-28T20:42:14.753969,6,95.0,9328.0,390.85
2026-09-28T20:42:14.753969,7,95.0,13106.0,300.6
2026-09-28T20:42:15.739239,4,0.0,20702.0,20.63
2026-09-28T20:42:15.739239,5,0.0,16520.0,104.29
2026-09-28T20:42:15.739239,6,85.0,9328.0,375.13
2026-09-28T20:42:15.739239,7,80.0,13106.0,300.44
2026-09-28T20:42:16.735381,4,0.0,20702.0,20.3
2026-09-28T20:42:16.735381,5,0.0,16520.0,103.83
2026-09-28T20:42:16.735381,6,97.0,9328.0,389.92
2026-09-28T20:42:16.735381,7,95.0,13106.0,325.54
2026-09-28T20:42:17.740404,4,0.0,20702.0,20.39
2026-09-28T20:42:17.740404,5,0.0,16520.0,103.08
2026-09-28T20:42:17.740404,6,92.0,9328.0,382.04
2026-09-28T20:42:17.740404,7,81.0,13106.0,317.64
2026-09-28T20:42:18.735501,4,0.0,20702.0,20.56
2026-09-28T20:42:18.735501,5,0.0,16520.0,102.16
2026-09-28T20:42:18.735501,6,97.0,9328.0,395.22
2026-09-28T20:42:18.735501,7,98.0,13106.0,315.89
2026-09-28T20:42:19.735651,4,0.0,20702.0,20.57
2026-09-28T20:42:19.735651,5,0.0,16520.0,101.29
2026-09-28T20:42:19.735651,6,90.0,9328.0,380.99
2026-09-28T20:42:19.735651,7,98.0,13106.0,290.75
2026-09-28T20:42:20.774762,4,0.0,20702.0,20.35
2026-09-28T20:42:20.774762,5,0.0,16520.0,100.53
2026-09-28T20:42:20.774762,6,97.0,9328.0,387.12
2026-09-28T20:42:20.774762,7,89.0,13106.0,291.19
2026-09-28T20:42:21.741950,4,0.0,20702.0,20.41
2026-09-28T20:42:21.741950,5,0.0,16520.0,99.79
2026-09-28T20:42:21.741950,6,94.0,9328.0,386.12
2026-09-28T20:42:21.741950,7,96.0,13106.0,311.09
2026-09-28T20:42:22.740128,4,0.0,20702.0,20.44
2026-09-28T20:42:22.740128,5,0.0,16520.0,99.06
2026-09-28T20:42:22.740128,6,84.0,9328.0,377.41
2026-09-28T20:42:22.740128,7,86.0,13106.0,313.73
2026-09-28T20:42:23.737617,4,0.0,20702.0,20.21
2026-09-28T20:42:23.737617,5,0.0,16520.0,98.33
2026-09-28T20:42:23.737617,6,97.0,9328.0,383.44
2026-09-28T20:42:23.737617,7,95.0,13106.0,332.36
2026-09-28T20:42:24.742775,4,0.0,20702.0,20.21
2026-09-28T20:42:24.742775,5,0.0,16520.0,98.04
2026-09-28T20:42:24.742775,6,91.0,9328.0,384.53
2026-09-28T20:42:24.742775,7,79.0,13106.0,317.11
2026-09-28T20:42:25.736635,4,0.0,20702.0,20.22
2026-09-28T20:42:25.736635,5,0.0,16520.0,97.7
2026-09-28T20:42:25.736635,6,97.0,9328.0,388.44
2026-09-28T20:42:25.736635,7,98.0,13106.0,327.95
2026-09-28T20:42:26.738441,4,0.0,20702.0,20.17
2026-09-28T20:42:26.738441,5,0.0,16520.0,97.14
2026-09-28T20:42:26.738441,6,91.0,9328.0,379.64
2026-09-28T20:42:26.738441,7,98.0,13106.0,316.81
2026-09-28T20:42:27.788967,4,0.0,20702.0,20.05
2026-09-28T20:42:27.788967,5,0.0,16520.0,75.63
2026-09-28T20:42:27.788967,6,98.0,9328.0,401.29
2026-09-28T20:42:27.788967,7,100.0,13106.0,301.45
2026-09-28T20:42:28.742779,4,0.0,20702.0,19.95
2026-09-28T20:42:28.742779,5,0.0,16520.0,45.8
2026-09-28T20:42:28.742779,6,93.0,9328.0,393.22
2026-09-28T20:42:28.742779,7,95.0,13106.0,301.23
2026-09-28T20:42:29.745064,4,0.0,20702.0,20.05
2026-09-28T20:42:29.745064,5,0.0,16520.0,36.38
2026-09-28T20:42:29.745064,6,91.0,9328.0,396.6
2026-09-28T20:42:29.745064,7,86.0,13106.0,307.83
2026-09-28T20:42:30.743251,4,0.0,20702.0,20.08
2026-09-28T20:42:30.743251,5,0.0,16520.0,35.15
2026-09-28T20:42:30.743251,6,96.0,9328.0,393.09
2026-09-28T20:42:30.743251,7,95.0,13106.0,319.43
2026-09-28T20:42:31.743232,4,0.0,20702.0,19.86
2026-09-28T20:42:31.743232,5,0.0,16520.0,34.61
2026-09-28T20:42:31.743232,6,85.0,9328.0,381.04
2026-09-28T20:42:31.743232,7,80.0,13106.0,324.03
2026-09-28T20:42:32.742704,4,0.0,20702.0,19.81
2026-09-28T20:42:32.742704,5,0.0,16520.0,34.11
2026-09-28T20:42:32.742704,6,97.0,9328.0,402.26
2026-09-28T20:42:32.742704,7,95.0,13106.0,329.56
2026-09-28T20:42:33.769653,4,0.0,20702.0,19.96
2026-09-28T20:42:33.769653,5,0.0,16520.0,33.59
2026-09-28T20:42:33.769653,6,95.0,9328.0,392.37
2026-09-28T20:42:33.769653,7,80.0,13106.0,322.07
2026-09-28T20:42:34.740461,4,0.0,20702.0,19.93
2026-09-28T20:42:34.740461,5,0.0,16520.0,33.31
2026-09-28T20:42:34.740461,6,98.0,9328.0,406.75
2026-09-28T20:42:34.740461,7,96.0,13106.0,331.93
2026-09-28T20:42:35.744048,4,0.0,20702.0,19.89
2026-09-28T20:42:35.744048,5,0.0,16520.0,33.16
2026-09-28T20:42:35.744048,6,90.0,9328.0,392.97
2026-09-28T20:42:35.744048,7,93.0,13106.0,315.85
2026-09-28T20:42:36.739839,4,0.0,20702.0,19.73
2026-09-28T20:42:36.739839,5,0.0,16520.0,32.97
2026-09-28T20:42:36.739839,6,96.0,9328.0,390.3
2026-09-28T20:42:36.739839,7,100.0,13106.0,314.53
2026-09-28T20:42:37.741009,4,0.0,20702.0,19.48
2026-09-28T20:42:37.741009,5,0.0,16520.0,32.75
2026-09-28T20:42:37.741009,6,91.0,9328.0,395.55
2026-09-28T20:42:37.741009,7,96.0,13106.0,305.84
2026-09-28T20:42:38.746234,4,0.0,20702.0,19.48
2026-09-28T20:42:38.746234,5,0.0,16520.0,32.65
2026-09-28T20:42:38.746234,6,88.0,9328.0,397.79
2026-09-28T20:42:38.746234,7,86.0,13106.0,312.92
2026-09-28T20:42:39.738715,4,0.0,20702.0,19.73
2026-09-28T20:42:39.738715,5,0.0,16520.0,32.84
2026-09-28T20:42:39.738715,6,96.0,9328.0,394.55
2026-09-28T20:42:39.738715,7,95.0,13106.0,319.25
2026-09-28T20:42:40.780741,4,0.0,20702.0,19.74
2026-09-28T20:42:40.780741,5,0.0,16520.0,32.87
2026-09-28T20:42:40.780741,6,85.0,9328.0,393.73
2026-09-28T20:42:40.780741,7,86.0,13106.0,324.36
2026-09-28T20:42:41.743047,4,0.0,20702.0,19.7
2026-09-28T20:42:41.743047,5,0.0,16520.0,32.5
2026-09-28T20:42:41.743047,6,97.0,9328.0,404.09
2026-09-28T20:42:41.743047,7,95.0,13106.0,351.23
2026-09-28T20:42:42.741010,4,0.0,20702.0,19.71
2026-09-28T20:42:42.741010,5,0.0,16520.0,32.38
2026-09-28T20:42:42.741010,6,93.0,9328.0,396.38
2026-09-28T20:42:42.741010,7,80.0,13106.0,326.53
2026-09-28T20:42:43.739332,4,0.0,20702.0,19.75
2026-09-28T20:42:43.739332,5,0.0,16520.0,32.6
2026-09-28T20:42:43.739332,6,96.0,9328.0,390.65
2026-09-28T20:42:43.739332,7,97.0,13106.0,336.12
2026-09-28T20:42:44.740824,4,0.0,20702.0,19.74
2026-09-28T20:42:44.740824,5,0.0,16520.0,32.58
2026-09-28T20:42:44.740824,6,88.0,9328.0,392.34
2026-09-28T20:42:44.740824,7,97.0,13106.0,310.02
2026-09-28T20:42:45.746525,4,0.0,20702.0,19.56
2026-09-28T20:42:45.746525,5,0.0,16520.0,32.24
2026-09-28T20:42:45.746525,6,96.0,9328.0,393.9
2026-09-28T20:42:45.746525,7,88.0,13106.0,325.4
2026-09-28T20:42:46.770022,4,0.0,20702.0,19.51
2026-09-28T20:42:46.770022,5,0.0,16520.0,31.95
2026-09-28T20:42:46.770022,6,93.0,9328.0,415.19
2026-09-28T20:42:46.770022,7,96.0,13106.0,304.24
2026-09-28T20:42:47.748346,4,0.0,20702.0,19.59
2026-09-28T20:42:47.748346,5,0.0,16520.0,31.92
2026-09-28T20:42:47.748346,6,87.0,9328.0,399.11
2026-09-28T20:42:47.748346,7,86.0,13106.0,313.48
2026-09-28T20:42:48.740665,4,0.0,20702.0,19.79
2026-09-28T20:42:48.740665,5,0.0,16520.0,31.85
2026-09-28T20:42:48.740665,6,96.0,9328.0,403.86
2026-09-28T20:42:48.740665,7,94.0,13106.0,324.26
2026-09-28T20:42:49.743692,4,0.0,20702.0,19.85
2026-09-28T20:42:49.743692,5,0.0,16520.0,31.63
2026-09-28T20:42:49.743692,6,84.0,9328.0,396.77
2026-09-28T20:42:49.743692,7,82.0,13106.0,326.17
2026-09-28T20:42:50.741944,4,0.0,20702.0,20.04
2026-09-28T20:42:50.741944,5,0.0,16520.0,31.74
2026-09-28T20:42:50.741944,6,96.0,9328.0,398.68
2026-09-28T20:42:50.741944,7,95.0,13106.0,344.96
2026-09-28T20:42:51.742170,4,0.0,20702.0,20.12
2026-09-28T20:42:51.742170,5,0.0,16520.0,32.04
2026-09-28T20:42:51.742170,6,92.0,9328.0,395.96
2026-09-28T20:42:51.742170,7,90.0,13106.0,326.77
2026-09-28T20:42:52.742313,4,0.0,20702.0,19.9
2026-09-28T20:42:52.742313,5,0.0,16520.0,32.16
2026-09-28T20:42:52.742313,6,97.0,9328.0,412.32
2026-09-28T20:42:52.742313,7,97.0,13106.0,326.31
2026-09-28T20:42:53.788275,4,0.0,20702.0,19.92
2026-09-28T20:42:53.788275,5,0.0,16520.0,32.14
2026-09-28T20:42:53.788275,6,92.0,9328.0,413.64
2026-09-28T20:42:53.788275,7,96.0,13106.0,311.66
2026-09-28T20:42:54.747206,4,0.0,20702.0,20.01
2026-09-28T20:42:54.747206,5,0.0,16520.0,32.11
2026-09-28T20:42:54.747206,6,97.0,9328.0,409.49
2026-09-28T20:42:54.747206,7,100.0,13106.0,323.22
2026-09-28T20:42:55.742410,4,0.0,20702.0,19.94
2026-09-28T20:42:55.742410,5,0.0,16520.0,32.04
2026-09-28T20:42:55.742410,6,92.0,9328.0,405.86
2026-09-28T20:42:55.742410,7,97.0,13106.0,311.47
2026-09-28T20:42:56.745840,4,0.0,20702.0,19.85
2026-09-28T20:42:56.745840,5,0.0,16520.0,31.94
2026-09-28T20:42:56.745840,6,86.0,9328.0,394.56
2026-09-28T20:42:56.745840,7,84.0,13106.0,322.07
2026-09-28T20:42:57.743597,4,0.0,20702.0,19.95
2026-09-28T20:42:57.743597,5,0.0,16520.0,31.79
2026-09-28T20:42:57.743597,6,95.0,9328.0,404.68
2026-09-28T20:42:57.743597,7,96.0,13106.0,334.73
2026-09-28T20:42:58.746036,4,0.0,20702.0,20.09
2026-09-28T20:42:58.746036,5,0.0,16520.0,31.61
2026-09-28T20:42:58.746036,6,83.0,9328.0,401.76
2026-09-28T20:42:58.746036,7,80.0,13106.0,329.0
2026-09-28T20:42:59.775430,4,0.0,20702.0,20.06
2026-09-28T20:42:59.775430,5,0.0,16520.0,31.59
2026-09-28T20:42:59.775430,6,97.0,9328.0,405.74
2026-09-28T20:42:59.775430,7,95.0,13106.0,340.76
2026-09-28T20:43:00.742945,4,0.0,20702.0,19.99
2026-09-28T20:43:00.742945,5,0.0,16520.0,31.59
2026-09-28T20:43:00.742945,6,92.0,9328.0,415.86
2026-09-28T20:43:00.742945,7,83.0,13106.0,314.84
2026-09-28T20:43:01.740453,4,0.0,20702.0,20.03
2026-09-28T20:43:01.740453,5,0.0,16520.0,31.52
2026-09-28T20:43:01.740453,6,98.0,9328.0,409.4
2026-09-28T20:43:01.740453,7,95.0,13106.0,349.4
2026-09-28T20:43:02.742777,4,0.0,20702.0,19.93
2026-09-28T20:43:02.742777,5,0.0,16520.0,31.42
2026-09-28T20:43:02.742777,6,89.0,9328.0,397.74
2026-09-28T20:43:02.742777,7,93.0,13106.0,325.0
2026-09-28T20:43:03.743004,4,0.0,20702.0,19.71
2026-09-28T20:43:03.743004,5,0.0,16520.0,31.36
2026-09-28T20:43:03.743004,6,98.0,9328.0,406.09
2026-09-28T20:43:03.743004,7,99.0,13106.0,334.32
2026-09-28T20:43:04.740163,4,0.0,20702.0,19.73
2026-09-28T20:43:04.740163,5,0.0,16520.0,31.41
2026-09-28T20:43:04.740163,6,89.0,9328.0,410.66
2026-09-28T20:43:04.740163,7,98.0,13106.0,315.01
2026-09-28T20:43:05.742614,4,0.0,20702.0,19.73
2026-09-28T20:43:05.742614,5,0.0,16520.0,31.33
2026-09-28T20:43:05.742614,6,97.0,9328.0,404.59
2026-09-28T20:43:05.742614,7,89.0,13106.0,313.52
2026-09-28T20:43:06.779423,4,0.0,20702.0,19.6
2026-09-28T20:43:06.779423,5,0.0,16520.0,31.21
2026-09-28T20:43:06.779423,6,94.0,9328.0,395.74
2026-09-28T20:43:06.779423,7,95.0,13106.0,323.66
2026-09-28T20:43:07.743519,4,0.0,20702.0,19.4
2026-09-28T20:43:07.743519,5,0.0,16520.0,31.14
2026-09-28T20:43:07.743519,6,85.0,9328.0,396.38
2026-09-28T20:43:07.743519,7,91.0,13106.0,325.6
2026-09-28T20:43:08.747911,4,0.0,20702.0,19.37
2026-09-28T20:43:08.747911,5,0.0,16520.0,31.09
2026-09-28T20:43:08.747911,6,96.0,9328.0,401.16
2026-09-28T20:43:08.747911,7,95.0,13106.0,342.83
2026-09-28T20:43:09.746082,4,0.0,20702.0,19.64
2026-09-28T20:43:09.746082,5,0.0,16520.0,31.26
2026-09-28T20:43:09.746082,6,90.0,9328.0,396.79
2026-09-28T20:43:09.746082,7,81.0,13106.0,331.74
2026-09-28T20:43:10.742245,4,0.0,20702.0,19.74
2026-09-28T20:43:10.742245,5,0.0,16520.0,31.45
2026-09-28T20:43:10.742245,6,97.0,9328.0,405.43
2026-09-28T20:43:10.742245,7,97.0,13106.0,338.46
2026-09-28T20:43:11.742108,4,0.0,20702.0,19.77
2026-09-28T20:43:11.742108,5,0.0,16520.0,31.51
2026-09-28T20:43:11.742108,6,90.0,9328.0,407.12
2026-09-28T20:43:11.742108,7,96.0,13106.0,315.82
2026-09-28T20:43:12.766542,4,0.0,20702.0,19.88
2026-09-28T20:43:12.766542,5,0.0,16520.0,31.48
2026-09-28T20:43:12.766542,6,98.0,9328.0,417.78
2026-09-28T20:43:12.766542,7,100.0,13106.0,312.14
2026-09-28T20:43:13.745372,4,0.0,20702.0,19.9
2026-09-28T20:43:13.745372,5,0.0,16520.0,31.4
2026-09-28T20:43:13.745372,6,95.0,9328.0,413.47
2026-09-28T20:43:13.745372,7,98.0,13106.0,307.89
2026-09-28T20:43:14.745774,4,0.0,20702.0,19.81
2026-09-28T20:43:14.745774,5,0.0,16520.0,31.49
2026-09-28T20:43:14.745774,6,97.0,9328.0,416.28
2026-09-28T20:43:14.745774,7,97.0,13106.0,322.2
2026-09-28T20:43:15.743797,4,0.0,20702.0,19.63
2026-09-28T20:43:15.743797,5,0.0,16520.0,31.53
2026-09-28T20:43:15.743797,6,95.0,9328.0,402.43
2026-09-28T20:43:15.743797,7,95.0,13106.0,325.22
2026-09-28T20:43:16.746315,4,0.0,20702.0,19.5
2026-09-28T20:43:16.746315,5,0.0,16520.0,31.44
2026-09-28T20:43:16.746315,6,85.0,9328.0,406.0
2026-09-28T20:43:16.746315,7,82.0,13106.0,327.84
2026-09-28T20:43:17.744314,4,0.0,20702.0,19.49
2026-09-28T20:43:17.744314,5,0.0,16520.0,31.27
2026-09-28T20:43:17.744314,6,96.0,9328.0,398.5
2026-09-28T20:43:17.744314,7,94.0,13106.0,336.95
2026-09-28T20:43:18.745906,4,0.0,20702.0,19.59
2026-09-28T20:43:18.745906,5,0.0,16520.0,31.14
2026-09-28T20:43:18.745906,6,91.0,9328.0,399.37
2026-09-28T20:43:18.745906,7,83.0,13106.0,330.48
2026-09-28T20:43:19.795441,4,0.0,20702.0,19.62
2026-09-28T20:43:19.795441,5,0.0,16520.0,31.14
2026-09-28T20:43:19.795441,6,96.0,9328.0,401.3
2026-09-28T20:43:19.795441,7,96.0,13106.0,349.8
2026-09-28T20:43:20.744638,4,0.0,20702.0,19.49
2026-09-28T20:43:20.744638,5,0.0,16520.0,31.0
2026-09-28T20:43:20.744638,6,90.0,9328.0,405.75
2026-09-28T20:43:20.744638,7,97.0,13106.0,321.68
2026-09-28T20:43:21.748002,4,0.0,20702.0,19.39
2026-09-28T20:43:21.748002,5,0.0,16520.0,30.92
2026-09-28T20:43:21.748002,6,96.0,9328.0,407.62
2026-09-28T20:43:21.748002,7,100.0,13106.0,325.8
2026-09-28T20:43:22.749225,4,0.0,20702.0,19.33
2026-09-28T20:43:22.749225,5,0.0,16520.0,30.9
2026-09-28T20:43:22.749225,6,94.0,9328.0,409.04
2026-09-28T20:43:22.749225,7,96.0,13106.0,309.81
2026-09-28T20:43:23.744877,4,0.0,20702.0,19.39
2026-09-28T20:43:23.744877,5,0.0,16520.0,30.81
2026-09-28T20:43:23.744877,6,87.0,9328.0,407.26
2026-09-28T20:43:23.744877,7,86.0,13106.0,323.28
2026-09-28T20:43:24.745250,4,0.0,20702.0,19.64
2026-09-28T20:43:24.745250,5,0.0,16520.0,31.1
2026-09-28T20:43:24.745250,6,95.0,9328.0,406.24
2026-09-28T20:43:24.745250,7,94.0,13106.0,330.64
2026-09-28T20:43:25.784492,4,0.0,20702.0,19.83
2026-09-28T20:43:25.784492,5,0.0,16520.0,31.41
2026-09-28T20:43:25.784492,6,84.0,9328.0,398.54
2026-09-28T20:43:25.784492,7,80.0,13106.0,327.2
2026-09-28T20:43:26.758607,4,0.0,20702.0,19.56
2026-09-28T20:43:26.758607,5,0.0,16520.0,31.47
2026-09-28T20:43:26.758607,6,97.0,9328.0,409.84
2026-09-28T20:43:26.758607,7,95.0,13106.0,344.13
2026-09-28T20:43:27.749522,4,0.0,20702.0,19.45
2026-09-28T20:43:27.749522,5,0.0,16520.0,31.54
2026-09-28T20:43:27.749522,6,91.0,9328.0,406.66
2026-09-28T20:43:27.749522,7,80.0,13106.0,330.26
2026-09-28T20:43:28.755964,4,0.0,20702.0,19.47
2026-09-28T20:43:28.755964,5,0.0,16520.0,31.65
2026-09-28T20:43:28.755964,6,96.0,9328.0,404.49
2026-09-28T20:43:28.755964,7,97.0,13106.0,332.55
2026-09-28T20:43:29.747018,4,0.0,20702.0,19.26
2026-09-28T20:43:29.747018,5,0.0,16520.0,31.74
2026-09-28T20:43:29.747018,6,88.0,9328.0,409.43
2026-09-28T20:43:29.747018,7,96.0,13106.0,317.26
2026-09-28T20:43:30.751766,4,0.0,20702.0,19.35
2026-09-28T20:43:30.751766,5,0.0,16520.0,31.71
2026-09-28T20:43:30.751766,6,97.0,9328.0,405.53
2026-09-28T20:43:30.751766,7,90.0,13106.0,317.71
2026-09-28T20:43:31.736434,4,0.0,20702.0,19.39
2026-09-28T20:43:31.736434,5,0.0,16520.0,31.63
2026-09-28T20:43:31.736434,6,0.0,9328.0,312.67
2026-09-28T20:43:31.736434,7,0.0,13106.0,253.35
2026-09-28T20:43:32.825000,4,100.0,20702.0,186.21
2026-09-28T20:43:32.825000,5,0.0,16520.0,31.76
2026-09-28T20:43:32.825000,6,0.0,9328.0,125.23
2026-09-28T20:43:32.825000,7,100.0,13106.0,138.47
2026-09-28T20:43:33.745569,4,97.0,20702.0,450.73
2026-09-28T20:43:33.745569,5,0.0,16520.0,31.55
2026-09-28T20:43:33.745569,6,0.0,9328.0,119.76
2026-09-28T20:43:33.745569,7,100.0,13106.0,135.69
2026-09-28T20:43:34.745321,4,63.0,20702.0,341.12
2026-09-28T20:43:34.745321,5,0.0,16520.0,31.05
2026-09-28T20:43:34.745321,6,0.0,9328.0,102.14
2026-09-28T20:43:34.745321,7,100.0,13106.0,135.47
2026-09-28T20:43:35.741738,4,66.0,20702.0,302.89
2026-09-28T20:43:35.741738,5,0.0,16520.0,31.2
2026-09-28T20:43:35.741738,6,0.0,9328.0,100.37
2026-09-28T20:43:35.741738,7,100.0,13106.0,134.98
2026-09-28T20:43:36.744564,4,73.0,20702.0,304.69
2026-09-28T20:43:36.744564,5,0.0,16520.0,31.23
2026-09-28T20:43:36.744564,6,0.0,9328.0,99.66
2026-09-28T20:43:36.744564,7,100.0,13106.0,134.62
2026-09-28T20:43:37.741374,4,75.0,20702.0,309.53
2026-09-28T20:43:37.741374,5,0.0,16520.0,31.08
2026-09-28T20:43:37.741374,6,0.0,9328.0,99.21
2026-09-28T20:43:37.741374,7,100.0,13106.0,134.72
2026-09-28T20:43:38.759139,4,74.0,20702.0,309.54
2026-09-28T20:43:38.759139,5,0.0,16520.0,31.23
2026-09-28T20:43:38.759139,6,0.0,9328.0,98.46
2026-09-28T20:43:38.759139,7,100.0,13106.0,134.1
2026-09-28T20:43:39.741961,4,70.0,20702.0,314.05
2026-09-28T20:43:39.741961,5,0.0,16520.0,31.34
2026-09-28T20:43:39.741961,6,0.0,9328.0,97.57
2026-09-28T20:43:39.741961,7,100.0,13106.0,133.49
2026-09-28T20:43:40.748889,4,78.0,20702.0,202.68
2026-09-28T20:43:40.748889,5,0.0,16520.0,31.44
2026-09-28T20:43:40.748889,6,0.0,9328.0,96.64
2026-09-28T20:43:40.748889,7,100.0,13106.0,133.46
2026-09-28T20:43:41.743610,4,73.0,20702.0,318.68
2026-09-28T20:43:41.743610,5,0.0,16520.0,31.56
2026-09-28T20:43:41.743610,6,0.0,9328.0,95.45
2026-09-28T20:43:41.743610,7,100.0,13106.0,132.73
2026-09-28T20:43:42.744014,4,73.0,20702.0,317.9
2026-09-28T20:43:42.744014,5,0.0,16520.0,31.63
2026-09-28T20:43:42.744014,6,0.0,9328.0,94.45
2026-09-28T20:43:42.744014,7,100.0,13106.0,132.21
2026-09-28T20:43:43.742935,4,74.0,20702.0,319.66
2026-09-28T20:43:43.742935,5,0.0,16520.0,31.61
2026-09-28T20:43:43.742935,6,0.0,9328.0,93.54
2026-09-28T20:43:43.742935,7,100.0,13106.0,131.65
2026-09-28T20:43:44.746505,4,75.0,20702.0,321.5
2026-09-28T20:43:44.746505,5,0.0,16520.0,31.39
2026-09-28T20:43:44.746505,6,0.0,9328.0,92.26
2026-09-28T20:43:44.746505,7,100.0,13106.0,131.23
2026-09-28T20:43:45.783313,4,80.0,20702.0,324.2
2026-09-28T20:43:45.783313,5,0.0,16520.0,31.16
2026-09-28T20:43:45.783313,6,0.0,9328.0,90.93
2026-09-28T20:43:45.783313,7,100.0,13106.0,130.23
2026-09-28T20:43:46.747578,4,78.0,20702.0,325.43
2026-09-28T20:43:46.747578,5,0.0,16520.0,31.13
2026-09-28T20:43:46.747578,6,0.0,9328.0,89.77
2026-09-28T20:43:46.747578,7,100.0,13106.0,129.74
2026-09-28T20:43:47.747187,4,76.0,20702.0,325.75
2026-09-28T20:43:47.747187,5,0.0,16520.0,31.3
2026-09-28T20:43:47.747187,6,0.0,9328.0,88.3
2026-09-28T20:43:47.747187,7,100.0,13106.0,129.14
2026-09-28T20:43:48.746055,4,79.0,20702.0,327.6
2026-09-28T20:43:48.746055,5,0.0,16520.0,31.59
2026-09-28T20:43:48.746055,6,0.0,9328.0,86.91
2026-09-28T20:43:48.746055,7,100.0,13106.0,128.32
2026-09-28T20:43:49.747476,4,81.0,20702.0,327.54
2026-09-28T20:43:49.747476,5,0.0,16520.0,31.56
2026-09-28T20:43:49.747476,6,0.0,9328.0,66.46
2026-09-28T20:43:49.747476,7,100.0,13106.0,127.72
2026-09-28T20:43:50.751069,4,78.0,20702.0,329.43
2026-09-28T20:43:50.751069,5,0.0,16520.0,31.48
2026-09-28T20:43:50.751069,6,0.0,9328.0,37.25
2026-09-28T20:43:50.751069,7,100.0,13106.0,127.32
2026-09-28T20:43:51.747316,4,78.0,20702.0,329.76
2026-09-28T20:43:51.747316,5,0.0,16520.0,31.37
2026-09-28T20:43:51.747316,6,0.0,9328.0,26.74
2026-09-28T20:43:51.747316,7,100.0,13106.0,126.58
2026-09-28T20:43:52.763445,4,79.0,20702.0,332.15
2026-09-28T20:43:52.763445,5,0.0,16520.0,31.33
2026-09-28T20:43:52.763445,6,0.0,9328.0,25.43
2026-09-28T20:43:52.763445,7,100.0,13106.0,125.7
2026-09-28T20:43:53.750065,4,82.0,20702.0,335.64
2026-09-28T20:43:53.750065,5,0.0,16520.0,31.46
2026-09-28T20:43:53.750065,6,0.0,9328.0,25.04
2026-09-28T20:43:53.750065,7,100.0,13106.0,125.6
2026-09-28T20:43:54.747130,4,80.0,20702.0,337.24
2026-09-28T20:43:54.747130,5,0.0,16520.0,31.51
2026-09-28T20:43:54.747130,6,0.0,9328.0,24.76
2026-09-28T20:43:54.747130,7,100.0,13106.0,125.06
2026-09-28T20:43:55.745151,4,80.0,20702.0,330.73
2026-09-28T20:43:55.745151,5,0.0,16520.0,31.31
2026-09-28T20:43:55.745151,6,0.0,9328.0,24.6
2026-09-28T20:43:55.745151,7,100.0,13106.0,124.64
2026-09-28T20:43:56.747878,4,80.0,20702.0,332.17
2026-09-28T20:43:56.747878,5,0.0,16520.0,30.91
2026-09-28T20:43:56.747878,6,0.0,9328.0,24.3
2026-09-28T20:43:56.747878,7,100.0,13106.0,124.1
2026-09-28T20:43:57.747049,4,82.0,20702.0,332.63
2026-09-28T20:43:57.747049,5,0.0,16520.0,30.94
2026-09-28T20:43:57.747049,6,0.0,9328.0,24.03
2026-09-28T20:43:57.747049,7,100.0,13106.0,123.54
2026-09-28T20:43:58.771701,4,78.0,20702.0,333.93
2026-09-28T20:43:58.771701,5,0.0,16520.0,31.33
2026-09-28T20:43:58.771701,6,0.0,9328.0,23.76
2026-09-28T20:43:58.771701,7,100.0,13106.0,123.24
2026-09-28T20:43:59.754869,4,84.0,20702.0,335.41
2026-09-28T20:43:59.754869,5,0.0,16520.0,31.05
2026-09-28T20:43:59.754869,6,0.0,9328.0,23.65
2026-09-28T20:43:59.754869,7,100.0,13106.0,122.72
2026-09-28T20:44:00.745606,4,84.0,20702.0,337.9
2026-09-28T20:44:00.745606,5,0.0,16520.0,30.64
2026-09-28T20:44:00.745606,6,0.0,9328.0,23.7
2026-09-28T20:44:00.745606,7,100.0,13106.0,122.98
2026-09-28T20:44:01.751636,4,85.0,20702.0,199.58
2026-09-28T20:44:01.751636,5,0.0,16520.0,30.64
2026-09-28T20:44:01.751636,6,0.0,9328.0,23.7
2026-09-28T20:44:01.751636,7,100.0,13106.0,122.64
2026-09-28T20:44:02.750621,4,83.0,20702.0,338.1
2026-09-28T20:44:02.750621,5,0.0,16520.0,30.5
2026-09-28T20:44:02.750621,6,0.0,9328.0,23.71
2026-09-28T20:44:02.750621,7,100.0,13106.0,122.4
2026-09-28T20:44:03.748927,4,84.0,20702.0,341.94
2026-09-28T20:44:03.748927,5,0.0,16520.0,30.57
2026-09-28T20:44:03.748927,6,0.0,9328.0,23.67
2026-09-28T20:44:03.748927,7,100.0,13106.0,122.06
2026-09-28T20:44:04.750221,4,84.0,20702.0,331.35
2026-09-28T20:44:04.750221,5,0.0,16520.0,30.75
2026-09-28T20:44:04.750221,6,0.0,9328.0,23.56
2026-09-28T20:44:04.750221,7,100.0,13106.0,121.63
2026-09-28T20:44:05.791409,4,85.0,20702.0,320.95
2026-09-28T20:44:05.791409,5,0.0,16520.0,30.65
2026-09-28T20:44:05.791409,6,0.0,9328.0,23.38
2026-09-28T20:44:05.791409,7,100.0,13106.0,121.18
2026-09-28T20:44:06.750674,4,85.0,20702.0,319.93
2026-09-28T20:44:06.750674,5,0.0,16520.0,30.56
2026-09-28T20:44:06.750674,6,0.0,9328.0,23.26
2026-09-28T20:44:06.750674,7,100.0,13106.0,120.47
2026-09-28T20:44:07.748771,4,86.0,20702.0,317.57
2026-09-28T20:44:07.748771,5,0.0,16520.0,30.77
2026-09-28T20:44:07.748771,6,0.0,9328.0,23.26
2026-09-28T20:44:07.748771,7,100.0,13106.0,118.85
2026-09-28T20:44:08.750060,4,88.0,20702.0,309.81
2026-09-28T20:44:08.750060,5,0.0,16520.0,30.88
2026-09-28T20:44:08.750060,6,0.0,9328.0,23.2
2026-09-28T20:44:08.750060,7,100.0,13106.0,118.68
2026-09-28T20:44:09.748432,4,88.0,20702.0,304.95
2026-09-28T20:44:09.748432,5,0.0,16520.0,30.86
2026-09-28T20:44:09.748432,6,0.0,9328.0,23.07
2026-09-28T20:44:09.748432,7,100.0,13106.0,118.64
2026-09-28T20:44:10.746837,4,88.0,20702.0,298.98
2026-09-28T20:44:10.746837,5,0.0,16520.0,30.97
2026-09-28T20:44:10.746837,6,0.0,9328.0,22.98
2026-09-28T20:44:10.746837,7,100.0,13106.0,118.58
2026-09-28T20:44:11.791571,4,89.0,20702.0,298.08
2026-09-28T20:44:11.791571,5,0.0,16520.0,30.9
2026-09-28T20:44:11.791571,6,0.0,9328.0,23.0
2026-09-28T20:44:11.791571,7,100.0,13106.0,118.12
2026-09-28T20:44:12.752027,4,90.0,20702.0,296.56
2026-09-28T20:44:12.752027,5,0.0,16520.0,30.85
2026-09-28T20:44:12.752027,6,0.0,9328.0,23.13
2026-09-28T20:44:12.752027,7,100.0,13106.0,117.88
2026-09-28T20:44:13.749735,4,90.0,20702.0,288.14
2026-09-28T20:44:13.749735,5,0.0,16520.0,30.81
2026-09-28T20:44:13.749735,6,0.0,9328.0,23.14
2026-09-28T20:44:13.749735,7,100.0,13106.0,117.63
2026-09-28T20:44:14.748324,4,90.0,20702.0,285.86
2026-09-28T20:44:14.748324,5,0.0,16520.0,30.79
2026-09-28T20:44:14.748324,6,0.0,9328.0,23.13
2026-09-28T20:44:14.748324,7,100.0,13106.0,117.5
2026-09-28T20:44:15.750100,4,91.0,20702.0,284.69
2026-09-28T20:44:15.750100,5,0.0,16520.0,30.81
2026-09-28T20:44:15.750100,6,0.0,9328.0,23.15
2026-09-28T20:44:15.750100,7,100.0,13106.0,117.56
2026-09-28T20:44:16.747419,4,90.0,20702.0,282.68
2026-09-28T20:44:16.747419,5,0.0,16520.0,30.67
2026-09-28T20:44:16.747419,6,0.0,9328.0,23.1
2026-09-28T20:44:16.747419,7,100.0,13106.0,117.11
2026-09-28T20:44:17.747649,4,90.0,20702.0,279.24
2026-09-28T20:44:17.747649,5,0.0,16520.0,30.63
2026-09-28T20:44:17.747649,6,0.0,9328.0,22.96
2026-09-28T20:44:17.747649,7,100.0,13106.0,116.54
2026-09-28T20:44:18.781761,4,91.0,20702.0,280.08
2026-09-28T20:44:18.781761,5,0.0,16520.0,30.77
2026-09-28T20:44:18.781761,6,0.0,9328.0,22.85
2026-09-28T20:44:18.781761,7,100.0,13106.0,116.29
2026-09-28T20:44:19.748951,4,90.0,20702.0,279.15
2026-09-28T20:44:19.748951,5,0.0,16520.0,30.83
2026-09-28T20:44:19.748951,6,0.0,9328.0,22.87
2026-09-28T20:44:19.748951,7,100.0,13106.0,115.86
2026-09-28T20:44:20.748072,4,90.0,20702.0,277.54
2026-09-28T20:44:20.748072,5,0.0,16520.0,30.8
2026-09-28T20:44:20.748072,6,0.0,9328.0,22.81
2026-09-28T20:44:20.748072,7,100.0,13106.0,115.45
2026-09-28T20:44:21.746754,4,91.0,20702.0,278.52
2026-09-28T20:44:21.746754,5,0.0,16520.0,30.75
2026-09-28T20:44:21.746754,6,0.0,9328.0,22.84
2026-09-28T20:44:21.746754,7,100.0,13106.0,115.71
2026-09-28T20:44:22.744030,4,0.0,20702.0,184.82
2026-09-28T20:44:22.744030,5,0.0,16520.0,30.64
2026-09-28T20:44:22.744030,6,12.0,9328.0,44.48
2026-09-28T20:44:22.744030,7,12.0,13106.0,110.51
2026-09-28T20:44:23.743416,4,0.0,20702.0,120.56
2026-09-28T20:44:23.743416,5,0.0,16520.0,30.83
2026-09-28T20:44:23.743416,6,11.0,9328.0,87.12
2026-09-28T20:44:23.743416,7,12.0,13106.0,107.44
2026-09-28T20:44:24.742445,4,0.0,20702.0,98.89
2026-09-28T20:44:24.742445,5,0.0,16520.0,30.96
2026-09-28T20:44:24.742445,6,12.0,9328.0,85.82
2026-09-28T20:44:24.742445,7,94.0,13106.0,98.65
2026-09-28T20:44:25.757823,4,0.0,20702.0,92.44
2026-09-28T20:44:25.757823,5,0.0,16520.0,30.92
2026-09-28T20:44:25.757823,6,12.0,9328.0,87.51
2026-09-28T20:44:25.757823,7,100.0,13106.0,111.84
2026-09-28T20:44:26.746492,4,0.0,20702.0,86.23
2026-09-28T20:44:26.746492,5,95.0,16520.0,139.92
2026-09-28T20:44:26.746492,6,0.0,9328.0,85.42
2026-09-28T20:44:26.746492,7,100.0,13106.0,114.63
2026-09-28T20:44:27.745813,4,0.0,20702.0,86.08
2026-09-28T20:44:27.745813,5,95.0,16520.0,450.78
2026-09-28T20:44:27.745813,6,0.0,9328.0,82.13
2026-09-28T20:44:27.745813,7,100.0,13106.0,114.36
2026-09-28T20:44:28.743614,4,0.0,20702.0,85.99
2026-09-28T20:44:28.743614,5,95.0,16520.0,448.94
2026-09-28T20:44:28.743614,6,0.0,9328.0,81.33
2026-09-28T20:44:28.743614,7,100.0,13106.0,114.46
2026-09-28T20:44:29.743742,4,0.0,20702.0,85.9
2026-09-28T20:44:29.743742,5,95.0,16520.0,448.5
2026-09-28T20:44:29.743742,6,0.0,9328.0,81.38
2026-09-28T20:44:29.743742,7,100.0,13106.0,114.32
2026-09-28T20:44:30.742827,4,0.0,20702.0,85.69
2026-09-28T20:44:30.742827,5,95.0,16520.0,449.36
2026-09-28T20:44:30.742827,6,0.0,9328.0,81.53
2026-09-28T20:44:30.742827,7,100.0,13106.0,113.94
2026-09-28T20:44:31.753951,4,0.0,20702.0,85.42
2026-09-28T20:44:31.753951,5,99.0,16520.0,449.02
2026-09-28T20:44:31.753951,6,0.0,9328.0,81.42
2026-09-28T20:44:31.753951,7,100.0,13106.0,113.82
2026-09-28T20:44:32.748774,4,0.0,20702.0,85.22
2026-09-28T20:44:32.748774,5,87.0,16520.0,441.53
2026-09-28T20:44:32.748774,6,0.0,9328.0,81.18
2026-09-28T20:44:32.748774,7,100.0,13106.0,113.92
2026-09-28T20:44:33.745997,4,0.0,20702.0,84.98
2026-09-28T20:44:33.745997,5,99.0,16520.0,447.46
2026-09-28T20:44:33.745997,6,0.0,9328.0,81.14
2026-09-28T20:44:33.745997,7,100.0,13106.0,113.89
2026-09-28T20:44:34.748166,4,0.0,20702.0,84.67
2026-09-28T20:44:34.748166,5,96.0,16520.0,446.8
2026-09-28T20:44:34.748166,6,0.0,9328.0,81.29
2026-09-28T20:44:34.748166,7,100.0,13106.0,113.56
2026-09-28T20:44:35.746140,4,0.0,20702.0,84.39
2026-09-28T20:44:35.746140,5,99.0,16520.0,446.95
2026-09-28T20:44:35.746140,6,0.0,9328.0,81.06
2026-09-28T20:44:35.746140,7,100.0,13106.0,113.46
2026-09-28T20:44:36.750193,4,0.0,20702.0,84.13
2026-09-28T20:44:36.750193,5,99.0,16520.0,449.34
2026-09-28T20:44:36.750193,6,0.0,9328.0,80.92
2026-09-28T20:44:36.750193,7,100.0,13106.0,113.23
2026-09-28T20:44:37.746377,4,0.0,20702.0,83.76
2026-09-28T20:44:37.746377,5,100.0,16520.0,448.21
2026-09-28T20:44:37.746377,6,0.0,9328.0,81.11
2026-09-28T20:44:37.746377,7,100.0,13106.0,113.54
2026-09-28T20:44:38.768305,4,0.0,20702.0,83.46
2026-09-28T20:44:38.768305,5,97.0,16520.0,448.02
2026-09-28T20:44:38.768305,6,0.0,9328.0,81.1
2026-09-28T20:44:38.768305,7,100.0,13106.0,113.48
2026-09-28T20:44:39.747490,4,0.0,20702.0,83.12
2026-09-28T20:44:39.747490,5,95.0,16520.0,448.14
2026-09-28T20:44:39.747490,6,0.0,9328.0,81.26
2026-09-28T20:44:39.747490,7,100.0,13106.0,113.23
2026-09-28T20:44:40.747073,4,0.0,20702.0,66.54
2026-09-28T20:44:40.747073,5,99.0,16520.0,448.02
2026-09-28T20:44:40.747073,6,0.0,9328.0,81.55
2026-09-28T20:44:40.747073,7,100.0,13106.0,113.14
2026-09-28T20:44:41.746298,4,0.0,20702.0,40.08
2026-09-28T20:44:41.746298,5,95.0,16520.0,448.26
2026-09-28T20:44:41.746298,6,0.0,9328.0,81.63
2026-09-28T20:44:41.746298,7,100.0,13106.0,113.28
2026-09-28T20:44:42.744764,4,0.0,20702.0,26.33
2026-09-28T20:44:42.744764,5,99.0,16520.0,447.34
2026-09-28T20:44:42.744764,6,0.0,9328.0,81.92
2026-09-28T20:44:42.744764,7,100.0,13106.0,113.1
2026-09-28T20:44:43.747881,4,0.0,20702.0,22.3
2026-09-28T20:44:43.747881,5,95.0,16520.0,449.26
2026-09-28T20:44:43.747881,6,0.0,9328.0,80.35
2026-09-28T20:44:43.747881,7,100.0,13106.0,112.79
2026-09-28T20:44:44.745149,4,0.0,20702.0,21.79
2026-09-28T20:44:44.745149,5,95.0,16520.0,448.04
2026-09-28T20:44:44.745149,6,0.0,9328.0,55.5
2026-09-28T20:44:44.745149,7,100.0,13106.0,112.77
2026-09-28T20:44:45.776093,4,0.0,20702.0,21.7
2026-09-28T20:44:45.776093,5,91.0,16520.0,446.02
2026-09-28T20:44:45.776093,6,0.0,9328.0,28.31
2026-09-28T20:44:45.776093,7,100.0,13106.0,113.12
2026-09-28T20:44:46.751490,4,0.0,20702.0,21.62
2026-09-28T20:44:46.751490,5,95.0,16520.0,448.74
2026-09-28T20:44:46.751490,6,0.0,9328.0,23.36
2026-09-28T20:44:46.751490,7,100.0,13106.0,113.26
2026-09-28T20:44:47.762226,4,0.0,20702.0,21.7
2026-09-28T20:44:47.762226,5,95.0,16520.0,447.72
2026-09-28T20:44:47.762226,6,0.0,9328.0,22.63
2026-09-28T20:44:47.762226,7,100.0,13106.0,113.44
2026-09-28T20:44:48.757248,4,0.0,20702.0,21.69
2026-09-28T20:44:48.757248,5,96.0,16520.0,448.82
2026-09-28T20:44:48.757248,6,0.0,9328.0,22.72
2026-09-28T20:44:48.757248,7,100.0,13106.0,113.47
2026-09-28T20:44:49.758899,4,0.0,20702.0,21.36
2026-09-28T20:44:49.758899,5,98.0,16520.0,449.15
2026-09-28T20:44:49.758899,6,0.0,9328.0,22.79
2026-09-28T20:44:49.758899,7,100.0,13106.0,112.93
2026-09-28T20:44:50.748222,4,0.0,20702.0,21.19
2026-09-28T20:44:50.748222,5,95.0,16520.0,449.35
2026-09-28T20:44:50.748222,6,0.0,9328.0,22.85
2026-09-28T20:44:50.748222,7,100.0,13106.0,112.57
2026-09-28T20:44:51.750201,4,0.0,20702.0,21.17
2026-09-28T20:44:51.750201,5,95.0,16520.0,448.69
2026-09-28T20:44:51.750201,6,0.0,9328.0,22.87
2026-09-28T20:44:51.750201,7,100.0,13106.0,112.88
2026-09-28T20:44:52.798359,4,0.0,20702.0,21.11
2026-09-28T20:44:52.798359,5,96.0,16520.0,447.97
2026-09-28T20:44:52.798359,6,0.0,9328.0,22.8
2026-09-28T20:44:52.798359,7,100.0,13106.0,113.0
2026-09-28T20:44:53.754857,4,0.0,20702.0,20.97
2026-09-28T20:44:53.754857,5,96.0,16520.0,448.85
2026-09-28T20:44:53.754857,6,0.0,9328.0,22.79
2026-09-28T20:44:53.754857,7,100.0,13106.0,112.95
2026-09-28T20:44:54.750144,4,0.0,20702.0,20.71
2026-09-28T20:44:54.750144,5,99.0,16520.0,449.43
2026-09-28T20:44:54.750144,6,0.0,9328.0,22.72
2026-09-28T20:44:54.750144,7,100.0,13106.0,113.04
2026-09-28T20:44:55.748846,4,0.0,20702.0,20.51
2026-09-28T20:44:55.748846,5,99.0,16520.0,450.61
2026-09-28T20:44:55.748846,6,0.0,9328.0,22.53
2026-09-28T20:44:55.748846,7,100.0,13106.0,112.64
2026-09-28T20:44:56.751805,4,0.0,20702.0,20.52
2026-09-28T20:44:56.751805,5,0.0,16520.0,309.35
2026-09-28T20:44:56.751805,6,93.0,9328.0,50.14
2026-09-28T20:44:56.751805,7,79.0,13106.0,153.7
2026-09-28T20:44:57.749791,4,0.0,20702.0,20.61
2026-09-28T20:44:57.749791,5,0.0,16520.0,164.97
2026-09-28T20:44:57.749791,6,97.0,9328.0,373.4
2026-09-28T20:44:57.749791,7,97.0,13106.0,351.77
2026-09-28T20:44:58.750238,4,0.0,20702.0,20.71
2026-09-28T20:44:58.750238,5,0.0,16520.0,119.76
2026-09-28T20:44:58.750238,6,89.0,9328.0,384.61
2026-09-28T20:44:58.750238,7,81.0,13106.0,344.27
2026-09-28T20:44:59.778389,4,0.0,20702.0,20.78
2026-09-28T20:44:59.778389,5,0.0,16520.0,112.45
2026-09-28T20:44:59.778389,6,96.0,9328.0,375.34
2026-09-28T20:44:59.778389,7,97.0,13106.0,342.64
2026-09-28T20:45:00.750051,4,0.0,20702.0,20.75
2026-09-28T20:45:00.750051,5,0.0,16520.0,105.28
2026-09-28T20:45:00.750051,6,93.0,9328.0,386.28
2026-09-28T20:45:00.750051,7,96.0,13106.0,332.78
2026-09-28T20:45:01.754165,4,0.0,20702.0,20.75
2026-09-28T20:45:01.754165,5,0.0,16520.0,105.09
2026-09-28T20:45:01.754165,6,97.0,9328.0,389.16
2026-09-28T20:45:01.754165,7,89.0,13106.0,323.16
2026-09-28T20:45:02.752809,4,0.0,20702.0,20.74
2026-09-28T20:45:02.752809,5,0.0,16520.0,104.4
2026-09-28T20:45:02.752809,6,94.0,9328.0,381.42
2026-09-28T20:45:02.752809,7,97.0,13106.0,341.84
2026-09-28T20:45:03.753489,4,0.0,20702.0,20.68
2026-09-28T20:45:03.753489,5,0.0,16520.0,103.6
2026-09-28T20:45:03.753489,6,83.0,9328.0,372.38
2026-09-28T20:45:03.753489,7,90.0,13106.0,347.52
2026-09-28T20:45:04.750027,4,0.0,20702.0,20.54
2026-09-28T20:45:04.750027,5,0.0,16520.0,103.22
2026-09-28T20:45:04.750027,6,97.0,9328.0,378.29
2026-09-28T20:45:04.750027,7,97.0,13106.0,357.14
2026-09-28T20:45:05.787381,4,0.0,20702.0,20.48
2026-09-28T20:45:05.787381,5,0.0,16520.0,102.78
2026-09-28T20:45:05.787381,6,92.0,9328.0,377.03
2026-09-28T20:45:05.787381,7,81.0,13106.0,357.45
2026-09-28T20:45:06.759387,4,0.0,20702.0,20.43
2026-09-28T20:45:06.759387,5,0.0,16520.0,101.89
2026-09-28T20:45:06.759387,6,96.0,9328.0,389.3
2026-09-28T20:45:06.759387,7,96.0,13106.0,359.61
2026-09-28T20:45:07.749617,4,0.0,20702.0,20.27
2026-09-28T20:45:07.749617,5,0.0,16520.0,100.95
2026-09-28T20:45:07.749617,6,91.0,9328.0,383.8
2026-09-28T20:45:07.749617,7,94.0,13106.0,342.2
2026-09-28T20:45:08.753875,4,0.0,20702.0,20.04
2026-09-28T20:45:08.753875,5,0.0,16520.0,100.34
2026-09-28T20:45:08.753875,6,97.0,9328.0,389.84
2026-09-28T20:45:08.753875,7,93.0,13106.0,339.55
2026-09-28T20:45:09.752260,4,0.0,20702.0,20.03
2026-09-28T20:45:09.752260,5,0.0,16520.0,99.67
2026-09-28T20:45:09.752260,6,93.0,9328.0,381.4
2026-09-28T20:45:09.752260,7,95.0,13106.0,349.17
2026-09-28T20:45:10.750452,4,0.0,20702.0,20.24
2026-09-28T20:45:10.750452,5,0.0,16520.0,98.85
2026-09-28T20:45:10.750452,6,84.0,9328.0,372.95
2026-09-28T20:45:10.750452,7,84.0,13106.0,349.2
2026-09-28T20:45:11.748029,4,0.0,20702.0,20.24
2026-09-28T20:45:11.748029,5,0.0,16520.0,98.55
2026-09-28T20:45:11.748029,6,97.0,9328.0,378.98
2026-09-28T20:45:11.748029,7,96.0,13106.0,364.88
2026-09-28T20:45:12.790094,4,0.0,20702.0,20.14
2026-09-28T20:45:12.790094,5,0.0,16520.0,98.24
2026-09-28T20:45:12.790094,6,93.0,9328.0,376.32
2026-09-28T20:45:12.790094,7,81.0,13106.0,352.01
2026-09-28T20:45:13.752648,4,0.0,20702.0,20.08
2026-09-28T20:45:13.752648,5,0.0,16520.0,92.6
2026-09-28T20:45:13.752648,6,97.0,9328.0,389.1
2026-09-28T20:45:13.752648,7,96.0,13106.0,368.71
2026-09-28T20:45:14.754285,4,0.0,20702.0,20.26
2026-09-28T20:45:14.754285,5,0.0,16520.0,67.42
2026-09-28T20:45:14.754285,6,90.0,9328.0,377.97
2026-09-28T20:45:14.754285,7,95.0,13106.0,350.07
2026-09-28T20:45:15.756539,4,0.0,20702.0,20.47
2026-09-28T20:45:15.756539,5,0.0,16520.0,42.21
2026-09-28T20:45:15.756539,6,97.0,9328.0,391.89
2026-09-28T20:45:15.756539,7,99.0,13106.0,355.63
2026-09-28T20:45:16.755487,4,0.0,20702.0,20.39
2026-09-28T20:45:16.755487,5,0.0,16520.0,36.14
2026-09-28T20:45:16.755487,6,93.0,9328.0,387.76
2026-09-28T20:45:16.755487,7,96.0,13106.0,362.02
2026-09-28T20:45:17.757698,4,0.0,20702.0,20.25
2026-09-28T20:45:17.757698,5,0.0,16520.0,35.2
2026-09-28T20:45:17.757698,6,87.0,9328.0,385.03
2026-09-28T20:45:17.757698,7,85.0,13106.0,359.62
2026-09-28T20:45:18.774138,4,0.0,20702.0,20.12
2026-09-28T20:45:18.774138,5,0.0,16520.0,34.71
2026-09-28T20:45:18.774138,6,95.0,9328.0,410.52
2026-09-28T20:45:18.774138,7,97.0,13106.0,359.71
2026-09-28T20:45:19.757128,4,0.0,20702.0,20.06
2026-09-28T20:45:19.757128,5,0.0,16520.0,33.94
2026-09-28T20:45:19.757128,6,86.0,9328.0,379.16
2026-09-28T20:45:19.757128,7,91.0,13106.0,366.68
2026-09-28T20:45:20.754878,4,0.0,20702.0,20.02
2026-09-28T20:45:20.754878,5,0.0,16520.0,33.57
2026-09-28T20:45:20.754878,6,97.0,9328.0,402.64
2026-09-28T20:45:20.754878,7,95.0,13106.0,361.37
2026-09-28T20:45:21.756090,4,0.0,20702.0,19.9
2026-09-28T20:45:21.756090,5,0.0,16520.0,33.4
2026-09-28T20:45:21.756090,6,93.0,9328.0,396.27
2026-09-28T20:45:21.756090,7,82.0,13106.0,345.14
2026-09-28T20:45:22.754417,4,0.0,20702.0,19.87
2026-09-28T20:45:22.754417,5,0.0,16520.0,32.99
2026-09-28T20:45:22.754417,6,96.0,9328.0,389.16
2026-09-28T20:45:22.754417,7,95.0,13106.0,368.61
2026-09-28T20:45:23.754028,4,0.0,20702.0,19.8
2026-09-28T20:45:23.754028,5,0.0,16520.0,32.73
2026-09-28T20:45:23.754028,6,88.0,9328.0,392.36
2026-09-28T20:45:23.754028,7,92.0,13106.0,348.17
2026-09-28T20:45:24.757788,4,0.0,20702.0,19.7
2026-09-28T20:45:24.757788,5,0.0,16520.0,32.69
2026-09-28T20:45:24.757788,6,96.0,9328.0,384.11
2026-09-28T20:45:24.757788,7,98.0,13106.0,350.17
2026-09-28T20:45:25.793989,4,0.0,20702.0,19.69
2026-09-28T20:45:25.793989,5,0.0,16520.0,32.7
2026-09-28T20:45:25.793989,6,90.0,9328.0,389.7
2026-09-28T20:45:25.793989,7,95.0,13106.0,356.3
2026-09-28T20:45:26.757956,4,0.0,20702.0,19.56
2026-09-28T20:45:26.757956,5,0.0,16520.0,32.68
2026-09-28T20:45:26.757956,6,86.0,9328.0,381.25
2026-09-28T20:45:26.757956,7,82.0,13106.0,357.47
2026-09-28T20:45:27.755402,4,0.0,20702.0,19.5
2026-09-28T20:45:27.755402,5,0.0,16520.0,32.67
2026-09-28T20:45:27.755402,6,95.0,9328.0,397.02
2026-09-28T20:45:27.755402,7,95.0,13106.0,368.91
2026-09-28T20:45:28.758834,4,0.0,20702.0,19.64
2026-09-28T20:45:28.758834,5,0.0,16520.0,32.63
2026-09-28T20:45:28.758834,6,93.0,9328.0,387.5
2026-09-28T20:45:28.758834,7,91.0,13106.0,364.76
2026-09-28T20:45:29.753747,4,0.0,20702.0,19.77
2026-09-28T20:45:29.753747,5,0.0,16520.0,32.54
2026-09-28T20:45:29.753747,6,97.0,9328.0,398.91
2026-09-28T20:45:29.753747,7,98.0,13106.0,364.29
2026-09-28T20:45:30.753810,4,0.0,20702.0,19.66
2026-09-28T20:45:30.753810,5,0.0,16520.0,32.4
2026-09-28T20:45:30.753810,6,91.0,9328.0,406.76
2026-09-28T20:45:30.753810,7,97.0,13106.0,346.54
2026-09-28T20:45:31.776461,4,0.0,20702.0,19.62
2026-09-28T20:45:31.776461,5,0.0,16520.0,32.26
2026-09-28T20:45:31.776461,6,96.0,9328.0,393.68
2026-09-28T20:45:31.776461,7,88.0,13106.0,357.47
2026-09-28T20:45:32.759000,4,0.0,20702.0,19.66
2026-09-28T20:45:32.759000,5,0.0,16520.0,32.35
2026-09-28T20:45:32.759000,6,96.0,9328.0,391.1
2026-09-28T20:45:32.759000,7,95.0,13106.0,355.09
2026-09-28T20:45:33.759422,4,0.0,20702.0,19.54
2026-09-28T20:45:33.759422,5,0.0,16520.0,32.29
2026-09-28T20:45:33.759422,6,82.0,9328.0,389.59
2026-09-28T20:45:33.759422,7,84.0,13106.0,361.61
2026-09-28T20:45:34.757514,4,0.0,20702.0,19.51
2026-09-28T20:45:34.757514,5,0.0,16520.0,31.98
2026-09-28T20:45:34.757514,6,98.0,9328.0,395.97
2026-09-28T20:45:34.757514,7,96.0,13106.0,371.52
2026-09-28T20:45:35.758473,4,0.0,20702.0,19.4
2026-09-28T20:45:35.758473,5,0.0,16520.0,31.81
2026-09-28T20:45:35.758473,6,90.0,9328.0,397.95
2026-09-28T20:45:35.758473,7,80.0,13106.0,364.83
2026-09-28T20:45:36.755032,4,0.0,20702.0,19.45
2026-09-28T20:45:36.755032,5,0.0,16520.0,31.58
2026-09-28T20:45:36.755032,6,96.0,9328.0,396.75
2026-09-28T20:45:36.755032,7,97.0,13106.0,372.58
2026-09-28T20:45:37.754033,4,0.0,20702.0,19.38
2026-09-28T20:45:37.754033,5,0.0,16520.0,31.66
2026-09-28T20:45:37.754033,6,90.0,9328.0,398.37
2026-09-28T20:45:37.754033,7,95.0,13106.0,353.96
2026-09-28T20:45:38.815856,4,0.0,20702.0,19.18
2026-09-28T20:45:38.815856,5,0.0,16520.0,32.02
2026-09-28T20:45:38.815856,6,97.0,9328.0,399.02
2026-09-28T20:45:38.815856,7,89.0,13106.0,349.15
2026-09-28T20:45:39.756080,4,0.0,20702.0,19.36
2026-09-28T20:45:39.756080,5,0.0,16520.0,32.07
2026-09-28T20:45:39.756080,6,95.0,9328.0,397.15
2026-09-28T20:45:39.756080,7,96.0,13106.0,351.29
2026-09-28T20:45:40.757196,4,0.0,20702.0,19.29
2026-09-28T20:45:40.757196,5,0.0,16520.0,31.91
2026-09-28T20:45:40.757196,6,86.0,9328.0,395.94
2026-09-28T20:45:40.757196,7,90.0,13106.0,354.81
2026-09-28T20:45:41.756225,4,0.0,20702.0,19.24
2026-09-28T20:45:41.756225,5,0.0,16520.0,31.78
2026-09-28T20:45:41.756225,6,98.0,9328.0,415.56
2026-09-28T20:45:41.756225,7,97.0,13106.0,361.85
2026-09-28T20:45:42.755823,4,0.0,20702.0,19.46
2026-09-28T20:45:42.755823,5,0.0,16520.0,31.77
2026-09-28T20:45:42.755823,6,93.0,9328.0,392.04
2026-09-28T20:45:42.755823,7,82.0,13106.0,372.02
2026-09-28T20:45:43.756154,4,0.0,20702.0,19.52
2026-09-28T20:45:43.756154,5,0.0,16520.0,31.84
2026-09-28T20:45:43.756154,6,97.0,9328.0,407.51
2026-09-28T20:45:43.756154,7,97.0,13106.0,375.89
2026-09-28T20:45:44.757493,4,0.0,20702.0,19.35
2026-09-28T20:45:44.757493,5,0.0,16520.0,31.84
2026-09-28T20:45:44.757493,6,91.0,9328.0,401.75
2026-09-28T20:45:44.757493,7,84.0,13106.0,370.64
2026-09-28T20:45:45.773601,4,0.0,20702.0,19.24
2026-09-28T20:45:45.773601,5,0.0,16520.0,31.66
2026-09-28T20:45:45.773601,6,97.0,9328.0,406.22
2026-09-28T20:45:45.773601,7,97.0,13106.0,371.51
2026-09-28T20:45:46.755518,4,0.0,20702.0,19.24
2026-09-28T20:45:46.755518,5,0.0,16520.0,31.42
2026-09-28T20:45:46.755518,6,93.0,9328.0,410.24
2026-09-28T20:45:46.755518,7,96.0,13106.0,356.07
2026-09-28T20:45:47.762634,4,0.0,20702.0,19.27
2026-09-28T20:45:47.762634,5,0.0,16520.0,31.23
2026-09-28T20:45:47.762634,6,97.0,9328.0,410.7
2026-09-28T20:45:47.762634,7,90.0,13106.0,361.94
2026-09-28T20:45:48.754908,4,0.0,20702.0,19.19
2026-09-28T20:45:48.754908,5,0.0,16520.0,31.15
2026-09-28T20:45:48.754908,6,94.0,9328.0,407.51
2026-09-28T20:45:48.754908,7,95.0,13106.0,354.43
2026-09-28T20:45:49.762207,4,0.0,20702.0,19.06
2026-09-28T20:45:49.762207,5,0.0,16520.0,31.16
2026-09-28T20:45:49.762207,6,85.0,9328.0,397.5
2026-09-28T20:45:49.762207,7,82.0,13106.0,357.3
2026-09-28T20:45:50.759429,4,0.0,20702.0,19.32
2026-09-28T20:45:50.759429,5,0.0,16520.0,31.26
2026-09-28T20:45:50.759429,6,98.0,9328.0,407.33
2026-09-28T20:45:50.759429,7,97.0,13106.0,365.01
2026-09-28T20:45:51.818213,4,0.0,20702.0,19.56
2026-09-28T20:45:51.818213,5,0.0,16520.0,31.39
2026-09-28T20:45:51.818213,6,84.0,9328.0,414.56
2026-09-28T20:45:51.818213,7,91.0,13106.0,360.26
2026-09-28T20:45:52.758911,4,0.0,20702.0,19.54
2026-09-28T20:45:52.758911,5,0.0,16520.0,31.2
2026-09-28T20:45:52.758911,6,97.0,9328.0,405.58
2026-09-28T20:45:52.758911,7,95.0,13106.0,369.06
2026-09-28T20:45:53.759679,4,0.0,20702.0,19.42
2026-09-28T20:45:53.759679,5,0.0,16520.0,30.99
2026-09-28T20:45:53.759679,6,91.0,9328.0,405.36
2026-09-28T20:45:53.759679,7,83.0,13106.0,363.99
2026-09-28T20:45:54.757377,4,0.0,20702.0,19.33
2026-09-28T20:45:54.757377,5,0.0,16520.0,31.05
2026-09-28T20:45:54.757377,6,96.0,9328.0,404.6
2026-09-28T20:45:54.757377,7,95.0,13106.0,377.25
2026-09-28T20:45:55.757001,4,0.0,20702.0,19.18
2026-09-28T20:45:55.757001,5,0.0,16520.0,31.1
2026-09-28T20:45:55.757001,6,89.0,9328.0,401.71
2026-09-28T20:45:55.757001,7,95.0,13106.0,353.02
2026-09-28T20:45:56.759471,4,0.0,20702.0,19.1
2026-09-28T20:45:56.759471,5,0.0,16520.0,31.19
2026-09-28T20:45:56.759471,6,97.0,9328.0,404.97
2026-09-28T20:45:56.759471,7,94.0,13106.0,357.66
2026-09-28T20:45:57.756883,4,0.0,20702.0,19.22
2026-09-28T20:45:57.756883,5,0.0,16520.0,31.32
2026-09-28T20:45:57.756883,6,93.0,9328.0,404.39
2026-09-28T20:45:57.756883,7,95.0,13106.0,348.97
2026-09-28T20:45:58.774991,4,0.0,20702.0,19.27
2026-09-28T20:45:58.774991,5,0.0,16520.0,31.32
2026-09-28T20:45:58.774991,6,86.0,9328.0,401.77
2026-09-28T20:45:58.774991,7,84.0,13106.0,358.96
2026-09-28T20:45:59.757392,4,0.0,20702.0,19.13
2026-09-28T20:45:59.757392,5,0.0,16520.0,31.14
2026-09-28T20:45:59.757392,6,97.0,9328.0,405.42
2026-09-28T20:45:59.757392,7,95.0,13106.0,369.42
2026-09-28T20:46:00.762141,4,0.0,20702.0,18.92
2026-09-28T20:46:00.762141,5,0.0,16520.0,31.16
2026-09-28T20:46:00.762141,6,93.0,9328.0,401.11
2026-09-28T20:46:00.762141,7,80.0,13106.0,360.74
2026-09-28T20:46:01.755281,4,0.0,20702.0,18.87
2026-09-28T20:46:01.755281,5,0.0,16520.0,31.22
2026-09-28T20:46:01.755281,6,97.0,9328.0,408.42
2026-09-28T20:46:01.755281,7,96.0,13106.0,371.45
2026-09-28T20:46:02.756635,4,0.0,20702.0,18.93
2026-09-28T20:46:02.756635,5,0.0,16520.0,31.17
2026-09-28T20:46:02.756635,6,91.0,9328.0,403.62
2026-09-28T20:46:02.756635,7,92.0,13106.0,361.11
2026-09-28T20:46:03.754038,4,0.0,20702.0,19.08
2026-09-28T20:46:03.754038,5,0.0,16520.0,31.04
2026-09-28T20:46:03.754038,6,97.0,9328.0,411.25
2026-09-28T20:46:03.754038,7,98.0,13106.0,369.45
2026-09-28T20:46:04.790934,4,0.0,20702.0,19.27
2026-09-28T20:46:04.790934,5,0.0,16520.0,30.91
2026-09-28T20:46:04.790934,6,91.0,9328.0,410.79
2026-09-28T20:46:04.790934,7,96.0,13106.0,353.87
2026-09-28T20:46:05.762233,4,0.0,20702.0,19.36
2026-09-28T20:46:05.762233,5,0.0,16520.0,30.98
2026-09-28T20:46:05.762233,6,96.0,9328.0,404.54
2026-09-28T20:46:05.762233,7,88.0,13106.0,352.37
2026-09-28T20:46:06.759464,4,0.0,20702.0,19.18
2026-09-28T20:46:06.759464,5,0.0,16520.0,30.95
2026-09-28T20:46:06.759464,6,93.0,9328.0,412.85
2026-09-28T20:46:06.759464,7,95.0,13106.0,343.2
2026-09-28T20:46:07.761296,4,0.0,20702.0,19.05
2026-09-28T20:46:07.761296,5,0.0,16520.0,30.88
2026-09-28T20:46:07.761296,6,85.0,9328.0,400.65
2026-09-28T20:46:07.761296,7,82.0,13106.0,356.15
2026-09-28T20:46:08.758863,4,0.0,20702.0,19.18
2026-09-28T20:46:08.758863,5,0.0,16520.0,31.01
2026-09-28T20:46:08.758863,6,96.0,9328.0,403.73
2026-09-28T20:46:08.758863,7,96.0,13106.0,364.52
2026-09-28T20:46:09.761822,4,0.0,20702.0,19.21
2026-09-28T20:46:09.761822,5,0.0,16520.0,31.23
2026-09-28T20:46:09.761822,6,91.0,9328.0,400.39
2026-09-28T20:46:09.761822,7,80.0,13106.0,362.68
2026-09-28T20:46:10.761013,4,0.0,20702.0,19.1
2026-09-28T20:46:10.761013,5,0.0,16520.0,30.98
2026-09-28T20:46:10.761013,6,98.0,9328.0,415.35
2026-09-28T20:46:10.761013,7,96.0,13106.0,368.52
2026-09-28T20:46:11.815828,4,0.0,20702.0,19.04
2026-09-28T20:46:11.815828,5,0.0,16520.0,30.68
2026-09-28T20:46:11.815828,6,89.0,9328.0,406.94
2026-09-28T20:46:11.815828,7,79.0,13106.0,364.11
2026-09-28T20:46:12.769506,4,0.0,20702.0,19.03
2026-09-28T20:46:12.769506,5,0.0,16520.0,30.86
2026-09-28T20:46:12.769506,6,97.0,9328.0,405.33
2026-09-28T20:46:12.769506,7,96.0,13106.0,372.59
2026-09-28T20:46:13.761488,4,0.0,20702.0,19.1
2026-09-28T20:46:13.761488,5,0.0,16520.0,30.95
2026-09-28T20:46:13.761488,6,89.0,9328.0,417.02
2026-09-28T20:46:13.761488,7,91.0,13106.0,355.61
2026-09-28T20:46:14.776214,4,0.0,20702.0,19.32
2026-09-28T20:46:14.776214,5,0.0,16520.0,30.74
2026-09-28T20:46:14.776214,6,98.0,9328.0,411.52
2026-09-28T20:46:14.776214,7,98.0,13106.0,364.76
2026-09-28T20:46:15.757329,4,0.0,20702.0,19.28
2026-09-28T20:46:15.757329,5,0.0,16520.0,30.65
2026-09-28T20:46:15.757329,6,91.0,9328.0,407.0
2026-09-28T20:46:15.757329,7,96.0,13106.0,356.77
2026-09-28T20:46:16.775289,4,0.0,20702.0,19.36
2026-09-28T20:46:16.775289,5,0.0,16520.0,30.66
2026-09-28T20:46:16.775289,6,97.0,9328.0,405.67
2026-09-28T20:46:16.775289,7,87.0,13106.0,352.81
2026-09-28T20:46:17.790199,4,0.0,20702.0,19.44
2026-09-28T20:46:17.790199,5,0.0,16520.0,30.66
2026-09-28T20:46:17.790199,6,95.0,9328.0,414.12
2026-09-28T20:46:17.790199,7,96.0,13106.0,351.45
2026-09-28T20:46:18.762090,4,0.0,20702.0,19.38
2026-09-28T20:46:18.762090,5,0.0,16520.0,30.69
2026-09-28T20:46:18.762090,6,39.0,9328.0,386.01
2026-09-28T20:46:18.762090,7,2.0,13106.0,338.12
2026-09-28T20:46:19.754018,4,68.0,20702.0,23.75
2026-09-28T20:46:19.754018,5,0.0,16520.0,30.52
2026-09-28T20:46:19.754018,6,44.0,9328.0,134.33
2026-09-28T20:46:19.754018,7,99.0,13106.0,140.69
2026-09-28T20:46:20.757057,4,97.0,20702.0,368.7
2026-09-28T20:46:20.757057,5,0.0,16520.0,30.3
2026-09-28T20:46:20.757057,6,0.0,9328.0,119.97
2026-09-28T20:46:20.757057,7,100.0,13106.0,139.89
2026-09-28T20:46:21.757601,4,63.0,20702.0,309.36
2026-09-28T20:46:21.757601,5,0.0,16520.0,30.46
2026-09-28T20:46:21.757601,6,0.0,9328.0,111.76
2026-09-28T20:46:21.757601,7,100.0,13106.0,139.02
2026-09-28T20:46:22.758052,4,68.0,20702.0,300.02
2026-09-28T20:46:22.758052,5,0.0,16520.0,30.69
2026-09-28T20:46:22.758052,6,0.0,9328.0,106.0
2026-09-28T20:46:22.758052,7,100.0,13106.0,138.6
2026-09-28T20:46:23.754875,4,70.0,20702.0,302.79
2026-09-28T20:46:23.754875,5,0.0,16520.0,30.61
2026-09-28T20:46:23.754875,6,0.0,9328.0,100.45
2026-09-28T20:46:23.754875,7,100.0,13106.0,137.78
2026-09-28T20:46:24.805592,4,66.0,20702.0,306.2
2026-09-28T20:46:24.805592,5,0.0,16520.0,30.73
2026-09-28T20:46:24.805592,6,0.0,9328.0,100.01
2026-09-28T20:46:24.805592,7,100.0,13106.0,137.9
2026-09-28T20:46:25.758918,4,68.0,20702.0,307.75
2026-09-28T20:46:25.758918,5,0.0,16520.0,30.6
2026-09-28T20:46:25.758918,6,0.0,9328.0,99.34
2026-09-28T20:46:25.758918,7,100.0,13106.0,137.2
2026-09-28T20:46:26.755525,4,65.0,20702.0,308.25
2026-09-28T20:46:26.755525,5,0.0,16520.0,30.46
2026-09-28T20:46:26.755525,6,0.0,9328.0,98.27
2026-09-28T20:46:26.755525,7,100.0,13106.0,136.56
2026-09-28T20:46:27.758953,4,74.0,20702.0,312.58
2026-09-28T20:46:27.758953,5,0.0,16520.0,30.58
2026-09-28T20:46:27.758953,6,0.0,9328.0,96.95
2026-09-28T20:46:27.758953,7,100.0,13106.0,135.83
2026-09-28T20:46:28.757263,4,0.0,20702.0,243.53
2026-09-28T20:46:28.757263,5,0.0,16520.0,30.51
2026-09-28T20:46:28.757263,6,0.0,9328.0,95.69
2026-09-28T20:46:28.757263,7,100.0,13106.0,135.5
2026-09-28T20:46:29.761463,4,75.0,20702.0,249.13
2026-09-28T20:46:29.761463,5,0.0,16520.0,30.73
2026-09-28T20:46:29.761463,6,0.0,9328.0,94.74
2026-09-28T20:46:29.761463,7,100.0,13106.0,134.47
2026-09-28T20:46:30.757387,4,71.0,20702.0,319.94
2026-09-28T20:46:30.757387,5,0.0,16520.0,30.94
2026-09-28T20:46:30.757387,6,0.0,9328.0,93.33
2026-09-28T20:46:30.757387,7,100.0,13106.0,133.53
2026-09-28T20:46:31.823630,4,76.0,20702.0,320.19
2026-09-28T20:46:31.823630,5,0.0,16520.0,30.95
2026-09-28T20:46:31.823630,6,0.0,9328.0,91.62
2026-09-28T20:46:31.823630,7,100.0,13106.0,132.96
2026-09-28T20:46:32.761971,4,76.0,20702.0,322.07
2026-09-28T20:46:32.761971,5,0.0,16520.0,30.78
2026-09-28T20:46:32.761971,6,0.0,9328.0,90.13
2026-09-28T20:46:32.761971,7,100.0,13106.0,131.8
2026-09-28T20:46:33.760715,4,77.0,20702.0,323.64
2026-09-28T20:46:33.760715,5,0.0,16520.0,30.65
2026-09-28T20:46:33.760715,6,0.0,9328.0,88.65
2026-09-28T20:46:33.760715,7,100.0,13106.0,131.19
2026-09-28T20:46:34.766716,4,78.0,20702.0,325.38
2026-09-28T20:46:34.766716,5,0.0,16520.0,30.8
2026-09-28T20:46:34.766716,6,0.0,9328.0,87.22
2026-09-28T20:46:34.766716,7,100.0,13106.0,130.28
2026-09-28T20:46:35.761314,4,78.0,20702.0,327.65
2026-09-28T20:46:35.761314,5,0.0,16520.0,30.77
2026-09-28T20:46:35.761314,6,0.0,9328.0,86.18
2026-09-28T20:46:35.761314,7,100.0,13106.0,129.47
2026-09-28T20:46:36.761997,4,71.0,20702.0,327.53
2026-09-28T20:46:36.761997,5,0.0,16520.0,30.84
2026-09-28T20:46:36.761997,6,0.0,9328.0,74.87
2026-09-28T20:46:36.761997,7,100.0,13106.0,128.92
2026-09-28T20:46:37.787040,4,79.0,20702.0,325.93
2026-09-28T20:46:37.787040,5,0.0,16520.0,30.88
2026-09-28T20:46:37.787040,6,0.0,9328.0,47.07
2026-09-28T20:46:37.787040,7,100.0,13106.0,128.21
2026-09-28T20:46:38.765633,4,75.0,20702.0,328.26
2026-09-28T20:46:38.765633,5,0.0,16520.0,30.66
2026-09-28T20:46:38.765633,6,0.0,9328.0,27.53
2026-09-28T20:46:38.765633,7,100.0,13106.0,127.24
2026-09-28T20:46:39.760368,4,79.0,20702.0,329.04
2026-09-28T20:46:39.760368,5,0.0,16520.0,30.69
2026-09-28T20:46:39.760368,6,0.0,9328.0,24.66
2026-09-28T20:46:39.760368,7,100.0,13106.0,127.01
2026-09-28T20:46:40.764699,4,76.0,20702.0,331.7
2026-09-28T20:46:40.764699,5,0.0,16520.0,30.77
2026-09-28T20:46:40.764699,6,0.0,9328.0,24.41
2026-09-28T20:46:40.764699,7,100.0,13106.0,126.45
2026-09-28T20:46:41.766508,4,80.0,20702.0,332.56
2026-09-28T20:46:41.766508,5,0.0,16520.0,30.63
2026-09-28T20:46:41.766508,6,0.0,9328.0,24.29
2026-09-28T20:46:41.766508,7,100.0,13106.0,126.04
2026-09-28T20:46:42.763913,4,82.0,20702.0,333.76
2026-09-28T20:46:42.763913,5,0.0,16520.0,30.36
2026-09-28T20:46:42.763913,6,0.0,9328.0,24.14
2026-09-28T20:46:42.763913,7,100.0,13106.0,125.63
2026-09-28T20:46:43.766447,4,76.0,20702.0,335.66
2026-09-28T20:46:43.766447,5,0.0,16520.0,30.06
2026-09-28T20:46:43.766447,6,0.0,9328.0,23.82
2026-09-28T20:46:43.766447,7,100.0,13106.0,125.27
2026-09-28T20:46:44.823717,4,0.0,20702.0,252.72
2026-09-28T20:46:44.823717,5,0.0,16520.0,30.09
2026-09-28T20:46:44.823717,6,0.0,9328.0,23.56
2026-09-28T20:46:44.823717,7,100.0,13106.0,124.72
2026-09-28T20:46:45.761902,4,78.0,20702.0,275.57
2026-09-28T20:46:45.761902,5,0.0,16520.0,30.38
2026-09-28T20:46:45.761902,6,0.0,9328.0,23.38
2026-09-28T20:46:45.761902,7,100.0,13106.0,124.48
2026-09-28T20:46:46.764862,4,84.0,20702.0,338.45
2026-09-28T20:46:46.764862,5,0.0,16520.0,30.41
2026-09-28T20:46:46.764862,6,0.0,9328.0,23.36
2026-09-28T20:46:46.764862,7,100.0,13106.0,124.43
2026-09-28T20:46:47.767663,4,81.0,20702.0,332.46
2026-09-28T20:46:47.767663,5,0.0,16520.0,30.37
2026-09-28T20:46:47.767663,6,0.0,9328.0,23.55
2026-09-28T20:46:47.767663,7,100.0,13106.0,123.89
2026-09-28T20:46:48.757934,4,80.0,20702.0,333.3
2026-09-28T20:46:48.757934,5,0.0,16520.0,30.38
2026-09-28T20:46:48.757934,6,0.0,9328.0,23.66
2026-09-28T20:46:48.757934,7,100.0,13106.0,123.24
2026-09-28T20:46:49.759491,4,82.0,20702.0,335.43
2026-09-28T20:46:49.759491,5,0.0,16520.0,30.41
2026-09-28T20:46:49.759491,6,0.0,9328.0,23.53
2026-09-28T20:46:49.759491,7,100.0,13106.0,123.41
2026-09-28T20:46:50.784689,4,82.0,20702.0,336.32
2026-09-28T20:46:50.784689,5,0.0,16520.0,30.38
2026-09-28T20:46:50.784689,6,0.0,9328.0,23.4
2026-09-28T20:46:50.784689,7,100.0,13106.0,122.64
2026-09-28T20:46:51.767476,4,84.0,20702.0,338.59
2026-09-28T20:46:51.767476,5,0.0,16520.0,30.03
2026-09-28T20:46:51.767476,6,0.0,9328.0,23.42
2026-09-28T20:46:51.767476,7,100.0,13106.0,122.43
2026-09-28T20:46:52.762034,4,81.0,20702.0,341.2
2026-09-28T20:46:52.762034,5,0.0,16520.0,29.81
2026-09-28T20:46:52.762034,6,0.0,9328.0,23.42
2026-09-28T20:46:52.762034,7,100.0,13106.0,122.06
2026-09-28T20:46:53.764004,4,85.0,20702.0,338.79
2026-09-28T20:46:53.764004,5,0.0,16520.0,29.97
2026-09-28T20:46:53.764004,6,0.0,9328.0,23.34
2026-09-28T20:46:53.764004,7,100.0,13106.0,121.37
2026-09-28T20:46:54.767295,4,82.0,20702.0,342.8
2026-09-28T20:46:54.767295,5,0.0,16520.0,30.12
2026-09-28T20:46:54.767295,6,0.0,9328.0,23.26
2026-09-28T20:46:54.767295,7,100.0,13106.0,120.73
2026-09-28T20:46:55.763148,4,85.0,20702.0,344.14
2026-09-28T20:46:55.763148,5,0.0,16520.0,30.11
2026-09-28T20:46:55.763148,6,0.0,9328.0,23.37
2026-09-28T20:46:55.763148,7,100.0,13106.0,119.54
2026-09-28T20:46:56.761892,4,85.0,20702.0,342.19
2026-09-28T20:46:56.761892,5,0.0,16520.0,30.16
2026-09-28T20:46:56.761892,6,0.0,9328.0,23.37
2026-09-28T20:46:56.761892,7,100.0,13106.0,118.45
2026-09-28T20:46:57.828751,4,86.0,20702.0,332.76
2026-09-28T20:46:57.828751,5,0.0,16520.0,30.23
2026-09-28T20:46:57.828751,6,0.0,9328.0,23.16
2026-09-28T20:46:57.828751,7,100.0,13106.0,118.61
2026-09-28T20:46:58.768549,4,88.0,20702.0,324.31
2026-09-28T20:46:58.768549,5,0.0,16520.0,30.23
2026-09-28T20:46:58.768549,6,0.0,9328.0,23.11
2026-09-28T20:46:58.768549,7,100.0,13106.0,118.68
2026-09-28T20:46:59.764167,4,87.0,20702.0,329.36
2026-09-28T20:46:59.764167,5,0.0,16520.0,30.21
2026-09-28T20:46:59.764167,6,0.0,9328.0,23.04
2026-09-28T20:46:59.764167,7,100.0,13106.0,118.41
2026-09-28T20:47:00.761621,4,88.0,20702.0,331.88
2026-09-28T20:47:00.761621,5,0.0,16520.0,30.22
2026-09-28T20:47:00.761621,6,0.0,9328.0,23.01
2026-09-28T20:47:00.761621,7,100.0,13106.0,118.22
2026-09-28T20:47:01.766214,4,88.0,20702.0,326.7
2026-09-28T20:47:01.766214,5,0.0,16520.0,30.07
2026-09-28T20:47:01.766214,6,0.0,9328.0,23.13
2026-09-28T20:47:01.766214,7,100.0,13106.0,117.7
2026-09-28T20:47:02.766207,4,88.0,20702.0,321.41
2026-09-28T20:47:02.766207,5,0.0,16520.0,29.9
2026-09-28T20:47:02.766207,6,0.0,9328.0,23.12
2026-09-28T20:47:02.766207,7,100.0,13106.0,117.65
2026-09-28T20:47:03.782962,4,88.0,20702.0,314.12
2026-09-28T20:47:03.782962,5,0.0,16520.0,30.07
2026-09-28T20:47:03.782962,6,0.0,9328.0,22.98
2026-09-28T20:47:03.782962,7,100.0,13106.0,117.51
2026-09-28T20:47:04.766123,4,89.0,20702.0,305.67
2026-09-28T20:47:04.766123,5,0.0,16520.0,30.39
2026-09-28T20:47:04.766123,6,0.0,9328.0,22.91
2026-09-28T20:47:04.766123,7,100.0,13106.0,117.14
2026-09-28T20:47:05.765643,4,89.0,20702.0,297.69
2026-09-28T20:47:05.765643,5,0.0,16520.0,30.42
2026-09-28T20:47:05.765643,6,0.0,9328.0,22.88
2026-09-28T20:47:05.765643,7,100.0,13106.0,117.18
2026-09-28T20:47:06.761758,4,90.0,20702.0,281.76
2026-09-28T20:47:06.761758,5,0.0,16520.0,30.23
2026-09-28T20:47:06.761758,6,0.0,9328.0,23.01
2026-09-28T20:47:06.761758,7,100.0,13106.0,116.92
2026-09-28T20:47:07.762121,4,90.0,20702.0,277.15
2026-09-28T20:47:07.762121,5,0.0,16520.0,30.16
2026-09-28T20:47:07.762121,6,0.0,9328.0,23.2
2026-09-28T20:47:07.762121,7,100.0,13106.0,116.64
2026-09-28T20:47:08.761898,4,90.0,20702.0,277.37
2026-09-28T20:47:08.761898,5,0.0,16520.0,29.93
2026-09-28T20:47:08.761898,6,0.0,9328.0,23.22
2026-09-28T20:47:08.761898,7,100.0,13106.0,115.81
2026-09-28T20:47:09.762336,4,90.0,20702.0,274.33
2026-09-28T20:47:09.762336,5,0.0,16520.0,29.74
2026-09-28T20:47:09.762336,6,0.0,9328.0,23.2
2026-09-28T20:47:09.762336,7,100.0,13106.0,115.48
2026-09-28T20:47:10.814809,4,91.0,20702.0,292.27
2026-09-28T20:47:10.814809,5,0.0,16520.0,29.88
2026-09-28T20:47:10.814809,6,0.0,9328.0,23.27
2026-09-28T20:47:10.814809,7,100.0,13106.0,115.47
2026-09-28T20:47:11.764959,4,91.0,20702.0,300.62
2026-09-28T20:47:11.764959,5,0.0,16520.0,30.18
2026-09-28T20:47:11.764959,6,0.0,9328.0,23.38
2026-09-28T20:47:11.764959,7,100.0,13106.0,115.22
2026-09-28T20:47:12.759187,4,91.0,20702.0,300.66
2026-09-28T20:47:12.759187,5,0.0,16520.0,30.4
2026-09-28T20:47:12.759187,6,0.0,9328.0,23.28
2026-09-28T20:47:12.759187,7,100.0,13106.0,115.35
2026-09-28T20:47:13.757402,4,0.0,20702.0,158.09
2026-09-28T20:47:13.757402,5,0.0,16520.0,30.32
2026-09-28T20:47:13.757402,6,12.0,9328.0,45.52
2026-09-28T20:47:13.757402,7,12.0,13106.0,109.64
2026-09-28T20:47:14.757952,4,0.0,20702.0,122.35
2026-09-28T20:47:14.757952,5,0.0,16520.0,30.28
2026-09-28T20:47:14.757952,6,11.0,9328.0,86.01
2026-09-28T20:47:14.757952,7,12.0,13106.0,106.46
2026-09-28T20:47:15.755229,4,0.0,20702.0,102.49
2026-09-28T20:47:15.755229,5,0.0,16520.0,30.21
2026-09-28T20:47:15.755229,6,11.0,9328.0,84.92
2026-09-28T20:47:15.755229,7,100.0,13106.0,94.39
2026-09-28T20:47:16.757722,4,0.0,20702.0,95.48
2026-09-28T20:47:16.757722,5,0.0,16520.0,30.09
2026-09-28T20:47:16.757722,6,12.0,9328.0,86.51
2026-09-28T20:47:16.757722,7,100.0,13106.0,111.85
2026-09-28T20:47:17.794607,4,0.0,20702.0,88.17
2026-09-28T20:47:17.794607,5,99.0,16520.0,182.55
2026-09-28T20:47:17.794607,6,0.0,9328.0,84.18
2026-09-28T20:47:17.794607,7,100.0,13106.0,113.38
2026-09-28T20:47:18.758744,4,0.0,20702.0,87.6
2026-09-28T20:47:18.758744,5,99.0,16520.0,450.38
2026-09-28T20:47:18.758744,6,0.0,9328.0,81.75
2026-09-28T20:47:18.758744,7,100.0,13106.0,113.42
2026-09-28T20:47:19.756746,4,0.0,20702.0,87.38
2026-09-28T20:47:19.756746,5,95.0,16520.0,449.37
2026-09-28T20:47:19.756746,6,0.0,9328.0,80.79
2026-09-28T20:47:19.756746,7,100.0,13106.0,113.48
2026-09-28T20:47:20.757485,4,0.0,20702.0,87.05
2026-09-28T20:47:20.757485,5,95.0,16520.0,449.96
2026-09-28T20:47:20.757485,6,0.0,9328.0,80.53
2026-09-28T20:47:20.757485,7,100.0,13106.0,113.62
2026-09-28T20:47:21.759412,4,0.0,20702.0,86.5
2026-09-28T20:47:21.759412,5,96.0,16520.0,448.83
2026-09-28T20:47:21.759412,6,0.0,9328.0,80.42
2026-09-28T20:47:21.759412,7,100.0,13106.0,113.45
2026-09-28T20:47:22.758284,4,0.0,20702.0,85.88
2026-09-28T20:47:22.758284,5,96.0,16520.0,449.47
2026-09-28T20:47:22.758284,6,0.0,9328.0,80.56
2026-09-28T20:47:22.758284,7,100.0,13106.0,113.6
2026-09-28T20:47:23.757078,4,0.0,20702.0,85.49
2026-09-28T20:47:23.757078,5,99.0,16520.0,448.6
2026-09-28T20:47:23.757078,6,0.0,9328.0,80.53
2026-09-28T20:47:23.757078,7,100.0,13106.0,113.19
2026-09-28T20:47:24.775102,4,0.0,20702.0,85.12
2026-09-28T20:47:24.775102,5,95.0,16520.0,448.91
2026-09-28T20:47:24.775102,6,0.0,9328.0,80.35
2026-09-28T20:47:24.775102,7,100.0,13106.0,112.8
2026-09-28T20:47:25.755873,4,0.0,20702.0,84.69
2026-09-28T20:47:25.755873,5,96.0,16520.0,447.88
2026-09-28T20:47:25.755873,6,0.0,9328.0,80.21
2026-09-28T20:47:25.755873,7,100.0,13106.0,112.94
2026-09-28T20:47:26.760943,4,0.0,20702.0,84.3
2026-09-28T20:47:26.760943,5,95.0,16520.0,447.22
2026-09-28T20:47:26.760943,6,0.0,9328.0,80.06
2026-09-28T20:47:26.760943,7,100.0,13106.0,113.22
2026-09-28T20:47:27.760298,4,0.0,20702.0,83.8
2026-09-28T20:47:27.760298,5,96.0,16520.0,449.35
2026-09-28T20:47:27.760298,6,0.0,9328.0,80.01
2026-09-28T20:47:27.760298,7,100.0,13106.0,113.33
2026-09-28T20:47:28.760497,4,0.0,20702.0,83.28
2026-09-28T20:47:28.760497,5,94.0,16520.0,446.22
2026-09-28T20:47:28.760497,6,0.0,9328.0,80.02
2026-09-28T20:47:28.760497,7,100.0,13106.0,113.25
2026-09-28T20:47:29.758909,4,0.0,20702.0,82.79
2026-09-28T20:47:29.758909,5,95.0,16520.0,448.65
2026-09-28T20:47:29.758909,6,0.0,9328.0,79.91
2026-09-28T20:47:29.758909,7,100.0,13106.0,112.99
2026-09-28T20:47:30.763031,4,0.0,20702.0,69.88
2026-09-28T20:47:30.763031,5,94.0,16520.0,447.96
2026-09-28T20:47:30.763031,6,0.0,9328.0,79.96
2026-09-28T20:47:30.763031,7,100.0,13106.0,113.04
2026-09-28T20:47:31.777714,4,0.0,20702.0,43.08
2026-09-28T20:47:31.777714,5,96.0,16520.0,448.15
2026-09-28T20:47:31.777714,6,0.0,9328.0,80.07
2026-09-28T20:47:31.777714,7,100.0,13106.0,113.17
2026-09-28T20:47:32.763735,4,0.0,20702.0,25.44
2026-09-28T20:47:32.763735,5,99.0,16520.0,448.72
2026-09-28T20:47:32.763735,6,0.0,9328.0,79.97
2026-09-28T20:47:32.763735,7,100.0,13106.0,113.06
2026-09-28T20:47:33.768559,4,0.0,20702.0,21.79
2026-09-28T20:47:33.768559,5,99.0,16520.0,449.07
2026-09-28T20:47:33.768559,6,0.0,9328.0,79.72
2026-09-28T20:47:33.768559,7,100.0,13106.0,112.75
2026-09-28T20:47:34.761152,4,0.0,20702.0,21.49
2026-09-28T20:47:34.761152,5,95.0,16520.0,448.85
2026-09-28T20:47:34.761152,6,0.0,9328.0,79.65
2026-09-28T20:47:34.761152,7,100.0,13106.0,112.78
2026-09-28T20:47:35.778226,4,0.0,20702.0,21.2
2026-09-28T20:47:35.778226,5,96.0,16520.0,447.93
2026-09-28T20:47:35.778226,6,0.0,9328.0,57.84
2026-09-28T20:47:35.778226,7,100.0,13106.0,112.82
2026-09-28T20:47:36.763244,4,0.0,20702.0,21.2
2026-09-28T20:47:36.763244,5,94.0,16520.0,447.54
2026-09-28T20:47:36.763244,6,0.0,9328.0,30.16
2026-09-28T20:47:36.763244,7,100.0,13106.0,112.47
2026-09-28T20:47:37.805145,4,0.0,20702.0,21.29
2026-09-28T20:47:37.805145,5,95.0,16520.0,448.76
2026-09-28T20:47:37.805145,6,0.0,9328.0,23.39
2026-09-28T20:47:37.805145,7,100.0,13106.0,112.53
2026-09-28T20:47:38.767735,4,0.0,20702.0,21.28
2026-09-28T20:47:38.767735,5,96.0,16520.0,448.55
2026-09-28T20:47:38.767735,6,0.0,9328.0,22.43
2026-09-28T20:47:38.767735,7,100.0,13106.0,112.57
2026-09-28T20:47:39.764244,4,0.0,20702.0,21.25
2026-09-28T20:47:39.764244,5,96.0,16520.0,448.55
2026-09-28T20:47:39.764244,6,0.0,9328.0,22.53
2026-09-28T20:47:39.764244,7,100.0,13106.0,112.53
2026-09-28T20:47:40.761907,4,0.0,20702.0,21.19
2026-09-28T20:47:40.761907,5,96.0,16520.0,449.69
2026-09-28T20:47:40.761907,6,0.0,9328.0,22.63
2026-09-28T20:47:40.761907,7,100.0,13106.0,112.61
2026-09-28T20:47:41.762496,4,0.0,20702.0,21.11
2026-09-28T20:47:41.762496,5,95.0,16520.0,448.98
2026-09-28T20:47:41.762496,6,0.0,9328.0,22.75
2026-09-28T20:47:41.762496,7,100.0,13106.0,112.77
2026-09-28T20:47:42.763528,4,0.0,20702.0,21.1
2026-09-28T20:47:42.763528,5,99.0,16520.0,450.48
2026-09-28T20:47:42.763528,6,0.0,9328.0,22.81
2026-09-28T20:47:42.763528,7,100.0,13106.0,112.88
2026-09-28T20:47:43.763048,4,0.0,20702.0,20.96
2026-09-28T20:47:43.763048,5,99.0,16520.0,451.05
2026-09-28T20:47:43.763048,6,0.0,9328.0,22.84
2026-09-28T20:47:43.763048,7,100.0,13106.0,112.84
2026-09-28T20:47:44.818252,4,0.0,20702.0,20.68
2026-09-28T20:47:44.818252,5,96.0,16520.0,449.09
2026-09-28T20:47:44.818252,6,0.0,9328.0,22.78
2026-09-28T20:47:44.818252,7,100.0,13106.0,112.87
2026-09-28T20:47:45.764794,4,0.0,20702.0,20.49
2026-09-28T20:47:45.764794,5,95.0,16520.0,450.06
2026-09-28T20:47:45.764794,6,0.0,9328.0,22.58
2026-09-28T20:47:45.764794,7,100.0,13106.0,112.76
2026-09-28T20:47:46.766835,4,0.0,20702.0,20.44
2026-09-28T20:47:46.766835,5,93.0,16520.0,449.02
2026-09-28T20:47:46.766835,6,0.0,9328.0,22.42
2026-09-28T20:47:46.766835,7,100.0,13106.0,112.58
2026-09-28T20:47:47.767555,4,0.0,20702.0,20.35
2026-09-28T20:47:47.767555,5,0.0,16520.0,363.44
2026-09-28T20:47:47.767555,6,62.0,9328.0,33.87
2026-09-28T20:47:47.767555,7,78.0,13106.0,134.97
2026-09-28T20:47:48.762406,4,0.0,20702.0,20.21
2026-09-28T20:47:48.762406,5,0.0,16520.0,155.01
2026-09-28T20:47:48.762406,6,97.0,9328.0,376.74
2026-09-28T20:47:48.762406,7,94.0,13106.0,301.61
2026-09-28T20:47:49.763098,4,0.0,20702.0,20.28
2026-09-28T20:47:49.763098,5,0.0,16520.0,118.87
2026-09-28T20:47:49.763098,6,87.0,9328.0,380.1
2026-09-28T20:47:49.763098,7,98.0,13106.0,258.52
2026-09-28T20:47:50.765048,4,0.0,20702.0,20.25
2026-09-28T20:47:50.765048,5,0.0,16520.0,111.05
2026-09-28T20:47:50.765048,6,84.0,9328.0,375.32
2026-09-28T20:47:50.765048,7,82.0,13106.0,273.39
2026-09-28T20:47:51.780294,4,0.0,20702.0,20.02
2026-09-28T20:47:51.780294,5,0.0,16520.0,103.38
2026-09-28T20:47:51.780294,6,96.0,9328.0,380.29
2026-09-28T20:47:51.780294,7,95.0,13106.0,302.37
2026-09-28T20:47:52.764410,4,0.0,20702.0,20.02
2026-09-28T20:47:52.764410,5,0.0,16520.0,103.37
2026-09-28T20:47:52.764410,6,88.0,9328.0,392.68
2026-09-28T20:47:52.764410,7,98.0,13106.0,271.12
2026-09-28T20:47:53.766826,4,0.0,20702.0,20.17
2026-09-28T20:47:53.766826,5,0.0,16520.0,103.28
2026-09-28T20:47:53.766826,6,85.0,9328.0,377.34
2026-09-28T20:47:53.766826,7,80.0,13106.0,271.35
2026-09-28T20:47:54.763171,4,0.0,20702.0,20.26
2026-09-28T20:47:54.763171,5,0.0,16520.0,102.69
2026-09-28T20:47:54.763171,6,96.0,9328.0,384.33
2026-09-28T20:47:54.763171,7,94.0,13106.0,288.98
2026-09-28T20:47:55.766930,4,0.0,20702.0,20.27
2026-09-28T20:47:55.766930,5,0.0,16520.0,101.88
2026-09-28T20:47:55.766930,6,93.0,9328.0,384.62
2026-09-28T20:47:55.766930,7,97.0,13106.0,271.11
2026-09-28T20:47:56.765485,4,0.0,20702.0,20.18
2026-09-28T20:47:56.765485,5,0.0,16520.0,101.2
2026-09-28T20:47:56.765485,6,85.0,9328.0,386.2
2026-09-28T20:47:56.765485,7,77.0,13106.0,281.06
2026-09-28T20:47:57.806586,4,0.0,20702.0,20.11
2026-09-28T20:47:57.806586,5,0.0,16520.0,100.43
2026-09-28T20:47:57.806586,6,96.0,9328.0,394.32
2026-09-28T20:47:57.806586,7,96.0,13106.0,295.08
2026-09-28T20:47:58.768782,4,0.0,20702.0,20.33
2026-09-28T20:47:58.768782,5,0.0,16520.0,99.62
2026-09-28T20:47:58.768782,6,90.0,9328.0,394.95
2026-09-28T20:47:58.768782,7,97.0,13106.0,266.99
2026-09-28T20:47:59.769396,4,0.0,20702.0,20.45
2026-09-28T20:47:59.769396,5,0.0,16520.0,98.98
2026-09-28T20:47:59.769396,6,85.0,9328.0,382.17
2026-09-28T20:47:59.769396,7,78.0,13106.0,277.35
2026-09-28T20:48:00.766074,4,0.0,20702.0,20.31
2026-09-28T20:48:00.766074,5,0.0,16520.0,98.16
2026-09-28T20:48:00.766074,6,96.0,9328.0,392.87
2026-09-28T20:48:00.766074,7,96.0,13106.0,299.77
2026-09-28T20:48:01.765922,4,0.0,20702.0,20.2
2026-09-28T20:48:01.765922,5,0.0,16520.0,97.42
2026-09-28T20:48:01.765922,6,91.0,9328.0,393.36
2026-09-28T20:48:01.765922,7,96.0,13106.0,274.34
2026-09-28T20:48:02.766932,4,0.0,20702.0,20.2
2026-09-28T20:48:02.766932,5,0.0,16520.0,97.01
2026-09-28T20:48:02.766932,6,84.0,9328.0,391.2
2026-09-28T20:48:02.766932,7,76.0,13106.0,274.61
2026-09-28T20:48:03.765160,4,0.0,20702.0,20.21
2026-09-28T20:48:03.765160,5,0.0,16520.0,96.43
2026-09-28T20:48:03.765160,6,96.0,9328.0,387.34
2026-09-28T20:48:03.765160,7,96.0,13106.0,297.74
2026-09-28T20:48:04.806152,4,0.0,20702.0,20.08
2026-09-28T20:48:04.806152,5,0.0,16520.0,87.6
2026-09-28T20:48:04.806152,6,91.0,9328.0,394.33
2026-09-28T20:48:04.806152,7,96.0,13106.0,273.97
2026-09-28T20:48:05.768818,4,0.0,20702.0,20.15
2026-09-28T20:48:05.768818,5,0.0,16520.0,62.58
2026-09-28T20:48:05.768818,6,83.0,9328.0,394.4
2026-09-28T20:48:05.768818,7,79.0,13106.0,281.05
2026-09-28T20:48:06.767759,4,0.0,20702.0,20.2
2026-09-28T20:48:06.767759,5,0.0,16520.0,40.24
2026-09-28T20:48:06.767759,6,96.0,9328.0,387.13
2026-09-28T20:48:06.767759,7,97.0,13106.0,307.14
2026-09-28T20:48:07.767246,4,0.0,20702.0,20.09
2026-09-28T20:48:07.767246,5,0.0,16520.0,34.37
2026-09-28T20:48:07.767246,6,91.0,9328.0,380.58
2026-09-28T20:48:07.767246,7,95.0,13106.0,282.24
2026-09-28T20:48:08.768799,4,0.0,20702.0,20.01
2026-09-28T20:48:08.768799,5,0.0,16520.0,33.98
2026-09-28T20:48:08.768799,6,85.0,9328.0,384.41
2026-09-28T20:48:08.768799,7,77.0,13106.0,288.87
2026-09-28T20:48:09.772506,4,0.0,20702.0,19.84
2026-09-28T20:48:09.772506,5,0.0,16520.0,33.5
2026-09-28T20:48:09.772506,6,96.0,9328.0,391.83
2026-09-28T20:48:09.772506,7,97.0,13106.0,289.36
2026-09-28T20:48:10.806769,4,0.0,20702.0,19.78
2026-09-28T20:48:10.806769,5,0.0,16520.0,32.98
2026-09-28T20:48:10.806769,6,93.0,9328.0,383.41
2026-09-28T20:48:10.806769,7,93.0,13106.0,271.58
2026-09-28T20:48:11.771664,4,0.0,20702.0,20.0
2026-09-28T20:48:11.771664,5,0.0,16520.0,32.67
2026-09-28T20:48:11.771664,6,91.0,9328.0,393.04
2026-09-28T20:48:11.771664,7,77.0,13106.0,284.55
2026-09-28T20:48:12.774969,4,0.0,20702.0,20.3
2026-09-28T20:48:12.774969,5,0.0,16520.0,32.46
2026-09-28T20:48:12.774969,6,97.0,9328.0,394.99
2026-09-28T20:48:12.774969,7,98.0,13106.0,291.93
2026-09-28T20:48:13.767278,4,0.0,20702.0,20.34
2026-09-28T20:48:13.767278,5,0.0,16520.0,32.22
2026-09-28T20:48:13.767278,6,94.0,9328.0,387.22
2026-09-28T20:48:13.767278,7,93.0,13106.0,270.91
2026-09-28T20:48:14.768720,4,0.0,20702.0,20.25
2026-09-28T20:48:14.768720,5,0.0,16520.0,32.13
2026-09-28T20:48:14.768720,6,94.0,9328.0,387.9
2026-09-28T20:48:14.768720,7,77.0,13106.0,290.67
2026-09-28T20:48:15.777867,4,0.0,20702.0,20.2
2026-09-28T20:48:15.777867,5,0.0,16520.0,32.22
2026-09-28T20:48:15.777867,6,97.0,9328.0,413.0
2026-09-28T20:48:15.777867,7,98.0,13106.0,284.72
2026-09-28T20:48:16.767372,4,0.0,20702.0,20.0
2026-09-28T20:48:16.767372,5,0.0,16520.0,32.52
2026-09-28T20:48:16.767372,6,94.0,9328.0,396.18
2026-09-28T20:48:16.767372,7,94.0,13106.0,271.48
2026-09-28T20:48:17.816518,4,0.0,20702.0,19.74
2026-09-28T20:48:17.816518,5,0.0,16520.0,32.64
2026-09-28T20:48:17.816518,6,91.0,9328.0,391.17
2026-09-28T20:48:17.816518,7,76.0,13106.0,286.32
2026-09-28T20:48:18.774806,4,0.0,20702.0,19.62
2026-09-28T20:48:18.774806,5,0.0,16520.0,32.31
2026-09-28T20:48:18.774806,6,97.0,9328.0,405.45
2026-09-28T20:48:18.774806,7,99.0,13106.0,292.61
2026-09-28T20:48:19.770337,4,0.0,20702.0,19.73
2026-09-28T20:48:19.770337,5,0.0,16520.0,31.85
2026-09-28T20:48:19.770337,6,95.0,9328.0,398.43
2026-09-28T20:48:19.770337,7,95.0,13106.0,276.18
2026-09-28T20:48:20.778877,4,0.0,20702.0,19.78
2026-09-28T20:48:20.778877,5,0.0,16520.0,31.69
2026-09-28T20:48:20.778877,6,93.0,9328.0,395.72
2026-09-28T20:48:20.778877,7,76.0,13106.0,296.63
2026-09-28T20:48:21.772043,4,0.0,20702.0,19.66
2026-09-28T20:48:21.772043,5,0.0,16520.0,31.53
2026-09-28T20:48:21.772043,6,96.0,9328.0,408.25
2026-09-28T20:48:21.772043,7,97.0,13106.0,275.44
2026-09-28T20:48:22.770656,4,0.0,20702.0,19.61
2026-09-28T20:48:22.770656,5,0.0,16520.0,31.49
2026-09-28T20:48:22.770656,6,93.0,9328.0,396.25
2026-09-28T20:48:22.770656,7,93.0,13106.0,271.94
2026-09-28T20:48:23.790149,4,0.0,20702.0,19.56
2026-09-28T20:48:23.790149,5,0.0,16520.0,31.67
2026-09-28T20:48:23.790149,6,90.0,9328.0,394.68
2026-09-28T20:48:23.790149,7,78.0,13106.0,288.02
2026-09-28T20:48:24.775353,4,0.0,20702.0,19.67
2026-09-28T20:48:24.775353,5,0.0,16520.0,31.8
2026-09-28T20:48:24.775353,6,96.0,9328.0,397.47
2026-09-28T20:48:24.775353,7,100.0,13106.0,278.46
2026-09-28T20:48:25.770126,4,0.0,20702.0,19.79
2026-09-28T20:48:25.770126,5,0.0,16520.0,31.77
2026-09-28T20:48:25.770126,6,94.0,9328.0,400.47
2026-09-28T20:48:25.770126,7,93.0,13106.0,279.94
2026-09-28T20:48:26.772451,4,0.0,20702.0,19.79
2026-09-28T20:48:26.772451,5,0.0,16520.0,31.63
2026-09-28T20:48:26.772451,6,93.0,9328.0,405.7
2026-09-28T20:48:26.772451,7,76.0,13106.0,290.04
2026-09-28T20:48:27.775541,4,0.0,20702.0,19.73
2026-09-28T20:48:27.775541,5,0.0,16520.0,31.53
2026-09-28T20:48:27.775541,6,97.0,9328.0,412.03
2026-09-28T20:48:27.775541,7,99.0,13106.0,290.1
2026-09-28T20:48:28.769585,4,0.0,20702.0,19.61
2026-09-28T20:48:28.769585,5,0.0,16520.0,31.52
2026-09-28T20:48:28.769585,6,94.0,9328.0,406.18
2026-09-28T20:48:28.769585,7,94.0,13106.0,277.9
2026-09-28T20:48:29.769021,4,0.0,20702.0,19.54
2026-09-28T20:48:29.769021,5,0.0,16520.0,31.55
2026-09-28T20:48:29.769021,6,92.0,9328.0,401.68
2026-09-28T20:48:29.769021,7,79.0,13106.0,283.29
2026-09-28T20:48:30.814659,4,0.0,20702.0,19.39
2026-09-28T20:48:30.814659,5,0.0,16520.0,31.59
2026-09-28T20:48:30.814659,6,96.0,9328.0,403.51
2026-09-28T20:48:30.814659,7,99.0,13106.0,301.88
2026-09-28T20:48:31.774369,4,0.0,20702.0,19.41
2026-09-28T20:48:31.774369,5,0.0,16520.0,31.67
2026-09-28T20:48:31.774369,6,92.0,9328.0,414.33
2026-09-28T20:48:31.774369,7,97.0,13106.0,265.16
2026-09-28T20:48:32.772461,4,0.0,20702.0,19.32
2026-09-28T20:48:32.772461,5,0.0,16520.0,31.56
2026-09-28T20:48:32.772461,6,84.0,9328.0,406.36
2026-09-28T20:48:32.772461,7,73.0,13106.0,277.57
2026-09-28T20:48:33.771859,4,0.0,20702.0,19.1
2026-09-28T20:48:33.771859,5,0.0,16520.0,31.59
2026-09-28T20:48:33.771859,6,96.0,9328.0,398.96
2026-09-28T20:48:33.771859,7,95.0,13106.0,298.11
2026-09-28T20:48:34.771224,4,0.0,20702.0,19.12
2026-09-28T20:48:34.771224,5,0.0,16520.0,31.58
2026-09-28T20:48:34.771224,6,93.0,9328.0,408.79
2026-09-28T20:48:34.771224,7,97.0,13106.0,275.29
2026-09-28T20:48:35.773605,4,0.0,20702.0,19.34
2026-09-28T20:48:35.773605,5,0.0,16520.0,31.36
2026-09-28T20:48:35.773605,6,85.0,9328.0,407.07
2026-09-28T20:48:35.773605,7,76.0,13106.0,278.01
2026-09-28T20:48:36.794490,4,0.0,20702.0,19.4
2026-09-28T20:48:36.794490,5,0.0,16520.0,31.34
2026-09-28T20:48:36.794490,6,97.0,9328.0,408.76
2026-09-28T20:48:36.794490,7,94.0,13106.0,297.63
2026-09-28T20:48:37.772568,4,0.0,20702.0,19.43
2026-09-28T20:48:37.772568,5,0.0,16520.0,31.26
2026-09-28T20:48:37.772568,6,87.0,9328.0,407.72
2026-09-28T20:48:37.772568,7,98.0,13106.0,278.56
2026-09-28T20:48:38.773107,4,0.0,20702.0,19.67
2026-09-28T20:48:38.773107,5,0.0,16520.0,31.29
2026-09-28T20:48:38.773107,6,84.0,9328.0,395.99
2026-09-28T20:48:38.773107,7,82.0,13106.0,296.61
2026-09-28T20:48:39.774327,4,0.0,20702.0,19.78
2026-09-28T20:48:39.774327,5,0.0,16520.0,31.35
2026-09-28T20:48:39.774327,6,96.0,9328.0,401.93
2026-09-28T20:48:39.774327,7,94.0,13106.0,301.7
2026-09-28T20:48:40.771197,4,0.0,20702.0,19.55
2026-09-28T20:48:40.771197,5,0.0,16520.0,31.32
2026-09-28T20:48:40.771197,6,90.0,9328.0,403.04
2026-09-28T20:48:40.771197,7,98.0,13106.0,272.29
2026-09-28T20:48:41.771836,4,0.0,20702.0,19.35
2026-09-28T20:48:41.771836,5,0.0,16520.0,31.28
2026-09-28T20:48:41.771836,6,85.0,9328.0,397.02
2026-09-28T20:48:41.771836,7,78.0,13106.0,280.3
2026-09-28T20:48:42.771798,4,0.0,20702.0,19.25
2026-09-28T20:48:42.771798,5,0.0,16520.0,31.21
2026-09-28T20:48:42.771798,6,96.0,9328.0,406.71
2026-09-28T20:48:42.771798,7,94.0,13106.0,302.05
2026-09-28T20:48:43.847271,4,0.0,20702.0,19.17
2026-09-28T20:48:43.847271,5,0.0,16520.0,31.2
2026-09-28T20:48:43.847271,6,91.0,9328.0,405.02
2026-09-28T20:48:43.847271,7,97.0,13106.0,274.28
2026-09-28T20:48:44.772679,4,0.0,20702.0,19.34
2026-09-28T20:48:44.772679,5,0.0,16520.0,31.2
2026-09-28T20:48:44.772679,6,84.0,9328.0,401.45
2026-09-28T20:48:44.772679,7,77.0,13106.0,285.24
2026-09-28T20:48:45.778209,4,0.0,20702.0,19.27
2026-09-28T20:48:45.778209,5,0.0,16520.0,31.23
2026-09-28T20:48:45.778209,6,96.0,9328.0,403.38
2026-09-28T20:48:45.778209,7,95.0,13106.0,299.12
2026-09-28T20:48:46.773059,4,0.0,20702.0,19.15
2026-09-28T20:48:46.773059,5,0.0,16520.0,31.33
2026-09-28T20:48:46.773059,6,91.0,9328.0,400.48
2026-09-28T20:48:46.773059,7,96.0,13106.0,286.25
2026-09-28T20:48:47.773212,4,0.0,20702.0,18.98
2026-09-28T20:48:47.773212,5,0.0,16520.0,31.33
2026-09-28T20:48:47.773212,6,83.0,9328.0,406.64
2026-09-28T20:48:47.773212,7,77.0,13106.0,295.5
2026-09-28T20:48:48.778295,4,0.0,20702.0,18.91
2026-09-28T20:48:48.778295,5,0.0,16520.0,31.26
2026-09-28T20:48:48.778295,6,96.0,9328.0,400.5
2026-09-28T20:48:48.778295,7,97.0,13106.0,297.07
2026-09-28T20:48:49.785547,4,0.0,20702.0,19.02
2026-09-28T20:48:49.785547,5,0.0,16520.0,31.11
2026-09-28T20:48:49.785547,6,91.0,9328.0,403.56
2026-09-28T20:48:49.785547,7,95.0,13106.0,276.51
2026-09-28T20:48:50.776078,4,0.0,20702.0,18.87
2026-09-28T20:48:50.776078,5,0.0,16520.0,30.88
2026-09-28T20:48:50.776078,6,85.0,9328.0,401.88
2026-09-28T20:48:50.776078,7,77.0,13106.0,284.36
2026-09-28T20:48:51.778984,4,0.0,20702.0,18.98
2026-09-28T20:48:51.778984,5,0.0,16520.0,30.68
2026-09-28T20:48:51.778984,6,96.0,9328.0,411.66
2026-09-28T20:48:51.778984,7,96.0,13106.0,297.65
2026-09-28T20:48:52.784220,4,0.0,20702.0,19.34
2026-09-28T20:48:52.784220,5,0.0,16520.0,30.69
2026-09-28T20:48:52.784220,6,90.0,9328.0,400.34
2026-09-28T20:48:52.784220,7,95.0,13106.0,276.43
2026-09-28T20:48:53.772833,4,0.0,20702.0,19.32
2026-09-28T20:48:53.772833,5,0.0,16520.0,30.83
2026-09-28T20:48:53.772833,6,83.0,9328.0,401.48
2026-09-28T20:48:53.772833,7,78.0,13106.0,287.52
2026-09-28T20:48:54.792238,4,0.0,20702.0,19.25
2026-09-28T20:48:54.792238,5,0.0,16520.0,30.96
2026-09-28T20:48:54.792238,6,97.0,9328.0,410.38
2026-09-28T20:48:54.792238,7,97.0,13106.0,304.47
2026-09-28T20:48:55.771287,4,0.0,20702.0,19.28
2026-09-28T20:48:55.771287,5,0.0,16520.0,31.13
2026-09-28T20:48:55.771287,6,91.0,9328.0,410.79
2026-09-28T20:48:55.771287,7,96.0,13106.0,274.98
2026-09-28T20:48:56.829015,4,0.0,20702.0,19.24
2026-09-28T20:48:56.829015,5,0.0,16520.0,31.11
2026-09-28T20:48:56.829015,6,85.0,9328.0,413.18
2026-09-28T20:48:56.829015,7,75.0,13106.0,286.84
2026-09-28T20:48:57.774190,4,0.0,20702.0,19.31
2026-09-28T20:48:57.774190,5,0.0,16520.0,31.08
2026-09-28T20:48:57.774190,6,96.0,9328.0,403.93
2026-09-28T20:48:57.774190,7,95.0,13106.0,312.5
2026-09-28T20:48:58.773568,4,0.0,20702.0,19.34
2026-09-28T20:48:58.773568,5,0.0,16520.0,31.23
2026-09-28T20:48:58.773568,6,92.0,9328.0,407.29
2026-09-28T20:48:58.773568,7,97.0,13106.0,289.25
2026-09-28T20:48:59.772320,4,0.0,20702.0,19.35
2026-09-28T20:48:59.772320,5,0.0,16520.0,31.3
2026-09-28T20:48:59.772320,6,85.0,9328.0,406.93
2026-09-28T20:48:59.772320,7,76.0,13106.0,295.44
2026-09-28T20:49:00.778839,4,0.0,20702.0,19.25
2026-09-28T20:49:00.778839,5,0.0,16520.0,31.22
2026-09-28T20:49:00.778839,6,96.0,9328.0,408.21
2026-09-28T20:49:00.778839,7,96.0,13106.0,295.98
2026-09-28T20:49:01.774238,4,0.0,20702.0,19.18
2026-09-28T20:49:01.774238,5,0.0,16520.0,31.23
2026-09-28T20:49:01.774238,6,89.0,9328.0,405.23
2026-09-28T20:49:01.774238,7,96.0,13106.0,277.93
2026-09-28T20:49:02.773961,4,0.0,20702.0,19.16
2026-09-28T20:49:02.773961,5,0.0,16520.0,31.3
2026-09-28T20:49:02.773961,6,83.0,9328.0,401.88
2026-09-28T20:49:02.773961,7,77.0,13106.0,290.73
2026-09-28T20:49:03.796062,4,0.0,20702.0,19.0
2026-09-28T20:49:03.796062,5,0.0,16520.0,31.3
2026-09-28T20:49:03.796062,6,96.0,9328.0,402.89
2026-09-28T20:49:03.796062,7,98.0,13106.0,306.83
2026-09-28T20:49:04.772474,4,0.0,20702.0,18.86
2026-09-28T20:49:04.772474,5,0.0,16520.0,31.25
2026-09-28T20:49:04.772474,6,0.0,9328.0,346.16
2026-09-28T20:49:04.772474,7,0.0,13106.0,219.76
2026-09-28T20:49:05.771256,4,95.0,20702.0,115.06
2026-09-28T20:49:05.771256,5,0.0,16520.0,31.31
2026-09-28T20:49:05.771256,6,0.0,9328.0,124.58
2026-09-28T20:49:05.771256,7,100.0,13106.0,126.47
2026-09-28T20:49:06.769968,4,64.0,20702.0,397.47
2026-09-28T20:49:06.769968,5,0.0,16520.0,31.47
2026-09-28T20:49:06.769968,6,0.0,9328.0,118.97
2026-09-28T20:49:06.769968,7,100.0,13106.0,127.48
2026-09-28T20:49:07.773476,4,68.0,20702.0,298.69
2026-09-28T20:49:07.773476,5,0.0,16520.0,31.61
2026-09-28T20:49:07.773476,6,0.0,9328.0,101.77
2026-09-28T20:49:07.773476,7,100.0,13106.0,126.98
2026-09-28T20:49:08.774267,4,66.0,20702.0,302.03
2026-09-28T20:49:08.774267,5,0.0,16520.0,31.35
2026-09-28T20:49:08.774267,6,0.0,9328.0,100.02
2026-09-28T20:49:08.774267,7,100.0,13106.0,126.69
2026-09-28T20:49:09.810210,4,72.0,20702.0,306.55
2026-09-28T20:49:09.810210,5,0.0,16520.0,31.08
2026-09-28T20:49:09.810210,6,0.0,9328.0,99.29
2026-09-28T20:49:09.810210,7,100.0,13106.0,126.34
2026-09-28T20:49:10.774782,4,68.0,20702.0,307.22
2026-09-28T20:49:10.774782,5,0.0,16520.0,31.17
2026-09-28T20:49:10.774782,6,0.0,9328.0,98.81
2026-09-28T20:49:10.774782,7,100.0,13106.0,125.97
2026-09-28T20:49:11.774691,4,0.0,20702.0,282.61
2026-09-28T20:49:11.774691,5,0.0,16520.0,31.26
2026-09-28T20:49:11.774691,6,0.0,9328.0,98.36
2026-09-28T20:49:11.774691,7,100.0,13106.0,125.5
2026-09-28T20:49:12.769685,4,69.0,20702.0,204.45
2026-09-28T20:49:12.769685,5,0.0,16520.0,31.15
2026-09-28T20:49:12.769685,6,0.0,9328.0,97.62
2026-09-28T20:49:12.769685,7,100.0,13106.0,125.05
2026-09-28T20:49:13.770301,4,76.0,20702.0,314.83
2026-09-28T20:49:13.770301,5,0.0,16520.0,30.92
2026-09-28T20:49:13.770301,6,0.0,9328.0,96.59
2026-09-28T20:49:13.770301,7,100.0,13106.0,124.96
2026-09-28T20:49:14.775325,4,74.0,20702.0,313.24
2026-09-28T20:49:14.775325,5,0.0,16520.0,30.81
2026-09-28T20:49:14.775325,6,0.0,9328.0,95.29
2026-09-28T20:49:14.775325,7,100.0,13106.0,124.85
2026-09-28T20:49:15.775744,4,74.0,20702.0,315.17
2026-09-28T20:49:15.775744,5,0.0,16520.0,30.8
2026-09-28T20:49:15.775744,6,0.0,9328.0,93.99
2026-09-28T20:49:15.775744,7,100.0,13106.0,124.3
2026-09-28T20:49:16.816546,4,74.0,20702.0,317.43
2026-09-28T20:49:16.816546,5,0.0,16520.0,30.98
2026-09-28T20:49:16.816546,6,0.0,9328.0,92.8
2026-09-28T20:49:16.816546,7,100.0,13106.0,123.6
2026-09-28T20:49:17.774619,4,75.0,20702.0,321.22
2026-09-28T20:49:17.774619,5,0.0,16520.0,30.91
2026-09-28T20:49:17.774619,6,0.0,9328.0,91.38
2026-09-28T20:49:17.774619,7,100.0,13106.0,123.17
2026-09-28T20:49:18.776584,4,76.0,20702.0,322.06
2026-09-28T20:49:18.776584,5,0.0,16520.0,30.82
2026-09-28T20:49:18.776584,6,0.0,9328.0,89.47
2026-09-28T20:49:18.776584,7,100.0,13106.0,122.77
2026-09-28T20:49:19.772288,4,77.0,20702.0,326.56
2026-09-28T20:49:19.772288,5,0.0,16520.0,30.99
2026-09-28T20:49:19.772288,6,0.0,9328.0,87.74
2026-09-28T20:49:19.772288,7,100.0,13106.0,122.51
2026-09-28T20:49:20.770855,4,78.0,20702.0,328.51
2026-09-28T20:49:20.770855,5,0.0,16520.0,31.19
2026-09-28T20:49:20.770855,6,0.0,9328.0,86.84
2026-09-28T20:49:20.770855,7,100.0,13106.0,122.05
2026-09-28T20:49:21.775344,4,79.0,20702.0,330.7
2026-09-28T20:49:21.775344,5,0.0,16520.0,31.33
2026-09-28T20:49:21.775344,6,0.0,9328.0,86.17
2026-09-28T20:49:21.775344,7,100.0,13106.0,122.06
2026-09-28T20:49:22.791703,4,79.0,20702.0,330.01
2026-09-28T20:49:22.791703,5,0.0,16520.0,31.19
2026-09-28T20:49:22.791703,6,0.0,9328.0,85.28
2026-09-28T20:49:22.791703,7,100.0,13106.0,121.7
2026-09-28T20:49:23.784536,4,81.0,20702.0,323.51
2026-09-28T20:49:23.784536,5,0.0,16520.0,30.87
2026-09-28T20:49:23.784536,6,0.0,9328.0,62.73
2026-09-28T20:49:23.784536,7,100.0,13106.0,121.81
2026-09-28T20:49:24.774610,4,81.0,20702.0,325.25
2026-09-28T20:49:24.774610,5,0.0,16520.0,30.81
2026-09-28T20:49:24.774610,6,0.0,9328.0,33.92
2026-09-28T20:49:24.774610,7,100.0,13106.0,121.59
2026-09-28T20:49:25.779587,4,81.0,20702.0,327.36
2026-09-28T20:49:25.779587,5,0.0,16520.0,30.97
2026-09-28T20:49:25.779587,6,0.0,9328.0,26.04
2026-09-28T20:49:25.779587,7,100.0,13106.0,121.33
2026-09-28T20:49:26.779682,4,80.0,20702.0,328.31
2026-09-28T20:49:26.779682,5,0.0,16520.0,30.99
2026-09-28T20:49:26.779682,6,0.0,9328.0,24.75
2026-09-28T20:49:26.779682,7,100.0,13106.0,121.23
2026-09-28T20:49:27.778075,4,82.0,20702.0,331.3
2026-09-28T20:49:27.778075,5,0.0,16520.0,30.89
2026-09-28T20:49:27.778075,6,0.0,9328.0,24.49
2026-09-28T20:49:27.778075,7,100.0,13106.0,120.69
2026-09-28T20:49:28.776023,4,83.0,20702.0,332.25
2026-09-28T20:49:28.776023,5,0.0,16520.0,31.0
2026-09-28T20:49:28.776023,6,0.0,9328.0,24.23
2026-09-28T20:49:28.776023,7,100.0,13106.0,120.27
2026-09-28T20:49:29.832917,4,83.0,20702.0,334.12
2026-09-28T20:49:29.832917,5,0.0,16520.0,31.16
2026-09-28T20:49:29.832917,6,0.0,9328.0,24.12
2026-09-28T20:49:29.832917,7,100.0,13106.0,119.62
2026-09-28T20:49:30.775685,4,82.0,20702.0,332.95
2026-09-28T20:49:30.775685,5,0.0,16520.0,31.2
2026-09-28T20:49:30.775685,6,0.0,9328.0,24.09
2026-09-28T20:49:30.775685,7,100.0,13106.0,118.85
2026-09-28T20:49:31.779269,4,84.0,20702.0,316.27
2026-09-28T20:49:31.779269,5,0.0,16520.0,31.33
2026-09-28T20:49:31.779269,6,0.0,9328.0,23.97
2026-09-28T20:49:31.779269,7,100.0,13106.0,118.03
2026-09-28T20:49:32.775778,4,83.0,20702.0,311.15
2026-09-28T20:49:32.775778,5,0.0,16520.0,31.31
2026-09-28T20:49:32.775778,6,0.0,9328.0,23.84
2026-09-28T20:49:32.775778,7,100.0,13106.0,118.42
2026-09-28T20:49:33.774896,4,0.0,20702.0,243.62
2026-09-28T20:49:33.774896,5,0.0,16520.0,31.19
2026-09-28T20:49:33.774896,6,0.0,9328.0,23.74
2026-09-28T20:49:33.774896,7,100.0,13106.0,118.61
2026-09-28T20:49:34.776276,4,84.0,20702.0,243.03
2026-09-28T20:49:34.776276,5,0.0,16520.0,31.03
2026-09-28T20:49:34.776276,6,0.0,9328.0,23.68
2026-09-28T20:49:34.776276,7,100.0,13106.0,118.38
2026-09-28T20:49:35.792522,4,86.0,20702.0,318.38
2026-09-28T20:49:35.792522,5,0.0,16520.0,30.64
2026-09-28T20:49:35.792522,6,0.0,9328.0,23.63
2026-09-28T20:49:35.792522,7,100.0,13106.0,117.99
2026-09-28T20:49:36.784614,4,86.0,20702.0,317.66
2026-09-28T20:49:36.784614,5,0.0,16520.0,30.43
2026-09-28T20:49:36.784614,6,0.0,9328.0,23.6
2026-09-28T20:49:36.784614,7,100.0,13106.0,117.71
2026-09-28T20:49:37.778965,4,87.0,20702.0,317.44
2026-09-28T20:49:37.778965,5,0.0,16520.0,30.53
2026-09-28T20:49:37.778965,6,0.0,9328.0,23.55
2026-09-28T20:49:37.778965,7,100.0,13106.0,117.41
2026-09-28T20:49:38.777527,4,86.0,20702.0,315.93
2026-09-28T20:49:38.777527,5,0.0,16520.0,30.6
2026-09-28T20:49:38.777527,6,0.0,9328.0,23.45
2026-09-28T20:49:38.777527,7,100.0,13106.0,117.36
2026-09-28T20:49:39.776864,4,88.0,20702.0,307.24
2026-09-28T20:49:39.776864,5,0.0,16520.0,30.67
2026-09-28T20:49:39.776864,6,0.0,9328.0,23.42
2026-09-28T20:49:39.776864,7,100.0,13106.0,117.28
2026-09-28T20:49:40.778631,4,89.0,20702.0,299.07
2026-09-28T20:49:40.778631,5,0.0,16520.0,30.81
2026-09-28T20:49:40.778631,6,0.0,9328.0,23.44
2026-09-28T20:49:40.778631,7,100.0,13106.0,116.77
2026-09-28T20:49:41.778318,4,88.0,20702.0,294.29
2026-09-28T20:49:41.778318,5,0.0,16520.0,30.99
2026-09-28T20:49:41.778318,6,0.0,9328.0,23.37
2026-09-28T20:49:41.778318,7,100.0,13106.0,116.62
2026-09-28T20:49:42.842304,4,89.0,20702.0,296.02
2026-09-28T20:49:42.842304,5,0.0,16520.0,30.93
2026-09-28T20:49:42.842304,6,0.0,9328.0,23.31
2026-09-28T20:49:42.842304,7,100.0,13106.0,116.4
2026-09-28T20:49:43.775012,4,89.0,20702.0,296.4
2026-09-28T20:49:43.775012,5,0.0,16520.0,30.79
2026-09-28T20:49:43.775012,6,0.0,9328.0,23.33
2026-09-28T20:49:43.775012,7,100.0,13106.0,115.76
2026-09-28T20:49:44.773615,4,89.0,20702.0,291.22
2026-09-28T20:49:44.773615,5,0.0,16520.0,30.81
2026-09-28T20:49:44.773615,6,0.0,9328.0,23.23
2026-09-28T20:49:44.773615,7,100.0,13106.0,115.31
2026-09-28T20:49:45.777698,4,90.0,20702.0,283.62
2026-09-28T20:49:45.777698,5,0.0,16520.0,30.72
2026-09-28T20:49:45.777698,6,0.0,9328.0,23.14
2026-09-28T20:49:45.777698,7,100.0,13106.0,115.53
2026-09-28T20:49:46.778121,4,90.0,20702.0,281.46
2026-09-28T20:49:46.778121,5,0.0,16520.0,30.63
2026-09-28T20:49:46.778121,6,0.0,9328.0,23.2
2026-09-28T20:49:46.778121,7,100.0,13106.0,115.39
2026-09-28T20:49:47.776750,4,90.0,20702.0,276.01
2026-09-28T20:49:47.776750,5,0.0,16520.0,30.72
2026-09-28T20:49:47.776750,6,0.0,9328.0,23.25
2026-09-28T20:49:47.776750,7,100.0,13106.0,115.0
2026-09-28T20:49:48.785985,4,91.0,20702.0,271.36
2026-09-28T20:49:48.785985,5,0.0,16520.0,30.76
2026-09-28T20:49:48.785985,6,0.0,9328.0,23.2
2026-09-28T20:49:48.785985,7,100.0,13106.0,114.93
2026-09-28T20:49:49.785236,4,91.0,20702.0,269.06
2026-09-28T20:49:49.785236,5,0.0,16520.0,30.59
2026-09-28T20:49:49.785236,6,0.0,9328.0,23.16
2026-09-28T20:49:49.785236,7,100.0,13106.0,114.79
2026-09-28T20:49:50.778333,4,91.0,20702.0,292.55
2026-09-28T20:49:50.778333,5,0.0,16520.0,30.47
2026-09-28T20:49:50.778333,6,0.0,9328.0,23.16
2026-09-28T20:49:50.778333,7,100.0,13106.0,114.83
2026-09-28T20:49:51.772279,4,0.0,20702.0,231.27
2026-09-28T20:49:51.772279,5,0.0,16520.0,30.55
2026-09-28T20:49:51.772279,6,11.0,9328.0,39.56
2026-09-28T20:49:51.772279,7,11.0,13106.0,112.19
2026-09-28T20:49:52.771673,4,0.0,20702.0,125.5
2026-09-28T20:49:52.771673,5,0.0,16520.0,30.8
2026-09-28T20:49:52.771673,6,1.0,9328.0,86.36
2026-09-28T20:49:52.771673,7,11.0,13106.0,106.46
2026-09-28T20:49:53.773038,4,0.0,20702.0,97.14
2026-09-28T20:49:53.773038,5,0.0,16520.0,30.91
2026-09-28T20:49:53.773038,6,12.0,9328.0,86.14
2026-09-28T20:49:53.773038,7,12.0,13106.0,95.99
2026-09-28T20:49:54.773856,4,0.0,20702.0,90.79
2026-09-28T20:49:54.773856,5,0.0,16520.0,30.67
2026-09-28T20:49:54.773856,6,12.0,9328.0,87.52
2026-09-28T20:49:54.773856,7,12.0,13106.0,92.12
2026-09-28T20:49:55.797148,4,0.0,20702.0,84.39
2026-09-28T20:49:55.797148,5,92.0,16520.0,187.42
2026-09-28T20:49:55.797148,6,0.0,9328.0,93.78
2026-09-28T20:49:55.797148,7,100.0,13106.0,97.98
2026-09-28T20:49:56.773697,4,0.0,20702.0,84.06
2026-09-28T20:49:56.773697,5,99.0,16520.0,448.05
2026-09-28T20:49:56.773697,6,0.0,9328.0,96.48
2026-09-28T20:49:56.773697,7,100.0,13106.0,113.68
2026-09-28T20:49:57.776448,4,0.0,20702.0,83.75
2026-09-28T20:49:57.776448,5,99.0,16520.0,450.2
2026-09-28T20:49:57.776448,6,0.0,9328.0,92.3
2026-09-28T20:49:57.776448,7,100.0,13106.0,113.46
2026-09-28T20:49:58.773571,4,0.0,20702.0,83.61
2026-09-28T20:49:58.773571,5,96.0,16520.0,449.24
2026-09-28T20:49:58.773571,6,0.0,9328.0,86.45
2026-09-28T20:49:58.773571,7,100.0,13106.0,113.65
2026-09-28T20:49:59.773037,4,0.0,20702.0,83.62
2026-09-28T20:49:59.773037,5,95.0,16520.0,447.39
2026-09-28T20:49:59.773037,6,0.0,9328.0,80.88
2026-09-28T20:49:59.773037,7,100.0,13106.0,113.51
2026-09-28T20:50:00.772351,4,0.0,20702.0,83.26
2026-09-28T20:50:00.772351,5,95.0,16520.0,440.35
2026-09-28T20:50:00.772351,6,0.0,9328.0,81.02
2026-09-28T20:50:00.772351,7,100.0,13106.0,113.61
2026-09-28T20:50:01.778816,4,0.0,20702.0,82.76
2026-09-28T20:50:01.778816,5,95.0,16520.0,449.94
2026-09-28T20:50:01.778816,6,0.0,9328.0,80.96
2026-09-28T20:50:01.778816,7,100.0,13106.0,113.4
2026-09-28T20:50:02.820274,4,0.0,20702.0,82.46
2026-09-28T20:50:02.820274,5,93.0,16520.0,448.23
2026-09-28T20:50:02.820274,6,0.0,9328.0,80.88
2026-09-28T20:50:02.820274,7,100.0,13106.0,113.24
2026-09-28T20:50:03.774245,4,0.0,20702.0,82.26
2026-09-28T20:50:03.774245,5,99.0,16520.0,449.1
2026-09-28T20:50:03.774245,6,0.0,9328.0,80.75
2026-09-28T20:50:03.774245,7,100.0,13106.0,113.53
2026-09-28T20:50:04.772543,4,0.0,20702.0,82.19
2026-09-28T20:50:04.772543,5,99.0,16520.0,451.11
2026-09-28T20:50:04.772543,6,0.0,9328.0,80.45
2026-09-28T20:50:04.772543,7,100.0,13106.0,113.3
2026-09-28T20:50:05.773124,4,0.0,20702.0,82.32
2026-09-28T20:50:05.773124,5,95.0,16520.0,449.82
2026-09-28T20:50:05.773124,6,0.0,9328.0,80.5
2026-09-28T20:50:05.773124,7,100.0,13106.0,113.49
2026-09-28T20:50:06.780766,4,0.0,20702.0,82.33
2026-09-28T20:50:06.780766,5,96.0,16520.0,447.75
2026-09-28T20:50:06.780766,6,0.0,9328.0,80.86
2026-09-28T20:50:06.780766,7,100.0,13106.0,113.23
2026-09-28T20:50:07.771901,4,0.0,20702.0,82.11
2026-09-28T20:50:07.771901,5,96.0,16520.0,447.21
2026-09-28T20:50:07.771901,6,0.0,9328.0,80.92
2026-09-28T20:50:07.771901,7,100.0,13106.0,113.12
2026-09-28T20:50:08.777661,4,0.0,20702.0,81.93
2026-09-28T20:50:08.777661,5,95.0,16520.0,448.86
2026-09-28T20:50:08.777661,6,0.0,9328.0,80.72
2026-09-28T20:50:08.777661,7,100.0,13106.0,112.8
2026-09-28T20:50:09.830357,4,0.0,20702.0,60.95
2026-09-28T20:50:09.830357,5,95.0,16520.0,447.31
2026-09-28T20:50:09.830357,6,0.0,9328.0,80.61
2026-09-28T20:50:09.830357,7,100.0,13106.0,112.42
2026-09-28T20:50:10.775828,4,0.0,20702.0,31.31
2026-09-28T20:50:10.775828,5,95.0,16520.0,448.46
2026-09-28T20:50:10.775828,6,0.0,9328.0,80.81
2026-09-28T20:50:10.775828,7,100.0,13106.0,112.58
2026-09-28T20:50:11.776477,4,0.0,20702.0,21.99
2026-09-28T20:50:11.776477,5,99.0,16520.0,448.19
2026-09-28T20:50:11.776477,6,0.0,9328.0,80.98
2026-09-28T20:50:11.776477,7,100.0,13106.0,112.41
2026-09-28T20:50:12.778104,4,0.0,20702.0,21.26
2026-09-28T20:50:12.778104,5,89.0,16520.0,445.4
2026-09-28T20:50:12.778104,6,0.0,9328.0,80.89
2026-09-28T20:50:12.778104,7,100.0,13106.0,112.64
2026-09-28T20:50:13.778348,4,0.0,20702.0,21.12
2026-09-28T20:50:13.778348,5,96.0,16520.0,446.11
2026-09-28T20:50:13.778348,6,0.0,9328.0,57.36
2026-09-28T20:50:13.778348,7,100.0,13106.0,112.87
2026-09-28T20:50:14.778349,4,0.0,20702.0,20.94
2026-09-28T20:50:14.778349,5,96.0,16520.0,446.58
2026-09-28T20:50:14.778349,6,0.0,9328.0,28.39
2026-09-28T20:50:14.778349,7,100.0,13106.0,112.91
2026-09-28T20:50:15.780326,4,0.0,20702.0,20.84
2026-09-28T20:50:15.780326,5,96.0,16520.0,446.61
2026-09-28T20:50:15.780326,6,0.0,9328.0,23.05
2026-09-28T20:50:15.780326,7,100.0,13106.0,113.02
2026-09-28T20:50:16.818795,4,0.0,20702.0,20.95
2026-09-28T20:50:16.818795,5,95.0,16520.0,446.92
2026-09-28T20:50:16.818795,6,0.0,9328.0,23.08
2026-09-28T20:50:16.818795,7,100.0,13106.0,112.87
2026-09-28T20:50:17.785280,4,0.0,20702.0,20.91
2026-09-28T20:50:17.785280,5,96.0,16520.0,448.95
2026-09-28T20:50:17.785280,6,0.0,9328.0,23.06
2026-09-28T20:50:17.785280,7,100.0,13106.0,112.61
2026-09-28T20:50:18.778377,4,0.0,20702.0,20.78
2026-09-28T20:50:18.778377,5,95.0,16520.0,448.3
2026-09-28T20:50:18.778377,6,0.0,9328.0,23.04
2026-09-28T20:50:18.778377,7,100.0,13106.0,112.8
2026-09-28T20:50:19.800479,4,0.0,20702.0,20.8
2026-09-28T20:50:19.800479,5,95.0,16520.0,447.3
2026-09-28T20:50:19.800479,6,0.0,9328.0,22.97
2026-09-28T20:50:19.800479,7,100.0,13106.0,112.79
2026-09-28T20:50:20.782403,4,0.0,20702.0,20.6
2026-09-28T20:50:20.782403,5,95.0,16520.0,448.59
2026-09-28T20:50:20.782403,6,0.0,9328.0,23.08
2026-09-28T20:50:20.782403,7,100.0,13106.0,113.08
2026-09-28T20:50:21.793524,4,0.0,20702.0,20.51
2026-09-28T20:50:21.793524,5,0.0,16520.0,267.96
2026-09-28T20:50:21.793524,6,95.0,9328.0,93.12
2026-09-28T20:50:21.793524,7,98.0,13106.0,212.57
2026-09-28T20:50:22.798221,4,0.0,20702.0,20.6
2026-09-28T20:50:22.798221,5,0.0,16520.0,153.39
2026-09-28T20:50:22.798221,6,91.0,9328.0,337.99
2026-09-28T20:50:22.798221,7,91.0,13106.0,390.04
2026-09-28T20:50:23.781155,4,0.0,20702.0,20.57
2026-09-28T20:50:23.781155,5,0.0,16520.0,116.65
2026-09-28T20:50:23.781155,6,96.0,9328.0,362.05
2026-09-28T20:50:23.781155,7,96.0,13106.0,397.87
2026-09-28T20:50:24.781424,4,0.0,20702.0,20.52
2026-09-28T20:50:24.781424,5,0.0,16520.0,109.07
2026-09-28T20:50:24.781424,6,91.0,9328.0,346.82
2026-09-28T20:50:24.781424,7,95.0,13106.0,393.78
2026-09-28T20:50:25.781877,4,0.0,20702.0,20.59
2026-09-28T20:50:25.781877,5,0.0,16520.0,101.42
2026-09-28T20:50:25.781877,6,86.0,9328.0,343.07
2026-09-28T20:50:25.781877,7,84.0,13106.0,394.08
2026-09-28T20:50:26.780333,4,0.0,20702.0,20.78
2026-09-28T20:50:26.780333,5,0.0,16520.0,101.29
2026-09-28T20:50:26.780333,6,96.0,9328.0,354.75
2026-09-28T20:50:26.780333,7,96.0,13106.0,396.41
2026-09-28T20:50:27.782499,4,0.0,20702.0,20.65
2026-09-28T20:50:27.782499,5,0.0,16520.0,101.2
2026-09-28T20:50:27.782499,6,86.0,9328.0,357.15
2026-09-28T20:50:27.782499,7,91.0,13106.0,394.66
2026-09-28T20:50:28.780388,4,0.0,20702.0,20.41
2026-09-28T20:50:28.780388,5,0.0,16520.0,100.72
2026-09-28T20:50:28.780388,6,97.0,9328.0,351.74
2026-09-28T20:50:28.780388,7,86.0,13106.0,396.85
2026-09-28T20:50:29.824546,4,0.0,20702.0,20.51
2026-09-28T20:50:29.824546,5,0.0,16520.0,99.94
2026-09-28T20:50:29.824546,6,96.0,9328.0,356.69
2026-09-28T20:50:29.824546,7,97.0,13106.0,400.56
2026-09-28T20:50:30.785366,4,0.0,20702.0,20.68
2026-09-28T20:50:30.785366,5,0.0,16520.0,99.18
2026-09-28T20:50:30.785366,6,80.0,9328.0,335.08
2026-09-28T20:50:30.785366,7,93.0,13106.0,414.75
2026-09-28T20:50:31.778146,4,0.0,20702.0,20.51
2026-09-28T20:50:31.778146,5,0.0,16520.0,98.61
2026-09-28T20:50:31.778146,6,96.0,9328.0,354.3
2026-09-28T20:50:31.778146,7,96.0,13106.0,408.8
2026-09-28T20:50:32.778528,4,0.0,20702.0,20.22
2026-09-28T20:50:32.778528,5,0.0,16520.0,98.08
2026-09-28T20:50:32.778528,6,91.0,9328.0,354.45
2026-09-28T20:50:32.778528,7,93.0,13106.0,408.02
2026-09-28T20:50:33.782273,4,0.0,20702.0,20.01
2026-09-28T20:50:33.782273,5,0.0,16520.0,97.59
2026-09-28T20:50:33.782273,6,88.0,9328.0,342.32
2026-09-28T20:50:33.782273,7,86.0,13106.0,406.64
2026-09-28T20:50:34.781494,4,0.0,20702.0,20.03
2026-09-28T20:50:34.781494,5,0.0,16520.0,97.09
2026-09-28T20:50:34.781494,6,97.0,9328.0,362.05
2026-09-28T20:50:34.781494,7,96.0,13106.0,407.85
2026-09-28T20:50:35.792488,4,0.0,20702.0,20.15
2026-09-28T20:50:35.792488,5,0.0,16520.0,96.63
2026-09-28T20:50:35.792488,6,88.0,9328.0,366.55
2026-09-28T20:50:35.792488,7,90.0,13106.0,407.83
2026-09-28T20:50:36.796503,4,0.0,20702.0,20.06
2026-09-28T20:50:36.796503,5,0.0,16520.0,96.1
2026-09-28T20:50:36.796503,6,95.0,9328.0,369.25
2026-09-28T20:50:36.796503,7,96.0,13106.0,413.18
2026-09-28T20:50:37.783175,4,0.0,20702.0,19.81
2026-09-28T20:50:37.783175,5,0.0,16520.0,95.52
2026-09-28T20:50:37.783175,6,95.0,9328.0,343.04
2026-09-28T20:50:37.783175,7,96.0,13106.0,413.74
2026-09-28T20:50:38.783880,4,0.0,20702.0,19.62
2026-09-28T20:50:38.783880,5,0.0,16520.0,92.79
2026-09-28T20:50:38.783880,6,82.0,9328.0,354.26
2026-09-28T20:50:38.783880,7,92.0,13106.0,405.7
2026-09-28T20:50:39.784702,4,0.0,20702.0,19.7
2026-09-28T20:50:39.784702,5,0.0,16520.0,68.29
2026-09-28T20:50:39.784702,6,97.0,9328.0,364.76
2026-09-28T20:50:39.784702,7,96.0,13106.0,413.04
2026-09-28T20:50:40.786006,4,0.0,20702.0,19.79
2026-09-28T20:50:40.786006,5,0.0,16520.0,41.95
2026-09-28T20:50:40.786006,6,90.0,9328.0,382.94
2026-09-28T20:50:40.786006,7,92.0,13106.0,412.01
2026-09-28T20:50:41.785509,4,0.0,20702.0,19.78
2026-09-28T20:50:41.785509,5,0.0,16520.0,35.77
2026-09-28T20:50:41.785509,6,85.0,9328.0,350.72
2026-09-28T20:50:41.785509,7,86.0,13106.0,410.15
2026-09-28T20:50:42.847303,4,0.0,20702.0,19.82
2026-09-28T20:50:42.847303,5,0.0,16520.0,33.62
2026-09-28T20:50:42.847303,6,95.0,9328.0,358.64
2026-09-28T20:50:42.847303,7,97.0,13106.0,417.46
2026-09-28T20:50:43.785303,4,0.0,20702.0,19.82
2026-09-28T20:50:43.785303,5,0.0,16520.0,33.18
2026-09-28T20:50:43.785303,6,86.0,9328.0,346.39
2026-09-28T20:50:43.785303,7,92.0,13106.0,417.12
2026-09-28T20:50:44.788016,4,0.0,20702.0,19.74
2026-09-28T20:50:44.788016,5,0.0,16520.0,32.82
2026-09-28T20:50:44.788016,6,96.0,9328.0,359.97
2026-09-28T20:50:44.788016,7,97.0,13106.0,425.68
2026-09-28T20:50:45.786063,4,0.0,20702.0,19.61
2026-09-28T20:50:45.786063,5,0.0,16520.0,32.49
2026-09-28T20:50:45.786063,6,92.0,9328.0,353.78
2026-09-28T20:50:45.786063,7,95.0,13106.0,412.44
2026-09-28T20:50:46.785562,4,0.0,20702.0,19.76
2026-09-28T20:50:46.785562,5,0.0,16520.0,32.26
2026-09-28T20:50:46.785562,6,86.0,9328.0,365.42
2026-09-28T20:50:46.785562,7,85.0,13106.0,415.75
2026-09-28T20:50:47.785414,4,0.0,20702.0,20.04
2026-09-28T20:50:47.785414,5,0.0,16520.0,32.08
2026-09-28T20:50:47.785414,6,95.0,9328.0,354.71
2026-09-28T20:50:47.785414,7,97.0,13106.0,419.73
2026-09-28T20:50:48.803696,4,0.0,20702.0,20.03
2026-09-28T20:50:48.803696,5,0.0,16520.0,32.03
2026-09-28T20:50:48.803696,6,85.0,9328.0,357.26
2026-09-28T20:50:48.803696,7,89.0,13106.0,416.98
2026-09-28T20:50:49.792473,4,0.0,20702.0,19.91
2026-09-28T20:50:49.792473,5,0.0,16520.0,31.93
2026-09-28T20:50:49.792473,6,96.0,9328.0,356.85
2026-09-28T20:50:49.792473,7,88.0,13106.0,410.48
2026-09-28T20:50:50.785330,4,0.0,20702.0,19.96
2026-09-28T20:50:50.785330,5,0.0,16520.0,31.67
2026-09-28T20:50:50.785330,6,96.0,9328.0,354.4
2026-09-28T20:50:50.785330,7,97.0,13106.0,412.46
2026-09-28T20:50:51.789055,4,0.0,20702.0,20.0
2026-09-28T20:50:51.789055,5,0.0,16520.0,31.52
2026-09-28T20:50:51.789055,6,90.0,9328.0,354.0
2026-09-28T20:50:51.789055,7,91.0,13106.0,414.05
2026-09-28T20:50:52.788717,4,0.0,20702.0,19.98
2026-09-28T20:50:52.788717,5,0.0,16520.0,31.56
2026-09-28T20:50:52.788717,6,96.0,9328.0,366.18
2026-09-28T20:50:52.788717,7,96.0,13106.0,417.77
2026-09-28T20:50:53.784444,4,0.0,20702.0,19.76
2026-09-28T20:50:53.784444,5,0.0,16520.0,31.58
2026-09-28T20:50:53.784444,6,91.0,9328.0,353.57
2026-09-28T20:50:53.784444,7,95.0,13106.0,417.43
2026-09-28T20:50:54.786866,4,0.0,20702.0,19.58
2026-09-28T20:50:54.786866,5,0.0,16520.0,31.53
2026-09-28T20:50:54.786866,6,86.0,9328.0,351.42
2026-09-28T20:50:54.786866,7,85.0,13106.0,417.57
2026-09-28T20:50:55.830174,4,0.0,20702.0,19.82
2026-09-28T20:50:55.830174,5,0.0,16520.0,31.49
2026-09-28T20:50:55.830174,6,95.0,9328.0,352.44
2026-09-28T20:50:55.830174,7,95.0,13106.0,416.21
2026-09-28T20:50:56.787302,4,0.0,20702.0,19.93
2026-09-28T20:50:56.787302,5,0.0,16520.0,31.34
2026-09-28T20:50:56.787302,6,87.0,9328.0,356.77
2026-09-28T20:50:56.787302,7,90.0,13106.0,412.42
2026-09-28T20:50:57.788092,4,0.0,20702.0,19.74
2026-09-28T20:50:57.788092,5,0.0,16520.0,31.27
2026-09-28T20:50:57.788092,6,95.0,9328.0,367.12
2026-09-28T20:50:57.788092,7,96.0,13106.0,418.54
2026-09-28T20:50:58.785679,4,0.0,20702.0,19.49
2026-09-28T20:50:58.785679,5,0.0,16520.0,31.23
2026-09-28T20:50:58.785679,6,96.0,9328.0,346.97
2026-09-28T20:50:58.785679,7,96.0,13106.0,416.35
2026-09-28T20:50:59.787069,4,0.0,20702.0,19.5
2026-09-28T20:50:59.787069,5,0.0,16520.0,31.17
2026-09-28T20:50:59.787069,6,81.0,9328.0,354.24
2026-09-28T20:50:59.787069,7,92.0,13106.0,416.95
2026-09-28T20:51:00.786095,4,0.0,20702.0,19.6
2026-09-28T20:51:00.786095,5,0.0,16520.0,31.24
2026-09-28T20:51:00.786095,6,95.0,9328.0,361.69
2026-09-28T20:51:00.786095,7,96.0,13106.0,420.9
2026-09-28T20:51:01.792473,4,0.0,20702.0,19.48
2026-09-28T20:51:01.792473,5,0.0,16520.0,31.39
2026-09-28T20:51:01.792473,6,91.0,9328.0,368.32
2026-09-28T20:51:01.792473,7,91.0,13106.0,415.35
2026-09-28T20:51:02.798071,4,0.0,20702.0,19.37
2026-09-28T20:51:02.798071,5,0.0,16520.0,31.33
2026-09-28T20:51:02.798071,6,88.0,9328.0,360.89
2026-09-28T20:51:02.798071,7,86.0,13106.0,415.7
2026-09-28T20:51:03.787708,4,0.0,20702.0,19.39
2026-09-28T20:51:03.787708,5,0.0,16520.0,31.13
2026-09-28T20:51:03.787708,6,96.0,9328.0,358.66
2026-09-28T20:51:03.787708,7,96.0,13106.0,418.46
2026-09-28T20:51:04.788380,4,0.0,20702.0,19.36
2026-09-28T20:51:04.788380,5,0.0,16520.0,31.05
2026-09-28T20:51:04.788380,6,85.0,9328.0,365.46
2026-09-28T20:51:04.788380,7,90.0,13106.0,415.56
2026-09-28T20:51:05.793644,4,0.0,20702.0,19.34
2026-09-28T20:51:05.793644,5,0.0,16520.0,31.06
2026-09-28T20:51:05.793644,6,97.0,9328.0,386.02
2026-09-28T20:51:05.793644,7,96.0,13106.0,419.66
2026-09-28T20:51:06.786552,4,0.0,20702.0,19.23
2026-09-28T20:51:06.786552,5,0.0,16520.0,30.97
2026-09-28T20:51:06.786552,6,95.0,9328.0,372.98
2026-09-28T20:51:06.786552,7,96.0,13106.0,415.81
2026-09-28T20:51:07.785558,4,0.0,20702.0,19.15
2026-09-28T20:51:07.785558,5,0.0,16520.0,30.73
2026-09-28T20:51:07.785558,6,83.0,9328.0,356.9
2026-09-28T20:51:07.785558,7,92.0,13106.0,415.3
2026-09-28T20:51:08.853564,4,0.0,20702.0,19.07
2026-09-28T20:51:08.853564,5,0.0,16520.0,30.8
2026-09-28T20:51:08.853564,6,96.0,9328.0,369.97
2026-09-28T20:51:08.853564,7,97.0,13106.0,420.96
2026-09-28T20:51:09.786741,4,0.0,20702.0,19.15
2026-09-28T20:51:09.786741,5,0.0,16520.0,31.04
2026-09-28T20:51:09.786741,6,89.0,9328.0,370.05
2026-09-28T20:51:09.786741,7,91.0,13106.0,417.78
2026-09-28T20:51:10.786331,4,0.0,20702.0,19.35
2026-09-28T20:51:10.786331,5,0.0,16520.0,31.06
2026-09-28T20:51:10.786331,6,98.0,9328.0,384.54
2026-09-28T20:51:10.786331,7,87.0,13106.0,417.05
2026-09-28T20:51:11.788197,4,0.0,20702.0,19.29
2026-09-28T20:51:11.788197,5,0.0,16520.0,31.07
2026-09-28T20:51:11.788197,6,97.0,9328.0,363.24
2026-09-28T20:51:11.788197,7,96.0,13106.0,418.33
2026-09-28T20:51:12.790352,4,0.0,20702.0,19.38
2026-09-28T20:51:12.790352,5,0.0,16520.0,31.12
2026-09-28T20:51:12.790352,6,88.0,9328.0,372.26
2026-09-28T20:51:12.790352,7,91.0,13106.0,418.8
2026-09-28T20:51:13.787368,4,0.0,20702.0,19.52
2026-09-28T20:51:13.787368,5,0.0,16520.0,31.07
2026-09-28T20:51:13.787368,6,97.0,9328.0,380.68
2026-09-28T20:51:13.787368,7,96.0,13106.0,422.01
2026-09-28T20:51:14.799606,4,0.0,20702.0,19.72
2026-09-28T20:51:14.799606,5,0.0,16520.0,31.03
2026-09-28T20:51:14.799606,6,93.0,9328.0,373.86
2026-09-28T20:51:14.799606,7,95.0,13106.0,415.32
2026-09-28T20:51:15.791810,4,0.0,20702.0,19.78
2026-09-28T20:51:15.791810,5,0.0,16520.0,30.89
2026-09-28T20:51:15.791810,6,85.0,9328.0,358.95
2026-09-28T20:51:15.791810,7,83.0,13106.0,415.79
2026-09-28T20:51:16.788540,4,0.0,20702.0,19.49
2026-09-28T20:51:16.788540,5,0.0,16520.0,30.78
2026-09-28T20:51:16.788540,6,97.0,9328.0,375.05
2026-09-28T20:51:16.788540,7,96.0,13106.0,415.61
2026-09-28T20:51:17.789742,4,0.0,20702.0,19.28
2026-09-28T20:51:17.789742,5,0.0,16520.0,31.14
2026-09-28T20:51:17.789742,6,86.0,9328.0,389.74
2026-09-28T20:51:17.789742,7,91.0,13106.0,417.54
2026-09-28T20:51:18.790250,4,0.0,20702.0,19.22
2026-09-28T20:51:18.790250,5,0.0,16520.0,31.07
2026-09-28T20:51:18.790250,6,97.0,9328.0,370.86
2026-09-28T20:51:18.790250,7,87.0,13106.0,416.09
2026-09-28T20:51:19.788096,4,0.0,20702.0,19.38
2026-09-28T20:51:19.788096,5,0.0,16520.0,30.76
2026-09-28T20:51:19.788096,6,95.0,9328.0,359.11
2026-09-28T20:51:19.788096,7,96.0,13106.0,416.2
2026-09-28T20:51:20.787427,4,0.0,20702.0,19.42
2026-09-28T20:51:20.787427,5,0.0,16520.0,30.65
2026-09-28T20:51:20.787427,6,92.0,9328.0,361.89
2026-09-28T20:51:20.787427,7,88.0,13106.0,414.94
2026-09-28T20:51:21.841661,4,0.0,20702.0,19.3
2026-09-28T20:51:21.841661,5,0.0,16520.0,30.67
2026-09-28T20:51:21.841661,6,97.0,9328.0,384.19
2026-09-28T20:51:21.841661,7,97.0,13106.0,420.53
2026-09-28T20:51:22.785736,4,0.0,20702.0,19.33
2026-09-28T20:51:22.785736,5,0.0,16520.0,30.86
2026-09-28T20:51:22.785736,6,93.0,9328.0,365.08
2026-09-28T20:51:22.785736,7,94.0,13106.0,420.41
2026-09-28T20:51:23.789975,4,0.0,20702.0,19.21
2026-09-28T20:51:23.789975,5,0.0,16520.0,30.91
2026-09-28T20:51:23.789975,6,86.0,9328.0,365.62
2026-09-28T20:51:23.789975,7,84.0,13106.0,417.17
2026-09-28T20:51:24.788931,4,0.0,20702.0,19.17
2026-09-28T20:51:24.788931,5,0.0,16520.0,30.96
2026-09-28T20:51:24.788931,6,96.0,9328.0,364.06
2026-09-28T20:51:24.788931,7,97.0,13106.0,416.13
2026-09-28T20:51:25.790448,4,0.0,20702.0,19.41
2026-09-28T20:51:25.790448,5,0.0,16520.0,30.95
2026-09-28T20:51:25.790448,6,87.0,9328.0,370.2
2026-09-28T20:51:25.790448,7,89.0,13106.0,414.64
2026-09-28T20:51:26.791684,4,0.0,20702.0,19.53
2026-09-28T20:51:26.791684,5,0.0,16520.0,30.96
2026-09-28T20:51:26.791684,6,96.0,9328.0,387.34
2026-09-28T20:51:26.791684,7,97.0,13106.0,421.64
2026-09-28T20:51:27.788562,4,0.0,20702.0,19.49
2026-09-28T20:51:27.788562,5,0.0,16520.0,30.94
2026-09-28T20:51:27.788562,6,96.0,9328.0,370.56
2026-09-28T20:51:27.788562,7,96.0,13106.0,419.87
2026-09-28T20:51:28.806618,4,0.0,20702.0,19.45
2026-09-28T20:51:28.806618,5,0.0,16520.0,30.93
2026-09-28T20:51:28.806618,6,82.0,9328.0,369.91
2026-09-28T20:51:28.806618,7,91.0,13106.0,419.83
2026-09-28T20:51:29.788710,4,0.0,20702.0,19.37
2026-09-28T20:51:29.788710,5,0.0,16520.0,30.76
2026-09-28T20:51:29.788710,6,97.0,9328.0,378.27
2026-09-28T20:51:29.788710,7,97.0,13106.0,419.59
2026-09-28T20:51:30.788805,4,0.0,20702.0,19.3
2026-09-28T20:51:30.788805,5,0.0,16520.0,30.49
2026-09-28T20:51:30.788805,6,90.0,9328.0,377.29
2026-09-28T20:51:30.788805,7,91.0,13106.0,418.7
2026-09-28T20:51:31.789415,4,0.0,20702.0,19.25
2026-09-28T20:51:31.789415,5,0.0,16520.0,30.45
2026-09-28T20:51:31.789415,6,88.0,9328.0,365.47
2026-09-28T20:51:31.789415,7,85.0,13106.0,414.23
2026-09-28T20:51:32.787518,4,0.0,20702.0,19.29
2026-09-28T20:51:32.787518,5,0.0,16520.0,30.54
2026-09-28T20:51:32.787518,6,97.0,9328.0,372.53
2026-09-28T20:51:32.787518,7,97.0,13106.0,419.12
2026-09-28T20:51:33.789452,4,0.0,20702.0,19.3
2026-09-28T20:51:33.789452,5,0.0,16520.0,30.61
2026-09-28T20:51:33.789452,6,86.0,9328.0,377.99
2026-09-28T20:51:33.789452,7,89.0,13106.0,418.53
2026-09-28T20:51:34.862334,4,0.0,20702.0,19.32
2026-09-28T20:51:34.862334,5,0.0,16520.0,30.54
2026-09-28T20:51:34.862334,6,96.0,9328.0,381.39
2026-09-28T20:51:34.862334,7,96.0,13106.0,419.44
2026-09-28T20:51:35.790315,4,0.0,20702.0,19.38
2026-09-28T20:51:35.790315,5,0.0,16520.0,30.45
2026-09-28T20:51:35.790315,6,95.0,9328.0,367.93
2026-09-28T20:51:35.790315,7,96.0,13106.0,420.39
2026-09-28T20:51:36.798768,4,0.0,20702.0,19.24
2026-09-28T20:51:36.798768,5,0.0,16520.0,30.44
2026-09-28T20:51:36.798768,6,83.0,9328.0,385.4
2026-09-28T20:51:36.798768,7,92.0,13106.0,415.71
2026-09-28T20:51:37.793009,4,0.0,20702.0,19.25
2026-09-28T20:51:37.793009,5,0.0,16520.0,30.67
2026-09-28T20:51:37.793009,6,95.0,9328.0,369.18
2026-09-28T20:51:37.793009,7,96.0,13106.0,421.93
2026-09-28T20:51:38.797926,4,0.0,20702.0,19.41
2026-09-28T20:51:38.797926,5,0.0,16520.0,30.74
2026-09-28T20:51:38.797926,6,84.0,9328.0,373.27
2026-09-28T20:51:38.797926,7,91.0,13106.0,418.62
2026-09-28T20:51:39.793567,4,0.0,20702.0,19.41
2026-09-28T20:51:39.793567,5,0.0,16520.0,30.64
2026-09-28T20:51:39.793567,6,98.0,9328.0,380.07
2026-09-28T20:51:39.793567,7,87.0,13106.0,423.02
2026-09-28T20:51:40.814660,4,0.0,20702.0,19.51
2026-09-28T20:51:40.814660,5,0.0,16520.0,30.64
2026-09-28T20:51:40.814660,6,0.0,9328.0,287.87
2026-09-28T20:51:40.814660,7,2.0,13106.0,308.66
2026-09-28T20:51:41.791239,4,96.0,20702.0,163.37
2026-09-28T20:51:41.791239,5,0.0,16520.0,30.71
2026-09-28T20:51:41.791239,6,0.0,9328.0,122.28
2026-09-28T20:51:41.791239,7,100.0,13106.0,147.79
2026-09-28T20:51:42.802605,4,64.0,20702.0,408.84
2026-09-28T20:51:42.802605,5,0.0,16520.0,30.86
2026-09-28T20:51:42.802605,6,0.0,9328.0,116.9
2026-09-28T20:51:42.802605,7,100.0,13106.0,143.08
2026-09-28T20:51:43.787380,4,72.0,20702.0,297.27
2026-09-28T20:51:43.787380,5,0.0,16520.0,30.85
2026-09-28T20:51:43.787380,6,0.0,9328.0,99.42
2026-09-28T20:51:43.787380,7,100.0,13106.0,142.02
2026-09-28T20:51:44.788054,4,73.0,20702.0,299.63
2026-09-28T20:51:44.788054,5,0.0,16520.0,30.75
2026-09-28T20:51:44.788054,6,0.0,9328.0,97.74
2026-09-28T20:51:44.788054,7,100.0,13106.0,141.59
2026-09-28T20:51:45.786727,4,73.0,20702.0,302.32
2026-09-28T20:51:45.786727,5,0.0,16520.0,30.62
2026-09-28T20:51:45.786727,6,0.0,9328.0,97.17
2026-09-28T20:51:45.786727,7,100.0,13106.0,140.82
2026-09-28T20:51:46.786350,4,70.0,20702.0,305.81
2026-09-28T20:51:46.786350,5,0.0,16520.0,30.56
2026-09-28T20:51:46.786350,6,0.0,9328.0,96.68
2026-09-28T20:51:46.786350,7,100.0,13106.0,139.95
2026-09-28T20:51:47.828154,4,68.0,20702.0,307.64
2026-09-28T20:51:47.828154,5,0.0,16520.0,30.6
2026-09-28T20:51:47.828154,6,0.0,9328.0,96.06
2026-09-28T20:51:47.828154,7,100.0,13106.0,139.1
2026-09-28T20:51:48.791544,4,69.0,20702.0,309.08
2026-09-28T20:51:48.791544,5,0.0,16520.0,30.47
2026-09-28T20:51:48.791544,6,0.0,9328.0,94.96
2026-09-28T20:51:48.791544,7,100.0,13106.0,138.36
2026-09-28T20:51:49.787809,4,68.0,20702.0,311.11
2026-09-28T20:51:49.787809,5,0.0,16520.0,30.26
2026-09-28T20:51:49.787809,6,0.0,9328.0,93.44
2026-09-28T20:51:49.787809,7,100.0,13106.0,137.45
2026-09-28T20:51:50.784513,4,72.0,20702.0,313.62
2026-09-28T20:51:50.784513,5,0.0,16520.0,30.25
2026-09-28T20:51:50.784513,6,0.0,9328.0,92.14
2026-09-28T20:51:50.784513,7,100.0,13106.0,137.05
2026-09-28T20:51:51.792052,4,0.0,20702.0,282.56
2026-09-28T20:51:51.792052,5,0.0,16520.0,30.31
2026-09-28T20:51:51.792052,6,0.0,9328.0,91.04
2026-09-28T20:51:51.792052,7,100.0,13106.0,136.05
2026-09-28T20:51:52.785478,4,71.0,20702.0,211.56
2026-09-28T20:51:52.785478,5,0.0,16520.0,30.25
2026-09-28T20:51:52.785478,6,0.0,9328.0,89.75
2026-09-28T20:51:52.785478,7,100.0,13106.0,134.54
2026-09-28T20:51:53.788955,4,78.0,20702.0,317.63
2026-09-28T20:51:53.788955,5,0.0,16520.0,30.16
2026-09-28T20:51:53.788955,6,0.0,9328.0,87.8
2026-09-28T20:51:53.788955,7,100.0,13106.0,132.79
2026-09-28T20:51:54.832460,4,73.0,20702.0,321.68
2026-09-28T20:51:54.832460,5,0.0,16520.0,30.23
2026-09-28T20:51:54.832460,6,0.0,9328.0,86.14
2026-09-28T20:51:54.832460,7,100.0,13106.0,131.55
2026-09-28T20:51:55.790048,4,78.0,20702.0,319.37
2026-09-28T20:51:55.790048,5,0.0,16520.0,30.49
2026-09-28T20:51:55.790048,6,0.0,9328.0,85.28
2026-09-28T20:51:55.790048,7,100.0,13106.0,130.57
2026-09-28T20:51:56.790700,4,79.0,20702.0,322.3
2026-09-28T20:51:56.790700,5,0.0,16520.0,30.47
2026-09-28T20:51:56.790700,6,0.0,9328.0,84.6
2026-09-28T20:51:56.790700,7,100.0,13106.0,129.41
2026-09-28T20:51:57.789060,4,74.0,20702.0,322.44
2026-09-28T20:51:57.789060,5,0.0,16520.0,30.31
2026-09-28T20:51:57.789060,6,0.0,9328.0,84.18
2026-09-28T20:51:57.789060,7,100.0,13106.0,128.49
2026-09-28T20:51:58.793913,4,77.0,20702.0,324.71
2026-09-28T20:51:58.793913,5,0.0,16520.0,30.48
2026-09-28T20:51:58.793913,6,0.0,9328.0,83.93
2026-09-28T20:51:58.793913,7,100.0,13106.0,127.54
2026-09-28T20:51:59.792721,4,80.0,20702.0,325.87
2026-09-28T20:51:59.792721,5,0.0,16520.0,30.57
2026-09-28T20:51:59.792721,6,0.0,9328.0,63.45
2026-09-28T20:51:59.792721,7,100.0,13106.0,126.44
2026-09-28T20:52:00.817048,4,78.0,20702.0,327.09
2026-09-28T20:52:00.817048,5,0.0,16520.0,30.72
2026-09-28T20:52:00.817048,6,0.0,9328.0,34.83
2026-09-28T20:52:00.817048,7,100.0,13106.0,124.72
2026-09-28T20:52:01.794439,4,81.0,20702.0,327.96
2026-09-28T20:52:01.794439,5,0.0,16520.0,30.61
2026-09-28T20:52:01.794439,6,0.0,9328.0,25.56
2026-09-28T20:52:01.794439,7,100.0,13106.0,123.58
2026-09-28T20:52:02.794230,4,81.0,20702.0,329.72
2026-09-28T20:52:02.794230,5,0.0,16520.0,30.36
2026-09-28T20:52:02.794230,6,0.0,9328.0,24.19
2026-09-28T20:52:02.794230,7,100.0,13106.0,122.72
2026-09-28T20:52:03.789045,4,82.0,20702.0,331.21
2026-09-28T20:52:03.789045,5,0.0,16520.0,30.53
2026-09-28T20:52:03.789045,6,0.0,9328.0,23.85
2026-09-28T20:52:03.789045,7,100.0,13106.0,121.68
2026-09-28T20:52:04.794832,4,82.0,20702.0,304.28
2026-09-28T20:52:04.794832,5,0.0,16520.0,30.42
2026-09-28T20:52:04.794832,6,0.0,9328.0,23.8
2026-09-28T20:52:04.794832,7,100.0,13106.0,120.74
2026-09-28T20:52:05.791634,4,83.0,20702.0,323.51
2026-09-28T20:52:05.791634,5,0.0,16520.0,30.13
2026-09-28T20:52:05.791634,6,0.0,9328.0,23.64
2026-09-28T20:52:05.791634,7,100.0,13106.0,120.19
2026-09-28T20:52:06.793231,4,84.0,20702.0,344.0
2026-09-28T20:52:06.793231,5,0.0,16520.0,30.23
2026-09-28T20:52:06.793231,6,0.0,9328.0,23.48
2026-09-28T20:52:06.793231,7,100.0,13106.0,118.3
2026-09-28T20:52:07.822253,4,79.0,20702.0,333.59
2026-09-28T20:52:07.822253,5,0.0,16520.0,30.6
2026-09-28T20:52:07.822253,6,0.0,9328.0,23.44
2026-09-28T20:52:07.822253,7,100.0,13106.0,117.53
2026-09-28T20:52:08.797431,4,86.0,20702.0,327.76
2026-09-28T20:52:08.797431,5,0.0,16520.0,30.63
2026-09-28T20:52:08.797431,6,0.0,9328.0,23.38
2026-09-28T20:52:08.797431,7,100.0,13106.0,117.35
2026-09-28T20:52:09.797741,4,82.0,20702.0,328.38
2026-09-28T20:52:09.797741,5,0.0,16520.0,30.37
2026-09-28T20:52:09.797741,6,0.0,9328.0,23.24
2026-09-28T20:52:09.797741,7,100.0,13106.0,117.15
2026-09-28T20:52:10.793861,4,83.0,20702.0,329.62
2026-09-28T20:52:10.793861,5,0.0,16520.0,30.33
2026-09-28T20:52:10.793861,6,0.0,9328.0,23.11
2026-09-28T20:52:10.793861,7,100.0,13106.0,116.83
2026-09-28T20:52:11.794195,4,84.0,20702.0,330.33
2026-09-28T20:52:11.794195,5,0.0,16520.0,30.09
2026-09-28T20:52:11.794195,6,0.0,9328.0,23.14
2026-09-28T20:52:11.794195,7,100.0,13106.0,116.49
2026-09-28T20:52:12.792724,4,86.0,20702.0,330.41
2026-09-28T20:52:12.792724,5,0.0,16520.0,29.82
2026-09-28T20:52:12.792724,6,0.0,9328.0,23.13
2026-09-28T20:52:12.792724,7,100.0,13106.0,115.86
2026-09-28T20:52:13.834544,4,0.0,20702.0,280.11
2026-09-28T20:52:13.834544,5,0.0,16520.0,30.13
2026-09-28T20:52:13.834544,6,0.0,9328.0,23.0
2026-09-28T20:52:13.834544,7,100.0,13106.0,115.25
2026-09-28T20:52:14.793539,4,82.0,20702.0,261.03
2026-09-28T20:52:14.793539,5,0.0,16520.0,30.75
2026-09-28T20:52:14.793539,6,0.0,9328.0,22.76
2026-09-28T20:52:14.793539,7,100.0,13106.0,114.54
2026-09-28T20:52:15.792995,4,84.0,20702.0,321.71
2026-09-28T20:52:15.792995,5,0.0,16520.0,30.99
2026-09-28T20:52:15.792995,6,0.0,9328.0,22.56
2026-09-28T20:52:15.792995,7,100.0,13106.0,114.47
2026-09-28T20:52:16.797965,4,86.0,20702.0,312.83
2026-09-28T20:52:16.797965,5,0.0,16520.0,30.88
2026-09-28T20:52:16.797965,6,0.0,9328.0,22.67
2026-09-28T20:52:16.797965,7,100.0,13106.0,114.1
2026-09-28T20:52:17.794187,4,87.0,20702.0,315.73
2026-09-28T20:52:17.794187,5,0.0,16520.0,30.72
2026-09-28T20:52:17.794187,6,0.0,9328.0,22.82
2026-09-28T20:52:17.794187,7,100.0,13106.0,113.84
2026-09-28T20:52:18.791373,4,86.0,20702.0,317.22
2026-09-28T20:52:18.791373,5,0.0,16520.0,30.66
2026-09-28T20:52:18.791373,6,0.0,9328.0,22.85
2026-09-28T20:52:18.791373,7,100.0,13106.0,113.55
2026-09-28T20:52:19.791032,4,87.0,20702.0,324.12
2026-09-28T20:52:19.791032,5,0.0,16520.0,30.84
2026-09-28T20:52:19.791032,6,0.0,9328.0,22.8
2026-09-28T20:52:19.791032,7,100.0,13106.0,113.28
2026-09-28T20:52:20.817344,4,87.0,20702.0,324.05
2026-09-28T20:52:20.817344,5,0.0,16520.0,31.02
2026-09-28T20:52:20.817344,6,0.0,9328.0,22.67
2026-09-28T20:52:20.817344,7,100.0,13106.0,113.39
2026-09-28T20:52:21.796741,4,87.0,20702.0,324.45
2026-09-28T20:52:21.796741,5,0.0,16520.0,30.98
2026-09-28T20:52:21.796741,6,0.0,9328.0,22.77
2026-09-28T20:52:21.796741,7,100.0,13106.0,113.24
2026-09-28T20:52:22.793938,4,89.0,20702.0,324.05
2026-09-28T20:52:22.793938,5,0.0,16520.0,30.69
2026-09-28T20:52:22.793938,6,0.0,9328.0,22.91
2026-09-28T20:52:22.793938,7,100.0,13106.0,113.16
2026-09-28T20:52:23.792830,4,87.0,20702.0,321.11
2026-09-28T20:52:23.792830,5,0.0,16520.0,30.56
2026-09-28T20:52:23.792830,6,0.0,9328.0,22.9
2026-09-28T20:52:23.792830,7,100.0,13106.0,112.9
2026-09-28T20:52:24.795509,4,89.0,20702.0,319.79
2026-09-28T20:52:24.795509,5,0.0,16520.0,30.41
2026-09-28T20:52:24.795509,6,0.0,9328.0,22.87
2026-09-28T20:52:24.795509,7,100.0,13106.0,112.84
2026-09-28T20:52:25.793870,4,89.0,20702.0,322.95
2026-09-28T20:52:25.793870,5,0.0,16520.0,30.5
2026-09-28T20:52:25.793870,6,0.0,9328.0,22.74
2026-09-28T20:52:25.793870,7,100.0,13106.0,112.75
2026-09-28T20:52:26.844357,4,89.0,20702.0,318.33
2026-09-28T20:52:26.844357,5,0.0,16520.0,30.65
2026-09-28T20:52:26.844357,6,0.0,9328.0,22.73
2026-09-28T20:52:26.844357,7,100.0,13106.0,112.9
2026-09-28T20:52:27.795759,4,89.0,20702.0,314.28
2026-09-28T20:52:27.795759,5,0.0,16520.0,30.58
2026-09-28T20:52:27.795759,6,0.0,9328.0,22.92
2026-09-28T20:52:27.795759,7,100.0,13106.0,112.67
2026-09-28T20:52:28.797800,4,89.0,20702.0,305.5
2026-09-28T20:52:28.797800,5,0.0,16520.0,30.59
2026-09-28T20:52:28.797800,6,0.0,9328.0,22.97
2026-09-28T20:52:28.797800,7,100.0,13106.0,112.75
2026-09-28T20:52:29.792839,4,88.0,20702.0,300.81
2026-09-28T20:52:29.792839,5,0.0,16520.0,30.34
2026-09-28T20:52:29.792839,6,0.0,9328.0,22.91
2026-09-28T20:52:29.792839,7,100.0,13106.0,112.49
2026-09-28T20:52:30.791255,4,90.0,20702.0,292.04
2026-09-28T20:52:30.791255,5,0.0,16520.0,30.26
2026-09-28T20:52:30.791255,6,0.0,9328.0,22.86
2026-09-28T20:52:30.791255,7,100.0,13106.0,112.48
2026-09-28T20:52:31.791487,4,90.0,20702.0,281.37
2026-09-28T20:52:31.791487,5,0.0,16520.0,30.33
2026-09-28T20:52:31.791487,6,0.0,9328.0,22.87
2026-09-28T20:52:31.791487,7,100.0,13106.0,112.43
2026-09-28T20:52:32.803594,4,91.0,20702.0,269.39
2026-09-28T20:52:32.803594,5,0.0,16520.0,30.41
2026-09-28T20:52:32.803594,6,0.0,9328.0,22.98
2026-09-28T20:52:32.803594,7,100.0,13106.0,112.5
2026-09-28T20:52:33.793276,4,0.0,20702.0,220.66
2026-09-28T20:52:33.793276,5,0.0,16520.0,30.49
2026-09-28T20:52:33.793276,6,12.0,9328.0,32.64
2026-09-28T20:52:33.793276,7,12.0,13106.0,110.87
2026-09-28T20:52:34.788907,4,0.0,20702.0,131.8
2026-09-28T20:52:34.788907,5,0.0,16520.0,30.44
2026-09-28T20:52:34.788907,6,12.0,9328.0,84.83
2026-09-28T20:52:34.788907,7,6.0,13106.0,103.7
2026-09-28T20:52:35.790019,4,0.0,20702.0,96.54
2026-09-28T20:52:35.790019,5,0.0,16520.0,30.5
2026-09-28T20:52:35.790019,6,11.0,9328.0,86.14
2026-09-28T20:52:35.790019,7,12.0,13106.0,98.26
2026-09-28T20:52:36.791740,4,0.0,20702.0,90.35
2026-09-28T20:52:36.791740,5,0.0,16520.0,30.41
2026-09-28T20:52:36.791740,6,12.0,9328.0,86.47
2026-09-28T20:52:36.791740,7,12.0,13106.0,90.27
2026-09-28T20:52:37.788827,4,0.0,20702.0,84.7
2026-09-28T20:52:37.788827,5,95.0,16520.0,184.69
2026-09-28T20:52:37.788827,6,0.0,9328.0,83.75
2026-09-28T20:52:37.788827,7,100.0,13106.0,104.43
2026-09-28T20:52:38.786419,4,0.0,20702.0,84.57
2026-09-28T20:52:38.786419,5,92.0,16520.0,449.19
2026-09-28T20:52:38.786419,6,0.0,9328.0,81.11
2026-09-28T20:52:38.786419,7,100.0,13106.0,112.23
2026-09-28T20:52:39.806035,4,0.0,20702.0,84.17
2026-09-28T20:52:39.806035,5,95.0,16520.0,448.99
2026-09-28T20:52:39.806035,6,0.0,9328.0,80.47
2026-09-28T20:52:39.806035,7,100.0,13106.0,112.03
2026-09-28T20:52:40.785433,4,0.0,20702.0,84.11
2026-09-28T20:52:40.785433,5,99.0,16520.0,449.39
2026-09-28T20:52:40.785433,6,0.0,9328.0,80.37
2026-09-28T20:52:40.785433,7,100.0,13106.0,111.67
2026-09-28T20:52:41.790163,4,0.0,20702.0,84.15
2026-09-28T20:52:41.790163,5,94.0,16520.0,448.03
2026-09-28T20:52:41.790163,6,0.0,9328.0,80.32
2026-09-28T20:52:41.790163,7,100.0,13106.0,111.98
2026-09-28T20:52:42.788353,4,0.0,20702.0,83.89
2026-09-28T20:52:42.788353,5,99.0,16520.0,448.23
2026-09-28T20:52:42.788353,6,0.0,9328.0,80.24
2026-09-28T20:52:42.788353,7,100.0,13106.0,112.01
2026-09-28T20:52:43.789791,4,0.0,20702.0,83.63
2026-09-28T20:52:43.789791,5,95.0,16520.0,448.1
2026-09-28T20:52:43.789791,6,0.0,9328.0,80.11
2026-09-28T20:52:43.789791,7,100.0,13106.0,112.01
2026-09-28T20:52:44.790720,4,0.0,20702.0,83.42
2026-09-28T20:52:44.790720,5,96.0,16520.0,448.61
2026-09-28T20:52:44.790720,6,0.0,9328.0,80.34
2026-09-28T20:52:44.790720,7,100.0,13106.0,112.28
2026-09-28T20:52:45.788893,4,0.0,20702.0,83.14
2026-09-28T20:52:45.788893,5,93.0,16520.0,447.83
2026-09-28T20:52:45.788893,6,0.0,9328.0,80.49
2026-09-28T20:52:45.788893,7,100.0,13106.0,112.06
2026-09-28T20:52:46.805882,4,0.0,20702.0,82.84
2026-09-28T20:52:46.805882,5,95.0,16520.0,448.29
2026-09-28T20:52:46.805882,6,0.0,9328.0,80.38
2026-09-28T20:52:46.805882,7,100.0,13106.0,112.62
2026-09-28T20:52:47.794509,4,0.0,20702.0,82.66
2026-09-28T20:52:47.794509,5,95.0,16520.0,448.92
2026-09-28T20:52:47.794509,6,0.0,9328.0,80.34
2026-09-28T20:52:47.794509,7,100.0,13106.0,112.51
2026-09-28T20:52:48.789683,4,0.0,20702.0,82.39
2026-09-28T20:52:48.789683,5,96.0,16520.0,448.55
2026-09-28T20:52:48.789683,6,0.0,9328.0,80.16
2026-09-28T20:52:48.789683,7,100.0,13106.0,112.53
2026-09-28T20:52:49.791773,4,0.0,20702.0,81.91
2026-09-28T20:52:49.791773,5,99.0,16520.0,448.97
2026-09-28T20:52:49.791773,6,0.0,9328.0,80.31
2026-09-28T20:52:49.791773,7,100.0,13106.0,112.21
2026-09-28T20:52:50.792830,4,0.0,20702.0,81.73
2026-09-28T20:52:50.792830,5,94.0,16520.0,448.54
2026-09-28T20:52:50.792830,6,0.0,9328.0,80.32
2026-09-28T20:52:50.792830,7,100.0,13106.0,112.15
2026-09-28T20:52:51.792488,4,0.0,20702.0,59.94
2026-09-28T20:52:51.792488,5,94.0,16520.0,447.66
2026-09-28T20:52:51.792488,6,0.0,9328.0,80.19
2026-09-28T20:52:51.792488,7,100.0,13106.0,112.08
2026-09-28T20:52:52.793765,4,0.0,20702.0,30.12
2026-09-28T20:52:52.793765,5,96.0,16520.0,449.95
2026-09-28T20:52:52.793765,6,0.0,9328.0,80.27
2026-09-28T20:52:52.793765,7,100.0,13106.0,112.25
2026-09-28T20:52:53.829216,4,0.0,20702.0,21.77
2026-09-28T20:52:53.829216,5,96.0,16520.0,448.5
2026-09-28T20:52:53.829216,6,0.0,9328.0,80.28
2026-09-28T20:52:53.829216,7,100.0,13106.0,112.04
2026-09-28T20:52:54.793581,4,0.0,20702.0,21.36
2026-09-28T20:52:54.793581,5,96.0,16520.0,448.88
2026-09-28T20:52:54.793581,6,0.0,9328.0,80.36
2026-09-28T20:52:54.793581,7,100.0,13106.0,111.91
2026-09-28T20:52:55.804495,4,0.0,20702.0,20.93
2026-09-28T20:52:55.804495,5,91.0,16520.0,447.45
2026-09-28T20:52:55.804495,6,0.0,9328.0,58.59
2026-09-28T20:52:55.804495,7,100.0,13106.0,111.98
2026-09-28T20:52:56.795013,4,0.0,20702.0,20.58
2026-09-28T20:52:56.795013,5,96.0,16520.0,449.78
2026-09-28T20:52:56.795013,6,0.0,9328.0,31.81
2026-09-28T20:52:56.795013,7,100.0,13106.0,112.05
2026-09-28T20:52:57.812056,4,0.0,20702.0,20.53
2026-09-28T20:52:57.812056,5,96.0,16520.0,448.86
2026-09-28T20:52:57.812056,6,0.0,9328.0,24.62
2026-09-28T20:52:57.812056,7,100.0,13106.0,112.06
2026-09-28T20:52:58.793869,4,0.0,20702.0,20.46
2026-09-28T20:52:58.793869,5,95.0,16520.0,449.47
2026-09-28T20:52:58.793869,6,0.0,9328.0,22.52
2026-09-28T20:52:58.793869,7,100.0,13106.0,111.88
2026-09-28T20:52:59.807073,4,0.0,20702.0,20.46
2026-09-28T20:52:59.807073,5,96.0,16520.0,449.57
2026-09-28T20:52:59.807073,6,0.0,9328.0,22.53
2026-09-28T20:52:59.807073,7,100.0,13106.0,112.1
2026-09-28T20:53:00.852006,4,0.0,20702.0,20.36
2026-09-28T20:53:00.852006,5,95.0,16520.0,450.42
2026-09-28T20:53:00.852006,6,0.0,9328.0,22.42
2026-09-28T20:53:00.852006,7,100.0,13106.0,112.26
2026-09-28T20:53:01.797671,4,0.0,20702.0,20.24
2026-09-28T20:53:01.797671,5,99.0,16520.0,450.45
2026-09-28T20:53:01.797671,6,0.0,9328.0,22.5
2026-09-28T20:53:01.797671,7,100.0,13106.0,112.28
2026-09-28T20:53:02.793313,4,0.0,20702.0,20.23
2026-09-28T20:53:02.793313,5,97.0,16520.0,449.42
2026-09-28T20:53:02.793313,6,0.0,9328.0,22.42
2026-09-28T20:53:02.793313,7,100.0,13106.0,112.05
2026-09-28T20:53:03.792102,4,0.0,20702.0,20.37
2026-09-28T20:53:03.792102,5,95.0,16520.0,448.45
2026-09-28T20:53:03.792102,6,0.0,9328.0,22.38
2026-09-28T20:53:03.792102,7,100.0,13106.0,111.79
2026-09-28T20:53:04.792728,4,0.0,20702.0,20.36
2026-09-28T20:53:04.792728,5,92.0,16520.0,447.94
2026-09-28T20:53:04.792728,6,0.0,9328.0,22.62
2026-09-28T20:53:04.792728,7,100.0,13106.0,111.65
2026-09-28T20:53:05.794062,4,0.0,20702.0,20.23
2026-09-28T20:53:05.794062,5,93.0,16520.0,448.08
2026-09-28T20:53:05.794062,6,0.0,9328.0,22.74
2026-09-28T20:53:05.794062,7,100.0,13106.0,111.69
2026-09-28T20:53:06.791761,4,0.0,20702.0,20.23
2026-09-28T20:53:06.791761,5,98.0,16520.0,448.99
2026-09-28T20:53:06.791761,6,0.0,9328.0,22.68
2026-09-28T20:53:06.791761,7,100.0,13106.0,112.07
2026-09-28T20:53:07.836156,4,0.0,20702.0,20.12
2026-09-28T20:53:07.836156,5,95.0,16520.0,449.72
2026-09-28T20:53:07.836156,6,0.0,9328.0,22.72
2026-09-28T20:53:07.836156,7,100.0,13106.0,112.24
2026-09-28T20:53:08.800607,4,0.0,20702.0,20.16
2026-09-28T20:53:08.800607,5,0.0,16520.0,208.46
2026-09-28T20:53:08.800607,6,96.0,9328.0,121.72
2026-09-28T20:53:08.800607,7,96.0,13106.0,236.55
2026-09-28T20:53:09.795409,4,0.0,20702.0,20.29
2026-09-28T20:53:09.795409,5,0.0,16520.0,148.96
2026-09-28T20:53:09.795409,6,94.0,9328.0,396.31
2026-09-28T20:53:09.795409,7,96.0,13106.0,381.14
2026-09-28T20:53:10.797158,4,0.0,20702.0,20.18
2026-09-28T20:53:10.797158,5,0.0,16520.0,115.77
2026-09-28T20:53:10.797158,6,86.0,9328.0,381.73
2026-09-28T20:53:10.797158,7,85.0,13106.0,376.61
2026-09-28T20:53:11.798793,4,0.0,20702.0,20.08
2026-09-28T20:53:11.798793,5,0.0,16520.0,108.9
2026-09-28T20:53:11.798793,6,97.0,9328.0,386.17
2026-09-28T20:53:11.798793,7,86.0,13106.0,380.86
2026-09-28T20:53:12.802227,4,0.0,20702.0,20.0
2026-09-28T20:53:12.802227,5,0.0,16520.0,102.61
2026-09-28T20:53:12.802227,6,96.0,9328.0,375.85
2026-09-28T20:53:12.802227,7,96.0,13106.0,384.29
2026-09-28T20:53:13.825706,4,0.0,20702.0,19.99
2026-09-28T20:53:13.825706,5,0.0,16520.0,102.55
2026-09-28T20:53:13.825706,6,94.0,9328.0,390.4
2026-09-28T20:53:13.825706,7,95.0,13106.0,387.74
2026-09-28T20:53:14.800228,4,0.0,20702.0,20.23
2026-09-28T20:53:14.800228,5,0.0,16520.0,102.14
2026-09-28T20:53:14.800228,6,90.0,9328.0,387.99
2026-09-28T20:53:14.800228,7,85.0,13106.0,384.06
2026-09-28T20:53:15.798158,4,0.0,20702.0,20.31
2026-09-28T20:53:15.798158,5,0.0,16520.0,101.73
2026-09-28T20:53:15.798158,6,91.0,9328.0,388.38
2026-09-28T20:53:15.798158,7,85.0,13106.0,386.08
2026-09-28T20:53:16.797840,4,0.0,20702.0,20.37
2026-09-28T20:53:16.797840,5,0.0,16520.0,101.21
2026-09-28T20:53:16.797840,6,97.0,9328.0,389.73
2026-09-28T20:53:16.797840,7,96.0,13106.0,392.84
2026-09-28T20:53:17.799940,4,0.0,20702.0,20.26
2026-09-28T20:53:17.799940,5,0.0,16520.0,100.58
2026-09-28T20:53:17.799940,6,89.0,9328.0,395.68
2026-09-28T20:53:17.799940,7,94.0,13106.0,386.13
2026-09-28T20:53:18.800739,4,0.0,20702.0,20.04
2026-09-28T20:53:18.800739,5,0.0,16520.0,99.81
2026-09-28T20:53:18.800739,6,93.0,9328.0,380.88
2026-09-28T20:53:18.800739,7,86.0,13106.0,399.83
2026-09-28T20:53:19.796036,4,0.0,20702.0,20.09
2026-09-28T20:53:19.796036,5,0.0,16520.0,98.86
2026-09-28T20:53:19.796036,6,96.0,9328.0,393.11
2026-09-28T20:53:19.796036,7,86.0,13106.0,395.23
2026-09-28T20:53:20.864926,4,0.0,20702.0,20.06
2026-09-28T20:53:20.864926,5,0.0,16520.0,97.99
2026-09-28T20:53:20.864926,6,96.0,9328.0,382.61
2026-09-28T20:53:20.864926,7,96.0,13106.0,403.24
2026-09-28T20:53:21.797887,4,0.0,20702.0,20.09
2026-09-28T20:53:21.797887,5,0.0,16520.0,97.44
2026-09-28T20:53:21.797887,6,91.0,9328.0,379.07
2026-09-28T20:53:21.797887,7,95.0,13106.0,405.09
2026-09-28T20:53:22.801090,4,0.0,20702.0,19.95
2026-09-28T20:53:22.801090,5,0.0,16520.0,96.95
2026-09-28T20:53:22.801090,6,88.0,9328.0,379.61
2026-09-28T20:53:22.801090,7,86.0,13106.0,401.88
2026-09-28T20:53:23.797339,4,0.0,20702.0,19.78
2026-09-28T20:53:23.797339,5,0.0,16520.0,96.44
2026-09-28T20:53:23.797339,6,86.0,9328.0,391.51
2026-09-28T20:53:23.797339,7,86.0,13106.0,397.32
2026-09-28T20:53:24.801250,4,0.0,20702.0,19.74
2026-09-28T20:53:24.801250,5,0.0,16520.0,95.96
2026-09-28T20:53:24.801250,6,96.0,9328.0,394.07
2026-09-28T20:53:24.801250,7,96.0,13106.0,409.25
2026-09-28T20:53:25.797425,4,0.0,20702.0,19.65
2026-09-28T20:53:25.797425,5,0.0,16520.0,95.42
2026-09-28T20:53:25.797425,6,93.0,9328.0,399.99
2026-09-28T20:53:25.797425,7,95.0,13106.0,397.97
2026-09-28T20:53:26.818077,4,0.0,20702.0,19.71
2026-09-28T20:53:26.818077,5,0.0,16520.0,72.21
2026-09-28T20:53:26.818077,6,94.0,9328.0,395.55
2026-09-28T20:53:26.818077,7,86.0,13106.0,396.14
2026-09-28T20:53:27.800685,4,0.0,20702.0,19.59
2026-09-28T20:53:27.800685,5,0.0,16520.0,43.1
2026-09-28T20:53:27.800685,6,96.0,9328.0,399.18
2026-09-28T20:53:27.800685,7,86.0,13106.0,404.0
2026-09-28T20:53:28.797506,4,0.0,20702.0,19.5
2026-09-28T20:53:28.797506,5,0.0,16520.0,35.64
2026-09-28T20:53:28.797506,6,97.0,9328.0,388.4
2026-09-28T20:53:28.797506,7,96.0,13106.0,408.76
2026-09-28T20:53:29.797817,4,0.0,20702.0,19.55
2026-09-28T20:53:29.797817,5,0.0,16520.0,34.06
2026-09-28T20:53:29.797817,6,91.0,9328.0,401.17
2026-09-28T20:53:29.797817,7,93.0,13106.0,399.4
2026-09-28T20:53:30.800398,4,0.0,20702.0,19.39
2026-09-28T20:53:30.800398,5,0.0,16520.0,33.59
2026-09-28T20:53:30.800398,6,93.0,9328.0,388.16
2026-09-28T20:53:30.800398,7,85.0,13106.0,402.8
2026-09-28T20:53:31.800836,4,0.0,20702.0,19.24
2026-09-28T20:53:31.800836,5,0.0,16520.0,33.42
2026-09-28T20:53:31.800836,6,97.0,9328.0,407.99
2026-09-28T20:53:31.800836,7,97.0,13106.0,400.74
2026-09-28T20:53:32.801705,4,0.0,20702.0,19.31
2026-09-28T20:53:32.801705,5,0.0,16520.0,33.4
2026-09-28T20:53:32.801705,6,95.0,9328.0,384.1
2026-09-28T20:53:32.801705,7,97.0,13106.0,409.18
2026-09-28T20:53:33.852779,4,0.0,20702.0,19.57
2026-09-28T20:53:33.852779,5,0.0,16520.0,33.02
2026-09-28T20:53:33.852779,6,87.0,9328.0,396.42
2026-09-28T20:53:33.852779,7,93.0,13106.0,417.38
2026-09-28T20:53:34.800912,4,0.0,20702.0,19.79
2026-09-28T20:53:34.800912,5,0.0,16520.0,32.54
2026-09-28T20:53:34.800912,6,84.0,9328.0,389.23
2026-09-28T20:53:34.800912,7,91.0,13106.0,411.11
2026-09-28T20:53:35.802225,4,0.0,20702.0,19.61
2026-09-28T20:53:35.802225,5,0.0,16520.0,32.39
2026-09-28T20:53:35.802225,6,95.0,9328.0,391.31
2026-09-28T20:53:35.802225,7,96.0,13106.0,409.07
2026-09-28T20:53:36.802429,4,0.0,20702.0,19.27
2026-09-28T20:53:36.802429,5,0.0,16520.0,32.25
2026-09-28T20:53:36.802429,6,96.0,9328.0,395.85
2026-09-28T20:53:36.802429,7,95.0,13106.0,400.09
2026-09-28T20:53:37.801336,4,0.0,20702.0,19.4
2026-09-28T20:53:37.801336,5,0.0,16520.0,31.97
2026-09-28T20:53:37.801336,6,88.0,9328.0,389.9
2026-09-28T20:53:37.801336,7,93.0,13106.0,412.77
2026-09-28T20:53:38.802213,4,0.0,20702.0,19.68
2026-09-28T20:53:38.802213,5,0.0,16520.0,31.83
2026-09-28T20:53:38.802213,6,83.0,9328.0,403.81
2026-09-28T20:53:38.802213,7,94.0,13106.0,407.01
2026-09-28T20:53:39.801844,4,0.0,20702.0,19.63
2026-09-28T20:53:39.801844,5,0.0,16520.0,31.62
2026-09-28T20:53:39.801844,6,96.0,9328.0,384.64
2026-09-28T20:53:39.801844,7,96.0,13106.0,417.91
2026-09-28T20:53:40.816762,4,0.0,20702.0,19.61
2026-09-28T20:53:40.816762,5,0.0,16520.0,31.48
2026-09-28T20:53:40.816762,6,97.0,9328.0,388.6
2026-09-28T20:53:40.816762,7,96.0,13106.0,405.52
2026-09-28T20:53:41.801912,4,0.0,20702.0,19.57
2026-09-28T20:53:41.801912,5,0.0,16520.0,31.31
2026-09-28T20:53:41.801912,6,85.0,9328.0,388.83
2026-09-28T20:53:41.801912,7,91.0,13106.0,409.58
2026-09-28T20:53:42.801768,4,0.0,20702.0,19.58
2026-09-28T20:53:42.801768,5,0.0,16520.0,31.45
2026-09-28T20:53:42.801768,6,81.0,9328.0,389.99
2026-09-28T20:53:42.801768,7,93.0,13106.0,412.85
2026-09-28T20:53:43.803471,4,0.0,20702.0,19.58
2026-09-28T20:53:43.803471,5,0.0,16520.0,31.68
2026-09-28T20:53:43.803471,6,97.0,9328.0,396.3
2026-09-28T20:53:43.803471,7,97.0,13106.0,415.2
2026-09-28T20:53:44.801683,4,0.0,20702.0,19.48
2026-09-28T20:53:44.801683,5,0.0,16520.0,31.71
2026-09-28T20:53:44.801683,6,97.0,9328.0,391.34
2026-09-28T20:53:44.801683,7,95.0,13106.0,416.12
2026-09-28T20:53:45.802468,4,0.0,20702.0,19.51
2026-09-28T20:53:45.802468,5,0.0,16520.0,31.91
2026-09-28T20:53:45.802468,6,88.0,9328.0,404.21
2026-09-28T20:53:45.802468,7,90.0,13106.0,402.77
2026-09-28T20:53:46.864149,4,0.0,20702.0,19.56
2026-09-28T20:53:46.864149,5,0.0,16520.0,32.04
2026-09-28T20:53:46.864149,6,86.0,9328.0,396.58
2026-09-28T20:53:46.864149,7,84.0,13106.0,413.61
2026-09-28T20:53:47.803100,4,0.0,20702.0,19.52
2026-09-28T20:53:47.803100,5,0.0,16520.0,31.8
2026-09-28T20:53:47.803100,6,96.0,9328.0,404.29
2026-09-28T20:53:47.803100,7,96.0,13106.0,408.19
2026-09-28T20:53:48.800504,4,0.0,20702.0,19.48
2026-09-28T20:53:48.800504,5,0.0,16520.0,31.68
2026-09-28T20:53:48.800504,6,94.0,9328.0,390.74
2026-09-28T20:53:48.800504,7,97.0,13106.0,412.29
2026-09-28T20:53:49.798481,4,0.0,20702.0,19.52
2026-09-28T20:53:49.798481,5,0.0,16520.0,31.68
2026-09-28T20:53:49.798481,6,85.0,9328.0,398.64
2026-09-28T20:53:49.798481,7,84.0,13106.0,405.28
2026-09-28T20:53:50.801932,4,0.0,20702.0,19.43
2026-09-28T20:53:50.801932,5,0.0,16520.0,31.76
2026-09-28T20:53:50.801932,6,84.0,9328.0,393.21
2026-09-28T20:53:50.801932,7,83.0,13106.0,406.36
2026-09-28T20:53:51.802858,4,0.0,20702.0,19.33
2026-09-28T20:53:51.802858,5,0.0,16520.0,31.77
2026-09-28T20:53:51.802858,6,96.0,9328.0,393.08
2026-09-28T20:53:51.802858,7,96.0,13106.0,411.96
2026-09-28T20:53:52.812921,4,0.0,20702.0,19.41
2026-09-28T20:53:52.812921,5,0.0,16520.0,31.69
2026-09-28T20:53:52.812921,6,95.0,9328.0,405.61
2026-09-28T20:53:52.812921,7,97.0,13106.0,406.81
2026-09-28T20:53:53.805894,4,0.0,20702.0,19.44
2026-09-28T20:53:53.805894,5,0.0,16520.0,31.58
2026-09-28T20:53:53.805894,6,88.0,9328.0,398.78
2026-09-28T20:53:53.805894,7,84.0,13106.0,413.51
2026-09-28T20:53:54.804237,4,0.0,20702.0,19.35
2026-09-28T20:53:54.804237,5,0.0,16520.0,31.53
2026-09-28T20:53:54.804237,6,82.0,9328.0,400.14
2026-09-28T20:53:54.804237,7,83.0,13106.0,405.98
2026-09-28T20:53:55.802519,4,0.0,20702.0,19.38
2026-09-28T20:53:55.802519,5,0.0,16520.0,31.56
2026-09-28T20:53:55.802519,6,96.0,9328.0,396.39
2026-09-28T20:53:55.802519,7,96.0,13106.0,407.98
2026-09-28T20:53:56.800253,4,0.0,20702.0,19.48
2026-09-28T20:53:56.800253,5,0.0,16520.0,31.53
2026-09-28T20:53:56.800253,6,95.0,9328.0,395.23
2026-09-28T20:53:56.800253,7,97.0,13106.0,412.06
2026-09-28T20:53:57.802776,4,0.0,20702.0,19.57
2026-09-28T20:53:57.802776,5,0.0,16520.0,31.53
2026-09-28T20:53:57.802776,6,85.0,9328.0,396.65
2026-09-28T20:53:57.802776,7,84.0,13106.0,417.21
2026-09-28T20:53:58.802803,4,0.0,20702.0,19.59
2026-09-28T20:53:58.802803,5,0.0,16520.0,31.22
2026-09-28T20:53:58.802803,6,83.0,9328.0,395.9
2026-09-28T20:53:58.802803,7,87.0,13106.0,413.07
2026-09-28T20:53:59.855764,4,0.0,20702.0,19.56
2026-09-28T20:53:59.855764,5,0.0,16520.0,30.89
2026-09-28T20:53:59.855764,6,97.0,9328.0,400.87
2026-09-28T20:53:59.855764,7,97.0,13106.0,422.94
2026-09-28T20:54:00.801712,4,0.0,20702.0,19.62
2026-09-28T20:54:00.801712,5,0.0,16520.0,30.87
2026-09-28T20:54:00.801712,6,96.0,9328.0,405.43
2026-09-28T20:54:00.801712,7,96.0,13106.0,414.87
2026-09-28T20:54:01.803476,4,0.0,20702.0,19.48
2026-09-28T20:54:01.803476,5,0.0,16520.0,30.95
2026-09-28T20:54:01.803476,6,86.0,9328.0,404.89
2026-09-28T20:54:01.803476,7,84.0,13106.0,413.57
2026-09-28T20:54:02.803587,4,0.0,20702.0,19.39
2026-09-28T20:54:02.803587,5,0.0,16520.0,31.1
2026-09-28T20:54:02.803587,6,85.0,9328.0,397.6
2026-09-28T20:54:02.803587,7,83.0,13106.0,410.12
2026-09-28T20:54:03.804197,4,0.0,20702.0,19.34
2026-09-28T20:54:03.804197,5,0.0,16520.0,31.28
2026-09-28T20:54:03.804197,6,97.0,9328.0,411.98
2026-09-28T20:54:03.804197,7,96.0,13106.0,412.58
2026-09-28T20:54:04.799893,4,0.0,20702.0,19.28
2026-09-28T20:54:04.799893,5,0.0,16520.0,31.22
2026-09-28T20:54:04.799893,6,94.0,9328.0,407.89
2026-09-28T20:54:04.799893,7,95.0,13106.0,410.02
2026-09-28T20:54:05.826350,4,0.0,20702.0,19.33
2026-09-28T20:54:05.826350,5,0.0,16520.0,31.14
2026-09-28T20:54:05.826350,6,85.0,9328.0,406.38
2026-09-28T20:54:05.826350,7,85.0,13106.0,403.38
2026-09-28T20:54:06.806364,4,0.0,20702.0,19.3
2026-09-28T20:54:06.806364,5,0.0,16520.0,31.42
2026-09-28T20:54:06.806364,6,85.0,9328.0,397.16
2026-09-28T20:54:06.806364,7,85.0,13106.0,413.7
2026-09-28T20:54:07.806239,4,0.0,20702.0,19.19
2026-09-28T20:54:07.806239,5,0.0,16520.0,31.58
2026-09-28T20:54:07.806239,6,95.0,9328.0,399.95
2026-09-28T20:54:07.806239,7,96.0,13106.0,411.45
2026-09-28T20:54:08.802233,4,0.0,20702.0,19.06
2026-09-28T20:54:08.802233,5,0.0,16520.0,31.57
2026-09-28T20:54:08.802233,6,94.0,9328.0,411.49
2026-09-28T20:54:08.802233,7,96.0,13106.0,410.1
2026-09-28T20:54:09.802632,4,0.0,20702.0,19.03
2026-09-28T20:54:09.802632,5,0.0,16520.0,31.65
2026-09-28T20:54:09.802632,6,87.0,9328.0,400.59
2026-09-28T20:54:09.802632,7,84.0,13106.0,418.26
2026-09-28T20:54:10.804893,4,0.0,20702.0,18.9
2026-09-28T20:54:10.804893,5,0.0,16520.0,31.59
2026-09-28T20:54:10.804893,6,86.0,9328.0,400.94
2026-09-28T20:54:10.804893,7,86.0,13106.0,408.38
2026-09-28T20:54:11.807035,4,0.0,20702.0,18.79
2026-09-28T20:54:11.807035,5,0.0,16520.0,31.51
2026-09-28T20:54:11.807035,6,96.0,9328.0,397.89
2026-09-28T20:54:11.807035,7,96.0,13106.0,422.45
2026-09-28T20:54:12.868359,4,0.0,20702.0,18.78
2026-09-28T20:54:12.868359,5,0.0,16520.0,31.45
2026-09-28T20:54:12.868359,6,93.0,9328.0,403.11
2026-09-28T20:54:12.868359,7,95.0,13106.0,412.55
2026-09-28T20:54:13.806198,4,0.0,20702.0,18.81
2026-09-28T20:54:13.806198,5,0.0,16520.0,31.42
2026-09-28T20:54:13.806198,6,91.0,9328.0,412.08
2026-09-28T20:54:13.806198,7,85.0,13106.0,404.6
2026-09-28T20:54:14.804562,4,0.0,20702.0,18.9
2026-09-28T20:54:14.804562,5,0.0,16520.0,31.38
2026-09-28T20:54:14.804562,6,95.0,9328.0,405.37
2026-09-28T20:54:14.804562,7,86.0,13106.0,411.32
2026-09-28T20:54:15.807851,4,0.0,20702.0,19.09
2026-09-28T20:54:15.807851,5,0.0,16520.0,31.4
2026-09-28T20:54:15.807851,6,97.0,9328.0,412.7
2026-09-28T20:54:15.807851,7,97.0,13106.0,410.21
2026-09-28T20:54:16.802819,4,0.0,20702.0,19.24
2026-09-28T20:54:16.802819,5,0.0,16520.0,31.45
2026-09-28T20:54:16.802819,6,94.0,9328.0,407.83
2026-09-28T20:54:16.802819,7,93.0,13106.0,411.71
2026-09-28T20:54:17.805189,4,0.0,20702.0,19.23
2026-09-28T20:54:17.805189,5,0.0,16520.0,31.37
2026-09-28T20:54:17.805189,6,85.0,9328.0,402.16
2026-09-28T20:54:17.805189,7,94.0,13106.0,415.47
2026-09-28T20:54:18.840368,4,0.0,20702.0,19.25
2026-09-28T20:54:18.840368,5,0.0,16520.0,31.25
2026-09-28T20:54:18.840368,6,97.0,9328.0,413.21
2026-09-28T20:54:18.840368,7,96.0,13106.0,422.37
2026-09-28T20:54:19.803957,4,0.0,20702.0,19.27
2026-09-28T20:54:19.803957,5,0.0,16520.0,31.13
2026-09-28T20:54:19.803957,6,94.0,9328.0,406.17
2026-09-28T20:54:19.803957,7,97.0,13106.0,410.24
2026-09-28T20:54:20.812719,4,0.0,20702.0,19.33
2026-09-28T20:54:20.812719,5,0.0,16520.0,31.05
2026-09-28T20:54:20.812719,6,85.0,9328.0,398.36
2026-09-28T20:54:20.812719,7,94.0,13106.0,422.5
2026-09-28T20:54:21.800182,4,0.0,20702.0,19.33
2026-09-28T20:54:21.800182,5,0.0,16520.0,31.18
2026-09-28T20:54:21.800182,6,42.0,9328.0,358.07
2026-09-28T20:54:21.800182,7,5.0,13106.0,391.52
2026-09-28T20:54:22.807966,4,57.0,20702.0,28.0
2026-09-28T20:54:22.807966,5,0.0,16520.0,31.14
2026-09-28T20:54:22.807966,6,39.0,9328.0,123.55
2026-09-28T20:54:22.807966,7,99.0,13106.0,136.62
2026-09-28T20:54:23.798956,4,98.0,20702.0,365.75
2026-09-28T20:54:23.798956,5,0.0,16520.0,30.95
2026-09-28T20:54:23.798956,6,0.0,9328.0,115.09
2026-09-28T20:54:23.798956,7,100.0,13106.0,140.35
2026-09-28T20:54:24.805280,4,64.0,20702.0,338.05
2026-09-28T20:54:24.805280,5,0.0,16520.0,30.61
2026-09-28T20:54:24.805280,6,0.0,9328.0,98.57
2026-09-28T20:54:24.805280,7,100.0,13106.0,139.93
2026-09-28T20:54:25.844259,4,73.0,20702.0,294.85
2026-09-28T20:54:25.844259,5,0.0,16520.0,30.51
2026-09-28T20:54:25.844259,6,0.0,9328.0,98.34
2026-09-28T20:54:25.844259,7,100.0,13106.0,139.58
2026-09-28T20:54:26.797846,4,67.0,20702.0,298.02
2026-09-28T20:54:26.797846,5,0.0,16520.0,30.68
2026-09-28T20:54:26.797846,6,0.0,9328.0,98.01
2026-09-28T20:54:26.797846,7,100.0,13106.0,138.78
2026-09-28T20:54:27.802919,4,68.0,20702.0,301.3
2026-09-28T20:54:27.802919,5,0.0,16520.0,30.63
2026-09-28T20:54:27.802919,6,0.0,9328.0,97.4
2026-09-28T20:54:27.802919,7,100.0,13106.0,138.5
2026-09-28T20:54:28.801005,4,69.0,20702.0,304.91
2026-09-28T20:54:28.801005,5,0.0,16520.0,30.61
2026-09-28T20:54:28.801005,6,0.0,9328.0,96.25
2026-09-28T20:54:28.801005,7,100.0,13106.0,137.78
2026-09-28T20:54:29.800563,4,62.0,20702.0,304.32
2026-09-28T20:54:29.800563,5,0.0,16520.0,30.84
2026-09-28T20:54:29.800563,6,0.0,9328.0,95.07
2026-09-28T20:54:29.800563,7,100.0,13106.0,137.33
2026-09-28T20:54:30.802978,4,70.0,20702.0,198.27
2026-09-28T20:54:30.802978,5,0.0,16520.0,30.94
2026-09-28T20:54:30.802978,6,0.0,9328.0,94.29
2026-09-28T20:54:30.802978,7,100.0,13106.0,136.83
2026-09-28T20:54:31.800536,4,71.0,20702.0,309.68
2026-09-28T20:54:31.800536,5,0.0,16520.0,30.74
2026-09-28T20:54:31.800536,6,0.0,9328.0,93.68
2026-09-28T20:54:31.800536,7,100.0,13106.0,136.1
2026-09-28T20:54:32.844703,4,79.0,20702.0,311.4
2026-09-28T20:54:32.844703,5,0.0,16520.0,30.88
2026-09-28T20:54:32.844703,6,0.0,9328.0,92.79
2026-09-28T20:54:32.844703,7,100.0,13106.0,135.42
2026-09-28T20:54:33.801048,4,76.0,20702.0,311.95
2026-09-28T20:54:33.801048,5,0.0,16520.0,31.24
2026-09-28T20:54:33.801048,6,0.0,9328.0,91.54
2026-09-28T20:54:33.801048,7,100.0,13106.0,134.63
2026-09-28T20:54:34.844292,4,73.0,20702.0,312.89
2026-09-28T20:54:34.844292,5,0.0,16520.0,31.08
2026-09-28T20:54:34.844292,6,0.0,9328.0,90.15
2026-09-28T20:54:34.844292,7,100.0,13106.0,133.96
2026-09-28T20:54:35.805263,4,74.0,20702.0,315.15
2026-09-28T20:54:35.805263,5,0.0,16520.0,30.89
2026-09-28T20:54:35.805263,6,0.0,9328.0,88.31
2026-09-28T20:54:35.805263,7,100.0,13106.0,133.46
2026-09-28T20:54:36.805463,4,81.0,20702.0,317.08
2026-09-28T20:54:36.805463,5,0.0,16520.0,30.82
2026-09-28T20:54:36.805463,6,0.0,9328.0,86.6
2026-09-28T20:54:36.805463,7,100.0,13106.0,132.35
2026-09-28T20:54:37.806374,4,74.0,20702.0,318.09
2026-09-28T20:54:37.806374,5,0.0,16520.0,30.78
2026-09-28T20:54:37.806374,6,0.0,9328.0,85.67
2026-09-28T20:54:37.806374,7,100.0,13106.0,131.88
2026-09-28T20:54:38.803866,4,77.0,20702.0,318.69
2026-09-28T20:54:38.803866,5,0.0,16520.0,30.89
2026-09-28T20:54:38.803866,6,0.0,9328.0,84.86
2026-09-28T20:54:38.803866,7,100.0,13106.0,131.03
2026-09-28T20:54:39.802775,4,77.0,20702.0,321.29
2026-09-28T20:54:39.802775,5,0.0,16520.0,30.91
2026-09-28T20:54:39.802775,6,0.0,9328.0,75.27
2026-09-28T20:54:39.802775,7,100.0,13106.0,129.73
2026-09-28T20:54:40.866278,4,77.0,20702.0,322.78
2026-09-28T20:54:40.866278,5,0.0,16520.0,30.94
2026-09-28T20:54:40.866278,6,0.0,9328.0,49.59
2026-09-28T20:54:40.866278,7,100.0,13106.0,128.7
2026-09-28T20:54:41.806567,4,81.0,20702.0,322.62
2026-09-28T20:54:41.806567,5,0.0,16520.0,31.17
2026-09-28T20:54:41.806567,6,0.0,9328.0,28.46
2026-09-28T20:54:41.806567,7,100.0,13106.0,127.31
2026-09-28T20:54:42.802908,4,82.0,20702.0,326.21
2026-09-28T20:54:42.802908,5,0.0,16520.0,31.24
2026-09-28T20:54:42.802908,6,0.0,9328.0,23.7
2026-09-28T20:54:42.802908,7,100.0,13106.0,126.41
2026-09-28T20:54:43.805635,4,82.0,20702.0,326.75
2026-09-28T20:54:43.805635,5,0.0,16520.0,31.1
2026-09-28T20:54:43.805635,6,0.0,9328.0,23.47
2026-09-28T20:54:43.805635,7,100.0,13106.0,125.69
2026-09-28T20:54:44.805146,4,81.0,20702.0,327.64
2026-09-28T20:54:44.805146,5,0.0,16520.0,30.9
2026-09-28T20:54:44.805146,6,0.0,9328.0,23.35
2026-09-28T20:54:44.805146,7,100.0,13106.0,125.26
2026-09-28T20:54:45.804454,4,83.0,20702.0,327.79
2026-09-28T20:54:45.804454,5,0.0,16520.0,30.99
2026-09-28T20:54:45.804454,6,0.0,9328.0,23.25
2026-09-28T20:54:45.804454,7,100.0,13106.0,124.29
2026-09-28T20:54:46.848039,4,84.0,20702.0,329.45
2026-09-28T20:54:46.848039,5,0.0,16520.0,31.17
2026-09-28T20:54:46.848039,6,0.0,9328.0,23.19
2026-09-28T20:54:46.848039,7,100.0,13106.0,123.65
2026-09-28T20:54:47.805470,4,0.0,20702.0,245.94
2026-09-28T20:54:47.805470,5,0.0,16520.0,31.22
2026-09-28T20:54:47.805470,6,0.0,9328.0,23.19
2026-09-28T20:54:47.805470,7,100.0,13106.0,123.11
2026-09-28T20:54:48.808569,4,83.0,20702.0,258.99
2026-09-28T20:54:48.808569,5,0.0,16520.0,31.19
2026-09-28T20:54:48.808569,6,0.0,9328.0,23.2
2026-09-28T20:54:48.808569,7,100.0,13106.0,122.91
2026-09-28T20:54:49.810695,4,82.0,20702.0,323.63
2026-09-28T20:54:49.810695,5,0.0,16520.0,30.72
2026-09-28T20:54:49.810695,6,0.0,9328.0,23.17
2026-09-28T20:54:49.810695,7,100.0,13106.0,122.81
2026-09-28T20:54:50.811168,4,83.0,20702.0,322.96
2026-09-28T20:54:50.811168,5,0.0,16520.0,30.14
2026-09-28T20:54:50.811168,6,0.0,9328.0,23.15
2026-09-28T20:54:50.811168,7,100.0,13106.0,122.38
2026-09-28T20:54:51.806297,4,80.0,20702.0,322.27
2026-09-28T20:54:51.806297,5,0.0,16520.0,29.87
2026-09-28T20:54:51.806297,6,0.0,9328.0,23.19
2026-09-28T20:54:51.806297,7,100.0,13106.0,122.16
2026-09-28T20:54:52.836223,4,82.0,20702.0,331.39
2026-09-28T20:54:52.836223,5,0.0,16520.0,30.0
2026-09-28T20:54:52.836223,6,0.0,9328.0,23.22
2026-09-28T20:54:52.836223,7,100.0,13106.0,121.58
2026-09-28T20:54:53.808828,4,83.0,20702.0,334.75
2026-09-28T20:54:53.808828,5,0.0,16520.0,30.15
2026-09-28T20:54:53.808828,6,0.0,9328.0,23.16
2026-09-28T20:54:53.808828,7,100.0,13106.0,121.11
2026-09-28T20:54:54.818574,4,83.0,20702.0,331.64
2026-09-28T20:54:54.818574,5,0.0,16520.0,30.14
2026-09-28T20:54:54.818574,6,0.0,9328.0,23.11
2026-09-28T20:54:54.818574,7,100.0,13106.0,120.42
2026-09-28T20:54:55.807059,4,84.0,20702.0,316.84
2026-09-28T20:54:55.807059,5,0.0,16520.0,30.26
2026-09-28T20:54:55.807059,6,0.0,9328.0,23.12
2026-09-28T20:54:55.807059,7,100.0,13106.0,120.03
2026-09-28T20:54:56.812090,4,82.0,20702.0,314.54
2026-09-28T20:54:56.812090,5,0.0,16520.0,30.32
2026-09-28T20:54:56.812090,6,0.0,9328.0,23.25
2026-09-28T20:54:56.812090,7,100.0,13106.0,119.01
2026-09-28T20:54:57.817601,4,87.0,20702.0,315.14
2026-09-28T20:54:57.817601,5,0.0,16520.0,30.45
2026-09-28T20:54:57.817601,6,0.0,9328.0,23.38
2026-09-28T20:54:57.817601,7,100.0,13106.0,117.64
2026-09-28T20:54:58.806001,4,86.0,20702.0,320.56
2026-09-28T20:54:58.806001,5,0.0,16520.0,30.69
2026-09-28T20:54:58.806001,6,0.0,9328.0,23.4
2026-09-28T20:54:58.806001,7,100.0,13106.0,117.7
2026-09-28T20:54:59.810402,4,88.0,20702.0,324.17
2026-09-28T20:54:59.810402,5,0.0,16520.0,30.76
2026-09-28T20:54:59.810402,6,0.0,9328.0,23.38
2026-09-28T20:54:59.810402,7,100.0,13106.0,118.28
2026-09-28T20:55:00.808996,4,86.0,20702.0,318.65
2026-09-28T20:55:00.808996,5,0.0,16520.0,30.77
2026-09-28T20:55:00.808996,6,0.0,9328.0,23.42
2026-09-28T20:55:00.808996,7,100.0,13106.0,117.65
2026-09-28T20:55:01.809870,4,88.0,20702.0,321.76
2026-09-28T20:55:01.809870,5,0.0,16520.0,30.65
2026-09-28T20:55:01.809870,6,0.0,9328.0,23.36
2026-09-28T20:55:01.809870,7,100.0,13106.0,117.21
2026-09-28T20:55:02.807831,4,87.0,20702.0,323.79
2026-09-28T20:55:02.807831,5,0.0,16520.0,30.43
2026-09-28T20:55:02.807831,6,0.0,9328.0,23.17
2026-09-28T20:55:02.807831,7,100.0,13106.0,116.64
2026-09-28T20:55:03.829560,4,87.0,20702.0,321.03
2026-09-28T20:55:03.829560,5,0.0,16520.0,30.06
2026-09-28T20:55:03.829560,6,0.0,9328.0,23.06
2026-09-28T20:55:03.829560,7,100.0,13106.0,116.33
2026-09-28T20:55:04.808942,4,89.0,20702.0,322.82
2026-09-28T20:55:04.808942,5,0.0,16520.0,29.97
2026-09-28T20:55:04.808942,6,0.0,9328.0,23.04
2026-09-28T20:55:04.808942,7,100.0,13106.0,116.18
2026-09-28T20:55:05.810288,4,88.0,20702.0,322.38
2026-09-28T20:55:05.810288,5,0.0,16520.0,30.15
2026-09-28T20:55:05.810288,6,0.0,9328.0,22.98
2026-09-28T20:55:05.810288,7,100.0,13106.0,115.85
2026-09-28T20:55:06.810766,4,89.0,20702.0,316.8
2026-09-28T20:55:06.810766,5,0.0,16520.0,30.26
2026-09-28T20:55:06.810766,6,0.0,9328.0,22.84
2026-09-28T20:55:06.810766,7,100.0,13106.0,115.64
2026-09-28T20:55:07.808343,4,89.0,20702.0,316.84
2026-09-28T20:55:07.808343,5,0.0,16520.0,30.2
2026-09-28T20:55:07.808343,6,0.0,9328.0,22.76
2026-09-28T20:55:07.808343,7,100.0,13106.0,115.54
2026-09-28T20:55:08.805122,4,89.0,20702.0,317.53
2026-09-28T20:55:08.805122,5,0.0,16520.0,29.97
2026-09-28T20:55:08.805122,6,0.0,9328.0,22.68
2026-09-28T20:55:08.805122,7,100.0,13106.0,114.98
2026-09-28T20:55:09.859142,4,89.0,20702.0,318.52
2026-09-28T20:55:09.859142,5,0.0,16520.0,29.93
2026-09-28T20:55:09.859142,6,0.0,9328.0,22.61
2026-09-28T20:55:09.859142,7,100.0,13106.0,114.88
2026-09-28T20:55:10.812896,4,89.0,20702.0,319.43
2026-09-28T20:55:10.812896,5,0.0,16520.0,30.05
2026-09-28T20:55:10.812896,6,0.0,9328.0,22.66
2026-09-28T20:55:10.812896,7,100.0,13106.0,114.3
2026-09-28T20:55:11.810007,4,89.0,20702.0,319.79
2026-09-28T20:55:11.810007,5,0.0,16520.0,30.09
2026-09-28T20:55:11.810007,6,0.0,9328.0,22.78
2026-09-28T20:55:11.810007,7,100.0,13106.0,114.06
2026-09-28T20:55:12.809687,4,89.0,20702.0,320.1
2026-09-28T20:55:12.809687,5,0.0,16520.0,30.28
2026-09-28T20:55:12.809687,6,0.0,9328.0,22.86
2026-09-28T20:55:12.809687,7,100.0,13106.0,113.75
2026-09-28T20:55:13.807195,4,90.0,20702.0,319.15
2026-09-28T20:55:13.807195,5,0.0,16520.0,30.46
2026-09-28T20:55:13.807195,6,0.0,9328.0,22.84
2026-09-28T20:55:13.807195,7,100.0,13106.0,113.79
2026-09-28T20:55:14.807211,4,90.0,20702.0,310.55
2026-09-28T20:55:14.807211,5,0.0,16520.0,30.58
2026-09-28T20:55:14.807211,6,0.0,9328.0,22.88
2026-09-28T20:55:14.807211,7,100.0,13106.0,113.27
2026-09-28T20:55:15.848082,4,86.0,20702.0,298.73
2026-09-28T20:55:15.848082,5,0.0,16520.0,30.66
2026-09-28T20:55:15.848082,6,0.0,9328.0,22.9
2026-09-28T20:55:15.848082,7,100.0,13106.0,113.0
2026-09-28T20:55:16.809717,4,91.0,20702.0,290.84
2026-09-28T20:55:16.809717,5,0.0,16520.0,30.3
2026-09-28T20:55:16.809717,6,0.0,9328.0,22.71
2026-09-28T20:55:16.809717,7,100.0,13106.0,113.03
2026-09-28T20:55:17.806951,4,90.0,20702.0,283.62
2026-09-28T20:55:17.806951,5,0.0,16520.0,30.25
2026-09-28T20:55:17.806951,6,0.0,9328.0,22.54
2026-09-28T20:55:17.806951,7,100.0,13106.0,113.21
2026-09-28T20:55:18.801271,4,0.0,20702.0,238.69
2026-09-28T20:55:18.801271,5,0.0,16520.0,30.47
2026-09-28T20:55:18.801271,6,12.0,9328.0,38.99
2026-09-28T20:55:18.801271,7,12.0,13106.0,111.25
2026-09-28T20:55:19.802495,4,0.0,20702.0,125.8
2026-09-28T20:55:19.802495,5,0.0,16520.0,30.59
2026-09-28T20:55:19.802495,6,11.0,9328.0,85.33
2026-09-28T20:55:19.802495,7,11.0,13106.0,105.17
2026-09-28T20:55:20.802165,4,0.0,20702.0,100.56
2026-09-28T20:55:20.802165,5,0.0,16520.0,30.57
2026-09-28T20:55:20.802165,6,12.0,9328.0,86.07
2026-09-28T20:55:20.802165,7,12.0,13106.0,100.15
2026-09-28T20:55:21.832306,4,0.0,20702.0,93.45
2026-09-28T20:55:21.832306,5,0.0,16520.0,30.39
2026-09-28T20:55:21.832306,6,11.0,9328.0,84.97
2026-09-28T20:55:21.832306,7,12.0,13106.0,90.83
2026-09-28T20:55:22.806085,4,0.0,20702.0,86.33
2026-09-28T20:55:22.806085,5,95.0,16520.0,139.6
2026-09-28T20:55:22.806085,6,0.0,9328.0,84.14
2026-09-28T20:55:22.806085,7,100.0,13106.0,95.3
2026-09-28T20:55:23.805743,4,0.0,20702.0,86.09
2026-09-28T20:55:23.805743,5,96.0,16520.0,450.07
2026-09-28T20:55:23.805743,6,0.0,9328.0,81.37
2026-09-28T20:55:23.805743,7,100.0,13106.0,112.87
2026-09-28T20:55:24.804583,4,0.0,20702.0,85.76
2026-09-28T20:55:24.804583,5,96.0,16520.0,448.06
2026-09-28T20:55:24.804583,6,0.0,9328.0,80.34
2026-09-28T20:55:24.804583,7,100.0,13106.0,112.51
2026-09-28T20:55:25.804434,4,0.0,20702.0,85.34
2026-09-28T20:55:25.804434,5,95.0,16520.0,449.92
2026-09-28T20:55:25.804434,6,0.0,9328.0,80.28
2026-09-28T20:55:25.804434,7,100.0,13106.0,112.49
2026-09-28T20:55:26.805075,4,0.0,20702.0,85.27
2026-09-28T20:55:26.805075,5,95.0,16520.0,449.22
2026-09-28T20:55:26.805075,6,0.0,9328.0,80.33
2026-09-28T20:55:26.805075,7,100.0,13106.0,112.5
2026-09-28T20:55:27.803311,4,0.0,20702.0,85.17
2026-09-28T20:55:27.803311,5,95.0,16520.0,449.04
2026-09-28T20:55:27.803311,6,0.0,9328.0,80.23
2026-09-28T20:55:27.803311,7,100.0,13106.0,112.49
2026-09-28T20:55:28.828742,4,0.0,20702.0,84.89
2026-09-28T20:55:28.828742,5,96.0,16520.0,447.73
2026-09-28T20:55:28.828742,6,0.0,9328.0,80.14
2026-09-28T20:55:28.828742,7,100.0,13106.0,112.49
2026-09-28T20:55:29.803467,4,0.0,20702.0,84.58
2026-09-28T20:55:29.803467,5,99.0,16520.0,449.01
2026-09-28T20:55:29.803467,6,0.0,9328.0,80.27
2026-09-28T20:55:29.803467,7,100.0,13106.0,112.17
2026-09-28T20:55:30.802619,4,0.0,20702.0,84.05
2026-09-28T20:55:30.802619,5,94.0,16520.0,448.91
2026-09-28T20:55:30.802619,6,0.0,9328.0,80.31
2026-09-28T20:55:30.802619,7,100.0,13106.0,111.92
2026-09-28T20:55:31.807141,4,0.0,20702.0,83.7
2026-09-28T20:55:31.807141,5,96.0,16520.0,447.18
2026-09-28T20:55:31.807141,6,0.0,9328.0,80.4
2026-09-28T20:55:31.807141,7,100.0,13106.0,111.98
2026-09-28T20:55:32.804620,4,0.0,20702.0,83.5
2026-09-28T20:55:32.804620,5,96.0,16520.0,448.18
2026-09-28T20:55:32.804620,6,0.0,9328.0,80.59
2026-09-28T20:55:32.804620,7,100.0,13106.0,112.27
2026-09-28T20:55:33.805266,4,0.0,20702.0,83.08
2026-09-28T20:55:33.805266,5,90.0,16520.0,445.41
2026-09-28T20:55:33.805266,6,0.0,9328.0,80.64
2026-09-28T20:55:33.805266,7,100.0,13106.0,112.27
2026-09-28T20:55:34.836371,4,0.0,20702.0,82.68
2026-09-28T20:55:34.836371,5,95.0,16520.0,444.01
2026-09-28T20:55:34.836371,6,0.0,9328.0,80.64
2026-09-28T20:55:34.836371,7,100.0,13106.0,111.91
2026-09-28T20:55:35.805551,4,0.0,20702.0,82.36
2026-09-28T20:55:35.805551,5,96.0,16520.0,437.08
2026-09-28T20:55:35.805551,6,0.0,9328.0,80.57
2026-09-28T20:55:35.805551,7,100.0,13106.0,111.76
2026-09-28T20:55:36.808445,4,0.0,20702.0,58.84
2026-09-28T20:55:36.808445,5,99.0,16520.0,450.33
2026-09-28T20:55:36.808445,6,0.0,9328.0,80.71
2026-09-28T20:55:36.808445,7,100.0,13106.0,111.89
2026-09-28T20:55:37.804941,4,0.0,20702.0,28.76
2026-09-28T20:55:37.804941,5,99.0,16520.0,450.46
2026-09-28T20:55:37.804941,6,0.0,9328.0,80.67
2026-09-28T20:55:37.804941,7,100.0,13106.0,111.5
2026-09-28T20:55:38.807703,4,0.0,20702.0,21.8
2026-09-28T20:55:38.807703,5,99.0,16520.0,449.7
2026-09-28T20:55:38.807703,6,0.0,9328.0,80.43
2026-09-28T20:55:38.807703,7,100.0,13106.0,111.5
2026-09-28T20:55:39.807750,4,0.0,20702.0,21.58
2026-09-28T20:55:39.807750,5,96.0,16520.0,446.83
2026-09-28T20:55:39.807750,6,0.0,9328.0,79.67
2026-09-28T20:55:39.807750,7,100.0,13106.0,111.56
2026-09-28T20:55:40.808410,4,0.0,20702.0,21.3
2026-09-28T20:55:40.808410,5,91.0,16520.0,442.65
2026-09-28T20:55:40.808410,6,0.0,9328.0,55.43
2026-09-28T20:55:40.808410,7,100.0,13106.0,111.6
2026-09-28T20:55:41.847271,4,0.0,20702.0,21.02
2026-09-28T20:55:41.847271,5,99.0,16520.0,448.63
2026-09-28T20:55:41.847271,6,0.0,9328.0,28.9
2026-09-28T20:55:41.847271,7,100.0,13106.0,111.43
2026-09-28T20:55:42.810317,4,0.0,20702.0,20.9
2026-09-28T20:55:42.810317,5,99.0,16520.0,450.99
2026-09-28T20:55:42.810317,6,0.0,9328.0,24.17
2026-09-28T20:55:42.810317,7,100.0,13106.0,111.53
2026-09-28T20:55:43.808444,4,0.0,20702.0,20.65
2026-09-28T20:55:43.808444,5,96.0,16520.0,449.03
2026-09-28T20:55:43.808444,6,0.0,9328.0,22.51
2026-09-28T20:55:43.808444,7,100.0,13106.0,111.76
2026-09-28T20:55:44.809712,4,0.0,20702.0,20.59
2026-09-28T20:55:44.809712,5,99.0,16520.0,449.64
2026-09-28T20:55:44.809712,6,0.0,9328.0,22.4
2026-09-28T20:55:44.809712,7,100.0,13106.0,111.57
2026-09-28T20:55:45.814802,4,0.0,20702.0,20.6
2026-09-28T20:55:45.814802,5,96.0,16520.0,448.62
2026-09-28T20:55:45.814802,6,0.0,9328.0,22.39
2026-09-28T20:55:45.814802,7,100.0,13106.0,111.97
2026-09-28T20:55:46.809506,4,0.0,20702.0,20.59
2026-09-28T20:55:46.809506,5,97.0,16520.0,449.88
2026-09-28T20:55:46.809506,6,0.0,9328.0,22.5
2026-09-28T20:55:46.809506,7,100.0,13106.0,112.1
2026-09-28T20:55:47.873242,4,0.0,20702.0,20.67
2026-09-28T20:55:47.873242,5,99.0,16520.0,450.25
2026-09-28T20:55:47.873242,6,0.0,9328.0,22.38
2026-09-28T20:55:47.873242,7,100.0,13106.0,112.07
2026-09-28T20:55:48.809695,4,0.0,20702.0,20.59
2026-09-28T20:55:48.809695,5,99.0,16520.0,450.5
2026-09-28T20:55:48.809695,6,0.0,9328.0,22.33
2026-09-28T20:55:48.809695,7,100.0,13106.0,112.18
2026-09-28T20:55:49.821480,4,0.0,20702.0,20.53
2026-09-28T20:55:49.821480,5,99.0,16520.0,450.48
2026-09-28T20:55:49.821480,6,0.0,9328.0,22.4
2026-09-28T20:55:49.821480,7,100.0,13106.0,112.25
2026-09-28T20:55:50.808203,4,0.0,20702.0,20.53
2026-09-28T20:55:50.808203,5,99.0,16520.0,449.67
2026-09-28T20:55:50.808203,6,0.0,9328.0,22.37
2026-09-28T20:55:50.808203,7,100.0,13106.0,112.25
2026-09-28T20:55:51.811003,4,0.0,20702.0,20.53
2026-09-28T20:55:51.811003,5,99.0,16520.0,450.61
2026-09-28T20:55:51.811003,6,0.0,9328.0,22.29
2026-09-28T20:55:51.811003,7,100.0,13106.0,111.91
2026-09-28T20:55:52.811149,4,0.0,20702.0,20.51
2026-09-28T20:55:52.811149,5,99.0,16520.0,449.85
2026-09-28T20:55:52.811149,6,0.0,9328.0,22.12
2026-09-28T20:55:52.811149,7,100.0,13106.0,112.1
2026-09-28T20:55:53.836228,4,0.0,20702.0,20.29
2026-09-28T20:55:53.836228,5,0.0,16520.0,161.1
2026-09-28T20:55:53.836228,6,99.0,9328.0,168.89
2026-09-28T20:55:53.836228,7,98.0,13106.0,309.73
2026-09-28T20:55:54.813320,4,0.0,20702.0,20.15
2026-09-28T20:55:54.813320,5,0.0,16520.0,116.84
2026-09-28T20:55:54.813320,6,87.0,9328.0,295.69
2026-09-28T20:55:54.813320,7,94.0,13106.0,384.66
2026-09-28T20:55:55.808776,4,0.0,20702.0,20.29
2026-09-28T20:55:55.808776,5,0.0,16520.0,110.33
2026-09-28T20:55:55.808776,6,97.0,9328.0,304.97
2026-09-28T20:55:55.808776,7,95.0,13106.0,385.41
2026-09-28T20:55:56.809796,4,0.0,20702.0,20.24
2026-09-28T20:55:56.809796,5,0.0,16520.0,103.96
2026-09-28T20:55:56.809796,6,95.0,9328.0,293.8
2026-09-28T20:55:56.809796,7,98.0,13106.0,393.17
2026-09-28T20:55:57.808803,4,0.0,20702.0,20.06
2026-09-28T20:55:57.808803,5,0.0,16520.0,103.5
2026-09-28T20:55:57.808803,6,99.0,9328.0,281.85
2026-09-28T20:55:57.808803,7,97.0,13106.0,389.23
2026-09-28T20:55:58.811307,4,0.0,20702.0,20.12
2026-09-28T20:55:58.811307,5,0.0,16520.0,102.96
2026-09-28T20:55:58.811307,6,92.0,9328.0,276.79
2026-09-28T20:55:58.811307,7,93.0,13106.0,397.38
2026-09-28T20:55:59.809866,4,0.0,20702.0,20.11
2026-09-28T20:55:59.809866,5,0.0,16520.0,102.29
2026-09-28T20:55:59.809866,6,99.0,9328.0,319.57
2026-09-28T20:55:59.809866,7,93.0,13106.0,389.36
2026-09-28T20:56:00.827055,4,0.0,20702.0,20.0
2026-09-28T20:56:00.827055,5,0.0,16520.0,101.58
2026-09-28T20:56:00.827055,6,96.0,9328.0,305.31
2026-09-28T20:56:00.827055,7,97.0,13106.0,389.08
2026-09-28T20:56:01.813343,4,0.0,20702.0,19.98
2026-09-28T20:56:01.813343,5,0.0,16520.0,101.07
2026-09-28T20:56:01.813343,6,100.0,9328.0,298.7
2026-09-28T20:56:01.813343,7,97.0,13106.0,394.79
2026-09-28T20:56:02.813725,4,0.0,20702.0,20.01
2026-09-28T20:56:02.813725,5,0.0,16520.0,100.33
2026-09-28T20:56:02.813725,6,87.0,9328.0,289.48
2026-09-28T20:56:02.813725,7,95.0,13106.0,399.05
2026-09-28T20:56:03.807325,4,0.0,20702.0,19.92
2026-09-28T20:56:03.807325,5,0.0,16520.0,99.57
2026-09-28T20:56:03.807325,6,97.0,9328.0,305.66
2026-09-28T20:56:03.807325,7,95.0,13106.0,401.46
2026-09-28T20:56:04.813221,4,0.0,20702.0,19.72
2026-09-28T20:56:04.813221,5,0.0,16520.0,98.79
2026-09-28T20:56:04.813221,6,95.0,9328.0,293.81
2026-09-28T20:56:04.813221,7,98.0,13106.0,403.37
2026-09-28T20:56:05.811582,4,0.0,20702.0,19.66
2026-09-28T20:56:05.811582,5,0.0,16520.0,98.14
2026-09-28T20:56:05.811582,6,99.0,9328.0,301.49
2026-09-28T20:56:05.811582,7,98.0,13106.0,416.1
2026-09-28T20:56:06.886681,4,0.0,20702.0,19.74
2026-09-28T20:56:06.886681,5,0.0,16520.0,97.68
2026-09-28T20:56:06.886681,6,90.0,9328.0,289.1
2026-09-28T20:56:06.886681,7,94.0,13106.0,397.8
2026-09-28T20:56:07.812717,4,0.0,20702.0,19.76
2026-09-28T20:56:07.812717,5,0.0,16520.0,96.99
2026-09-28T20:56:07.812717,6,99.0,9328.0,317.32
2026-09-28T20:56:07.812717,7,93.0,13106.0,403.04
2026-09-28T20:56:08.809476,4,0.0,20702.0,19.61
2026-09-28T20:56:08.809476,5,0.0,16520.0,96.27
2026-09-28T20:56:08.809476,6,96.0,9328.0,309.47
2026-09-28T20:56:08.809476,7,97.0,13106.0,402.33
2026-09-28T20:56:09.814990,4,0.0,20702.0,19.41
2026-09-28T20:56:09.814990,5,0.0,16520.0,95.8
2026-09-28T20:56:09.814990,6,99.0,9328.0,325.83
2026-09-28T20:56:09.814990,7,98.0,13106.0,403.56
2026-09-28T20:56:10.813927,4,0.0,20702.0,19.35
2026-09-28T20:56:10.813927,5,0.0,16520.0,79.14
2026-09-28T20:56:10.813927,6,87.0,9328.0,298.12
2026-09-28T20:56:10.813927,7,95.0,13106.0,399.06
2026-09-28T20:56:11.812199,4,0.0,20702.0,19.41
2026-09-28T20:56:11.812199,5,0.0,16520.0,51.11
2026-09-28T20:56:11.812199,6,100.0,9328.0,293.58
2026-09-28T20:56:11.812199,7,96.0,13106.0,414.51
2026-09-28T20:56:12.887687,4,0.0,20702.0,19.53
2026-09-28T20:56:12.887687,5,0.0,16520.0,37.11
2026-09-28T20:56:12.887687,6,96.0,9328.0,297.27
2026-09-28T20:56:12.887687,7,97.0,13106.0,412.34
2026-09-28T20:56:13.814442,4,0.0,20702.0,19.62
2026-09-28T20:56:13.814442,5,0.0,16520.0,34.51
2026-09-28T20:56:13.814442,6,99.0,9328.0,334.05
2026-09-28T20:56:13.814442,7,98.0,13106.0,405.87
2026-09-28T20:56:14.818967,4,0.0,20702.0,19.56
2026-09-28T20:56:14.818967,5,0.0,16520.0,34.3
2026-09-28T20:56:14.818967,6,91.0,9328.0,298.82
2026-09-28T20:56:14.818967,7,95.0,13106.0,412.68
2026-09-28T20:56:15.814756,4,0.0,20702.0,19.43
2026-09-28T20:56:15.814756,5,0.0,16520.0,34.09
2026-09-28T20:56:15.814756,6,99.0,9328.0,306.54
2026-09-28T20:56:15.814756,7,95.0,13106.0,421.03
2026-09-28T20:56:16.815852,4,0.0,20702.0,19.47
2026-09-28T20:56:16.815852,5,0.0,16520.0,33.64
2026-09-28T20:56:16.815852,6,96.0,9328.0,300.28
2026-09-28T20:56:16.815852,7,98.0,13106.0,420.03
2026-09-28T20:56:17.811338,4,0.0,20702.0,19.81
2026-09-28T20:56:17.811338,5,0.0,16520.0,33.33
2026-09-28T20:56:17.811338,6,97.0,9328.0,317.42
2026-09-28T20:56:17.811338,7,98.0,13106.0,411.74
2026-09-28T20:56:18.874855,4,0.0,20702.0,19.89
2026-09-28T20:56:18.874855,5,0.0,16520.0,33.31
2026-09-28T20:56:18.874855,6,80.0,9328.0,288.07
2026-09-28T20:56:18.874855,7,94.0,13106.0,410.17
2026-09-28T20:56:19.812103,4,0.0,20702.0,19.68
2026-09-28T20:56:19.812103,5,0.0,16520.0,33.12
2026-09-28T20:56:19.812103,6,95.0,9328.0,315.67
2026-09-28T20:56:19.812103,7,94.0,13106.0,413.48
2026-09-28T20:56:20.814282,4,0.0,20702.0,19.52
2026-09-28T20:56:20.814282,5,0.0,16520.0,33.08
2026-09-28T20:56:20.814282,6,96.0,9328.0,304.58
2026-09-28T20:56:20.814282,7,97.0,13106.0,411.11
2026-09-28T20:56:21.812875,4,0.0,20702.0,19.34
2026-09-28T20:56:21.812875,5,0.0,16520.0,33.08
2026-09-28T20:56:21.812875,6,98.0,9328.0,320.7
2026-09-28T20:56:21.812875,7,97.0,13106.0,403.92
2026-09-28T20:56:22.816678,4,0.0,20702.0,19.15
2026-09-28T20:56:22.816678,5,0.0,16520.0,33.1
2026-09-28T20:56:22.816678,6,91.0,9328.0,297.83
2026-09-28T20:56:22.816678,7,96.0,13106.0,407.77
2026-09-28T20:56:23.816127,4,0.0,20702.0,19.14
2026-09-28T20:56:23.816127,5,0.0,16520.0,32.89
2026-09-28T20:56:23.816127,6,95.0,9328.0,318.17
2026-09-28T20:56:23.816127,7,96.0,13106.0,429.13
2026-09-28T20:56:24.874769,4,0.0,20702.0,19.3
2026-09-28T20:56:24.874769,5,0.0,16520.0,32.62
2026-09-28T20:56:24.874769,6,94.0,9328.0,290.65
2026-09-28T20:56:24.874769,7,97.0,13106.0,423.42
2026-09-28T20:56:25.816054,4,0.0,20702.0,19.33
2026-09-28T20:56:25.816054,5,0.0,16520.0,32.7
2026-09-28T20:56:25.816054,6,96.0,9328.0,326.66
2026-09-28T20:56:25.816054,7,98.0,13106.0,413.47
2026-09-28T20:56:26.818588,4,0.0,20702.0,19.3
2026-09-28T20:56:26.818588,5,0.0,16520.0,32.71
2026-09-28T20:56:26.818588,6,86.0,9328.0,293.81
2026-09-28T20:56:26.818588,7,86.0,13106.0,409.74
2026-09-28T20:56:27.818012,4,0.0,20702.0,19.14
2026-09-28T20:56:27.818012,5,0.0,16520.0,32.83
2026-09-28T20:56:27.818012,6,89.0,9328.0,318.26
2026-09-28T20:56:27.818012,7,92.0,13106.0,413.67
2026-09-28T20:56:28.813038,4,0.0,20702.0,19.06
2026-09-28T20:56:28.813038,5,0.0,16520.0,33.03
2026-09-28T20:56:28.813038,6,94.0,9328.0,300.09
2026-09-28T20:56:28.813038,7,97.0,13106.0,414.99
2026-09-28T20:56:29.813105,4,0.0,20702.0,19.1
2026-09-28T20:56:29.813105,5,0.0,16520.0,33.05
2026-09-28T20:56:29.813105,6,95.0,9328.0,323.87
2026-09-28T20:56:29.813105,7,97.0,13106.0,411.54
2026-09-28T20:56:30.872378,4,0.0,20702.0,19.04
2026-09-28T20:56:30.872378,5,0.0,16520.0,33.04
2026-09-28T20:56:30.872378,6,90.0,9328.0,288.69
2026-09-28T20:56:30.872378,7,87.0,13106.0,419.9
2026-09-28T20:56:31.818603,4,0.0,20702.0,18.94
2026-09-28T20:56:31.818603,5,0.0,16520.0,32.69
2026-09-28T20:56:31.818603,6,87.0,9328.0,310.71
2026-09-28T20:56:31.818603,7,94.0,13106.0,412.88
2026-09-28T20:56:32.813863,4,0.0,20702.0,19.03
2026-09-28T20:56:32.813863,5,0.0,16520.0,32.66
2026-09-28T20:56:32.813863,6,96.0,9328.0,310.71
2026-09-28T20:56:32.813863,7,96.0,13106.0,418.62
2026-09-28T20:56:33.814331,4,0.0,20702.0,19.09
2026-09-28T20:56:33.814331,5,0.0,16520.0,32.96
2026-09-28T20:56:33.814331,6,96.0,9328.0,316.2
2026-09-28T20:56:33.814331,7,97.0,13106.0,408.63
2026-09-28T20:56:34.820099,4,0.0,20702.0,19.14
2026-09-28T20:56:34.820099,5,0.0,16520.0,32.87
2026-09-28T20:56:34.820099,6,89.0,9328.0,289.58
2026-09-28T20:56:34.820099,7,88.0,13106.0,407.96
2026-09-28T20:56:35.816705,4,0.0,20702.0,19.31
2026-09-28T20:56:35.816705,5,0.0,16520.0,32.76
2026-09-28T20:56:35.816705,6,88.0,9328.0,306.1
2026-09-28T20:56:35.816705,7,93.0,13106.0,422.33
2026-09-28T20:56:36.873859,4,0.0,20702.0,19.3
2026-09-28T20:56:36.873859,5,0.0,16520.0,32.62
2026-09-28T20:56:36.873859,6,98.0,9328.0,314.72
2026-09-28T20:56:36.873859,7,96.0,13106.0,417.37
2026-09-28T20:56:37.815599,4,0.0,20702.0,19.3
2026-09-28T20:56:37.815599,5,0.0,16520.0,32.42
2026-09-28T20:56:37.815599,6,96.0,9328.0,328.7
2026-09-28T20:56:37.815599,7,97.0,13106.0,412.16
2026-09-28T20:56:38.820857,4,0.0,20702.0,19.3
2026-09-28T20:56:38.820857,5,0.0,16520.0,32.22
2026-09-28T20:56:38.820857,6,100.0,9328.0,296.34
2026-09-28T20:56:38.820857,7,87.0,13106.0,403.65
2026-09-28T20:56:39.818602,4,0.0,20702.0,19.36
2026-09-28T20:56:39.818602,5,0.0,16520.0,32.12
2026-09-28T20:56:39.818602,6,90.0,9328.0,314.61
2026-09-28T20:56:39.818602,7,93.0,13106.0,407.43
2026-09-28T20:56:40.820212,4,0.0,20702.0,19.35
2026-09-28T20:56:40.820212,5,0.0,16520.0,32.11
2026-09-28T20:56:40.820212,6,97.0,9328.0,311.85
2026-09-28T20:56:40.820212,7,97.0,13106.0,421.19
2026-09-28T20:56:41.816433,4,0.0,20702.0,19.32
2026-09-28T20:56:41.816433,5,0.0,16520.0,31.99
2026-09-28T20:56:41.816433,6,96.0,9328.0,310.55
2026-09-28T20:56:41.816433,7,97.0,13106.0,414.73
2026-09-28T20:56:42.868061,4,0.0,20702.0,19.27
2026-09-28T20:56:42.868061,5,0.0,16520.0,31.92
2026-09-28T20:56:42.868061,6,100.0,9328.0,302.05
2026-09-28T20:56:42.868061,7,88.0,13106.0,408.39
2026-09-28T20:56:43.818770,4,0.0,20702.0,19.08
2026-09-28T20:56:43.818770,5,0.0,16520.0,31.82
2026-09-28T20:56:43.818770,6,87.0,9328.0,304.31
2026-09-28T20:56:43.818770,7,95.0,13106.0,415.08
2026-09-28T20:56:44.816171,4,0.0,20702.0,19.02
2026-09-28T20:56:44.816171,5,0.0,16520.0,31.83
2026-09-28T20:56:44.816171,6,97.0,9328.0,302.71
2026-09-28T20:56:44.816171,7,94.0,13106.0,426.19
2026-09-28T20:56:45.819461,4,0.0,20702.0,19.0
2026-09-28T20:56:45.819461,5,0.0,16520.0,31.99
2026-09-28T20:56:45.819461,6,96.0,9328.0,312.49
2026-09-28T20:56:45.819461,7,98.0,13106.0,411.72
2026-09-28T20:56:46.814393,4,0.0,20702.0,19.0
2026-09-28T20:56:46.814393,5,0.0,16520.0,32.07
2026-09-28T20:56:46.814393,6,100.0,9328.0,302.73
2026-09-28T20:56:46.814393,7,97.0,13106.0,412.92
2026-09-28T20:56:47.819076,4,0.0,20702.0,19.03
2026-09-28T20:56:47.819076,5,0.0,16520.0,31.87
2026-09-28T20:56:47.819076,6,88.0,9328.0,292.4
2026-09-28T20:56:47.819076,7,96.0,13106.0,418.21
2026-09-28T20:56:48.873198,4,0.0,20702.0,19.11
2026-09-28T20:56:48.873198,5,0.0,16520.0,31.52
2026-09-28T20:56:48.873198,6,100.0,9328.0,315.2
2026-09-28T20:56:48.873198,7,95.0,13106.0,419.9
2026-09-28T20:56:49.817396,4,0.0,20702.0,19.11
2026-09-28T20:56:49.817396,5,0.0,16520.0,31.55
2026-09-28T20:56:49.817396,6,96.0,9328.0,308.98
2026-09-28T20:56:49.817396,7,97.0,13106.0,414.54
2026-09-28T20:56:50.815538,4,0.0,20702.0,19.01
2026-09-28T20:56:50.815538,5,0.0,16520.0,31.6
2026-09-28T20:56:50.815538,6,100.0,9328.0,308.72
2026-09-28T20:56:50.815538,7,97.0,13106.0,408.09
2026-09-28T20:56:51.819731,4,0.0,20702.0,19.05
2026-09-28T20:56:51.819731,5,0.0,16520.0,31.57
2026-09-28T20:56:51.819731,6,86.0,9328.0,300.92
2026-09-28T20:56:51.819731,7,96.0,13106.0,414.18
2026-09-28T20:56:52.815468,4,0.0,20702.0,19.12
2026-09-28T20:56:52.815468,5,0.0,16520.0,31.6
2026-09-28T20:56:52.815468,6,99.0,9328.0,311.02
2026-09-28T20:56:52.815468,7,95.0,13106.0,421.46
2026-09-28T20:56:53.816825,4,0.0,20702.0,19.1
2026-09-28T20:56:53.816825,5,0.0,16520.0,31.67
2026-09-28T20:56:53.816825,6,96.0,9328.0,327.17
2026-09-28T20:56:53.816825,7,98.0,13106.0,416.83
2026-09-28T20:56:54.859895,4,0.0,20702.0,19.13
2026-09-28T20:56:54.859895,5,0.0,16520.0,31.66
2026-09-28T20:56:54.859895,6,100.0,9328.0,313.93
2026-09-28T20:56:54.859895,7,97.0,13106.0,410.92
2026-09-28T20:56:55.815593,4,0.0,20702.0,19.28
2026-09-28T20:56:55.815593,5,0.0,16520.0,31.64
2026-09-28T20:56:55.815593,6,87.0,9328.0,301.92
2026-09-28T20:56:55.815593,7,97.0,13106.0,410.42
2026-09-28T20:56:56.815601,4,0.0,20702.0,19.4
2026-09-28T20:56:56.815601,5,0.0,16520.0,31.65
2026-09-28T20:56:56.815601,6,98.0,9328.0,320.22
2026-09-28T20:56:56.815601,7,94.0,13106.0,432.22
2026-09-28T20:56:57.821485,4,0.0,20702.0,19.31
2026-09-28T20:56:57.821485,5,0.0,16520.0,31.58
2026-09-28T20:56:57.821485,6,96.0,9328.0,326.26
2026-09-28T20:56:57.821485,7,98.0,13106.0,422.09
2026-09-28T20:56:58.817002,4,0.0,20702.0,19.28
2026-09-28T20:56:58.817002,5,0.0,16520.0,31.67
2026-09-28T20:56:58.817002,6,97.0,9328.0,328.23
2026-09-28T20:56:58.817002,7,98.0,13106.0,424.54
2026-09-28T20:56:59.817830,4,0.0,20702.0,19.16
2026-09-28T20:56:59.817830,5,0.0,16520.0,31.74
2026-09-28T20:56:59.817830,6,85.0,9328.0,298.1
2026-09-28T20:56:59.817830,7,92.0,13106.0,414.64
2026-09-28T20:57:00.847729,4,0.0,20702.0,19.08
2026-09-28T20:57:00.847729,5,0.0,16520.0,31.47
2026-09-28T20:57:00.847729,6,93.0,9328.0,336.08
2026-09-28T20:57:00.847729,7,92.0,13106.0,417.94
2026-09-28T20:57:01.821050,4,0.0,20702.0,19.15
2026-09-28T20:57:01.821050,5,0.0,16520.0,31.41
2026-09-28T20:57:01.821050,6,96.0,9328.0,318.67
2026-09-28T20:57:01.821050,7,97.0,13106.0,416.46
2026-09-28T20:57:02.816870,4,0.0,20702.0,19.14
2026-09-28T20:57:02.816870,5,0.0,16520.0,31.75
2026-09-28T20:57:02.816870,6,96.0,9328.0,337.55
2026-09-28T20:57:02.816870,7,98.0,13106.0,421.06
2026-09-28T20:57:03.821305,4,0.0,20702.0,19.37
2026-09-28T20:57:03.821305,5,0.0,16520.0,32.0
2026-09-28T20:57:03.821305,6,84.0,9328.0,302.45
2026-09-28T20:57:03.821305,7,94.0,13106.0,416.45
2026-09-28T20:57:04.822444,4,0.0,20702.0,19.65
2026-09-28T20:57:04.822444,5,0.0,16520.0,31.95
2026-09-28T20:57:04.822444,6,86.0,9328.0,321.12
2026-09-28T20:57:04.822444,7,91.0,13106.0,428.31
2026-09-28T20:57:05.817832,4,0.0,20702.0,19.65
2026-09-28T20:57:05.817832,5,0.0,16520.0,31.81
2026-09-28T20:57:05.817832,6,96.0,9328.0,318.12
2026-09-28T20:57:05.817832,7,98.0,13106.0,421.09
2026-09-28T20:57:06.840816,4,0.0,20702.0,19.59
2026-09-28T20:57:06.840816,5,0.0,16520.0,31.78
2026-09-28T20:57:06.840816,6,96.0,9328.0,330.37
2026-09-28T20:57:06.840816,7,97.0,13106.0,420.14
2026-09-28T20:57:07.825955,4,0.0,20702.0,19.48
2026-09-28T20:57:07.825955,5,0.0,16520.0,31.65
2026-09-28T20:57:07.825955,6,89.0,9328.0,301.3
2026-09-28T20:57:07.825955,7,87.0,13106.0,407.12
2026-09-28T20:57:08.833463,4,0.0,20702.0,19.33
2026-09-28T20:57:08.833463,5,0.0,16520.0,31.51
2026-09-28T20:57:08.833463,6,87.0,9328.0,323.62
2026-09-28T20:57:08.833463,7,92.0,13106.0,416.59
2026-09-28T20:57:09.818681,4,0.0,20702.0,19.34
2026-09-28T20:57:09.818681,5,0.0,16520.0,31.39
2026-09-28T20:57:09.818681,6,96.0,9328.0,318.99
2026-09-28T20:57:09.818681,7,98.0,13106.0,416.31
2026-09-28T20:57:10.831237,4,0.0,20702.0,19.35
2026-09-28T20:57:10.831237,5,0.0,16520.0,31.35
2026-09-28T20:57:10.831237,6,96.0,9328.0,327.66
2026-09-28T20:57:10.831237,7,97.0,13106.0,408.07
2026-09-28T20:57:11.820426,4,0.0,20702.0,19.28
2026-09-28T20:57:11.820426,5,0.0,16520.0,31.37
2026-09-28T20:57:11.820426,6,87.0,9328.0,293.46
2026-09-28T20:57:11.820426,7,87.0,13106.0,407.57
2026-09-28T20:57:12.832917,4,0.0,20702.0,19.18
2026-09-28T20:57:12.832917,5,0.0,16520.0,31.22
2026-09-28T20:57:12.832917,6,85.0,9328.0,314.42
2026-09-28T20:57:12.832917,7,91.0,13106.0,425.4
2026-09-28T20:57:13.833841,4,0.0,20702.0,19.27
2026-09-28T20:57:13.833841,5,0.0,16520.0,31.16
2026-09-28T20:57:13.833841,6,97.0,9328.0,316.32
2026-09-28T20:57:13.833841,7,97.0,13106.0,417.86
2026-09-28T20:57:14.820593,4,0.0,20702.0,19.29
2026-09-28T20:57:14.820593,5,0.0,16520.0,31.23
2026-09-28T20:57:14.820593,6,96.0,9328.0,326.05
2026-09-28T20:57:14.820593,7,97.0,13106.0,415.77
2026-09-28T20:57:15.817154,4,0.0,20702.0,19.21
2026-09-28T20:57:15.817154,5,0.0,16520.0,31.06
2026-09-28T20:57:15.817154,6,100.0,9328.0,327.61
2026-09-28T20:57:15.817154,7,98.0,13106.0,424.68
2026-09-28T20:57:16.820080,4,0.0,20702.0,19.3
2026-09-28T20:57:16.820080,5,0.0,16520.0,31.11
2026-09-28T20:57:16.820080,6,91.0,9328.0,288.95
2026-09-28T20:57:16.820080,7,95.0,13106.0,423.86
2026-09-28T20:57:17.817612,4,0.0,20702.0,19.33
2026-09-28T20:57:17.817612,5,0.0,16520.0,31.13
2026-09-28T20:57:17.817612,6,98.0,9328.0,329.36
2026-09-28T20:57:17.817612,7,93.0,13106.0,421.46
2026-09-28T20:57:18.820662,4,0.0,20702.0,19.26
2026-09-28T20:57:18.820662,5,0.0,16520.0,31.02
2026-09-28T20:57:18.820662,6,96.0,9328.0,318.23
2026-09-28T20:57:18.820662,7,98.0,13106.0,419.24
2026-09-28T20:57:19.845267,4,0.0,20702.0,19.19
2026-09-28T20:57:19.845267,5,0.0,16520.0,31.21
2026-09-28T20:57:19.845267,6,97.0,9328.0,327.56
2026-09-28T20:57:19.845267,7,98.0,13106.0,422.55
2026-09-28T20:57:20.820258,4,0.0,20702.0,19.25
2026-09-28T20:57:20.820258,5,0.0,16520.0,31.29
2026-09-28T20:57:20.820258,6,86.0,9328.0,285.98
2026-09-28T20:57:20.820258,7,87.0,13106.0,425.39
2026-09-28T20:57:21.824003,4,0.0,20702.0,19.21
2026-09-28T20:57:21.824003,5,0.0,16520.0,31.41
2026-09-28T20:57:21.824003,6,87.0,9328.0,329.4
2026-09-28T20:57:21.824003,7,91.0,13106.0,424.18
2026-09-28T20:57:22.821537,4,0.0,20702.0,19.18
2026-09-28T20:57:22.821537,5,0.0,16520.0,31.45
2026-09-28T20:57:22.821537,6,96.0,9328.0,317.72
2026-09-28T20:57:22.821537,7,98.0,13106.0,416.85
2026-09-28T20:57:23.820259,4,0.0,20702.0,19.19
2026-09-28T20:57:23.820259,5,0.0,16520.0,31.37
2026-09-28T20:57:23.820259,6,95.0,9328.0,323.69
2026-09-28T20:57:23.820259,7,97.0,13106.0,412.7
2026-09-28T20:57:24.821442,4,0.0,20702.0,19.19
2026-09-28T20:57:24.821442,5,0.0,16520.0,31.36
2026-09-28T20:57:24.821442,6,88.0,9328.0,304.01
2026-09-28T20:57:24.821442,7,86.0,13106.0,407.21
2026-09-28T20:57:25.872493,4,0.0,20702.0,19.08
2026-09-28T20:57:25.872493,5,0.0,16520.0,31.12
2026-09-28T20:57:25.872493,6,86.0,9328.0,325.08
2026-09-28T20:57:25.872493,7,91.0,13106.0,411.13
2026-09-28T20:57:26.820942,4,0.0,20702.0,18.8
2026-09-28T20:57:26.820942,5,0.0,16520.0,30.83
2026-09-28T20:57:26.820942,6,95.0,9328.0,317.97
2026-09-28T20:57:26.820942,7,97.0,13106.0,412.44
2026-09-28T20:57:27.819804,4,0.0,20702.0,18.73
2026-09-28T20:57:27.819804,5,0.0,16520.0,30.78
2026-09-28T20:57:27.819804,6,96.0,9328.0,335.23
2026-09-28T20:57:27.819804,7,97.0,13106.0,412.52
2026-09-28T20:57:28.822869,4,0.0,20702.0,18.71
2026-09-28T20:57:28.822869,5,0.0,16520.0,30.71
2026-09-28T20:57:28.822869,6,86.0,9328.0,325.12
2026-09-28T20:57:28.822869,7,85.0,13106.0,408.18
2026-09-28T20:57:29.819957,4,0.0,20702.0,18.66
2026-09-28T20:57:29.819957,5,0.0,16520.0,30.53
2026-09-28T20:57:29.819957,6,91.0,9328.0,334.55
2026-09-28T20:57:29.819957,7,92.0,13106.0,411.07
2026-09-28T20:57:30.822453,4,0.0,20702.0,18.63
2026-09-28T20:57:30.822453,5,0.0,16520.0,30.43
2026-09-28T20:57:30.822453,6,97.0,9328.0,315.52
2026-09-28T20:57:30.822453,7,98.0,13106.0,417.93
2026-09-28T20:57:31.859103,4,0.0,20702.0,18.57
2026-09-28T20:57:31.859103,5,0.0,16520.0,30.47
2026-09-28T20:57:31.859103,6,97.0,9328.0,339.19
2026-09-28T20:57:31.859103,7,98.0,13106.0,418.78
2026-09-28T20:57:32.824970,4,0.0,20702.0,18.61
2026-09-28T20:57:32.824970,5,0.0,16520.0,30.34
2026-09-28T20:57:32.824970,6,87.0,9328.0,306.18
2026-09-28T20:57:32.824970,7,87.0,13106.0,409.8
2026-09-28T20:57:33.823668,4,0.0,20702.0,18.64
2026-09-28T20:57:33.823668,5,0.0,16520.0,30.18
2026-09-28T20:57:33.823668,6,89.0,9328.0,326.28
2026-09-28T20:57:33.823668,7,94.0,13106.0,417.77
2026-09-28T20:57:34.820292,4,0.0,20702.0,18.53
2026-09-28T20:57:34.820292,5,0.0,16520.0,30.36
2026-09-28T20:57:34.820292,6,96.0,9328.0,313.38
2026-09-28T20:57:34.820292,7,98.0,13106.0,421.4
2026-09-28T20:57:35.817116,4,0.0,20702.0,18.48
2026-09-28T20:57:35.817116,5,0.0,16520.0,30.48
2026-09-28T20:57:35.817116,6,97.0,9328.0,344.46
2026-09-28T20:57:35.817116,7,98.0,13106.0,419.2
2026-09-28T20:57:36.818088,4,43.0,20702.0,29.99
2026-09-28T20:57:36.818088,5,0.0,16520.0,30.67
2026-09-28T20:57:36.818088,6,32.0,9328.0,164.6
2026-09-28T20:57:36.818088,7,100.0,13106.0,203.78
2026-09-28T20:57:37.844846,4,59.0,20702.0,339.25
2026-09-28T20:57:37.844846,5,0.0,16520.0,30.73
2026-09-28T20:57:37.844846,6,0.0,9328.0,108.72
2026-09-28T20:57:37.844846,7,100.0,13106.0,140.49
2026-09-28T20:57:38.822268,4,63.0,20702.0,290.64
2026-09-28T20:57:38.822268,5,0.0,16520.0,30.55
2026-09-28T20:57:38.822268,6,0.0,9328.0,93.8
2026-09-28T20:57:38.822268,7,100.0,13106.0,139.66
2026-09-28T20:57:39.816720,4,67.0,20702.0,297.04
2026-09-28T20:57:39.816720,5,0.0,16520.0,30.52
2026-09-28T20:57:39.816720,6,0.0,9328.0,91.39
2026-09-28T20:57:39.816720,7,100.0,13106.0,139.02
2026-09-28T20:57:40.818961,4,66.0,20702.0,301.02
2026-09-28T20:57:40.818961,5,0.0,16520.0,30.66
2026-09-28T20:57:40.818961,6,0.0,9328.0,89.78
2026-09-28T20:57:40.818961,7,100.0,13106.0,138.48
2026-09-28T20:57:41.816494,4,66.0,20702.0,304.31
2026-09-28T20:57:41.816494,5,0.0,16520.0,30.8
2026-09-28T20:57:41.816494,6,0.0,9328.0,88.98
2026-09-28T20:57:41.816494,7,100.0,13106.0,137.65
2026-09-28T20:57:42.820238,4,0.0,20702.0,236.77
2026-09-28T20:57:42.820238,5,0.0,16520.0,30.81
2026-09-28T20:57:42.820238,6,0.0,9328.0,87.78
2026-09-28T20:57:42.820238,7,100.0,13106.0,136.99
2026-09-28T20:57:43.819481,4,74.0,20702.0,250.22
2026-09-28T20:57:43.819481,5,0.0,16520.0,30.69
2026-09-28T20:57:43.819481,6,0.0,9328.0,86.68
2026-09-28T20:57:43.819481,7,100.0,13106.0,136.23
2026-09-28T20:57:44.853666,4,70.0,20702.0,310.97
2026-09-28T20:57:44.853666,5,0.0,16520.0,30.39
2026-09-28T20:57:44.853666,6,0.0,9328.0,85.87
2026-09-28T20:57:44.853666,7,100.0,13106.0,135.15
2026-09-28T20:57:45.817295,4,74.0,20702.0,312.85
2026-09-28T20:57:45.817295,5,0.0,16520.0,30.42
2026-09-28T20:57:45.817295,6,0.0,9328.0,85.15
2026-09-28T20:57:45.817295,7,100.0,13106.0,134.13
2026-09-28T20:57:46.817204,4,74.0,20702.0,315.46
2026-09-28T20:57:46.817204,5,0.0,16520.0,30.7
2026-09-28T20:57:46.817204,6,0.0,9328.0,84.49
2026-09-28T20:57:46.817204,7,100.0,13106.0,133.19
2026-09-28T20:57:47.819307,4,78.0,20702.0,316.52
2026-09-28T20:57:47.819307,5,0.0,16520.0,30.81
2026-09-28T20:57:47.819307,6,0.0,9328.0,83.59
2026-09-28T20:57:47.819307,7,100.0,13106.0,132.11
2026-09-28T20:57:48.820427,4,74.0,20702.0,320.18
2026-09-28T20:57:48.820427,5,0.0,16520.0,30.7
2026-09-28T20:57:48.820427,6,0.0,9328.0,82.96
2026-09-28T20:57:48.820427,7,100.0,13106.0,130.62
2026-09-28T20:57:49.819502,4,71.0,20702.0,319.37
2026-09-28T20:57:49.819502,5,0.0,16520.0,30.45
2026-09-28T20:57:49.819502,6,0.0,9328.0,82.71
2026-09-28T20:57:49.819502,7,100.0,13106.0,128.9
2026-09-28T20:57:50.878066,4,74.0,20702.0,321.44
2026-09-28T20:57:50.878066,5,0.0,16520.0,30.45
2026-09-28T20:57:50.878066,6,0.0,9328.0,82.43
2026-09-28T20:57:50.878066,7,100.0,13106.0,128.01
2026-09-28T20:57:51.818406,4,78.0,20702.0,322.78
2026-09-28T20:57:51.818406,5,0.0,16520.0,30.32
2026-09-28T20:57:51.818406,6,0.0,9328.0,82.1
2026-09-28T20:57:51.818406,7,100.0,13106.0,127.5
2026-09-28T20:57:52.824236,4,75.0,20702.0,322.55
2026-09-28T20:57:52.824236,5,0.0,16520.0,30.2
2026-09-28T20:57:52.824236,6,0.0,9328.0,81.88
2026-09-28T20:57:52.824236,7,100.0,13106.0,126.54
2026-09-28T20:57:53.821426,4,79.0,20702.0,324.32
2026-09-28T20:57:53.821426,5,0.0,16520.0,30.31
2026-09-28T20:57:53.821426,6,0.0,9328.0,72.2
2026-09-28T20:57:53.821426,7,100.0,13106.0,125.63
2026-09-28T20:57:54.823565,4,78.0,20702.0,326.42
2026-09-28T20:57:54.823565,5,0.0,16520.0,30.27
2026-09-28T20:57:54.823565,6,0.0,9328.0,46.33
2026-09-28T20:57:54.823565,7,100.0,13106.0,125.21
2026-09-28T20:57:55.819624,4,0.0,20702.0,303.2
2026-09-28T20:57:55.819624,5,0.0,16520.0,30.3
2026-09-28T20:57:55.819624,6,0.0,9328.0,26.68
2026-09-28T20:57:55.819624,7,100.0,13106.0,124.63
2026-09-28T20:57:56.858283,4,78.0,20702.0,203.54
2026-09-28T20:57:56.858283,5,0.0,16520.0,30.24
2026-09-28T20:57:56.858283,6,0.0,9328.0,23.25
2026-09-28T20:57:56.858283,7,100.0,13106.0,123.65
2026-09-28T20:57:57.825287,4,76.0,20702.0,329.5
2026-09-28T20:57:57.825287,5,0.0,16520.0,30.15
2026-09-28T20:57:57.825287,6,0.0,9328.0,23.09
2026-09-28T20:57:57.825287,7,100.0,13106.0,123.22
2026-09-28T20:57:58.826586,4,81.0,20702.0,331.15
2026-09-28T20:57:58.826586,5,0.0,16520.0,30.14
2026-09-28T20:57:58.826586,6,0.0,9328.0,22.89
2026-09-28T20:57:58.826586,7,100.0,13106.0,122.79
2026-09-28T20:57:59.820659,4,81.0,20702.0,332.81
2026-09-28T20:57:59.820659,5,0.0,16520.0,30.05
2026-09-28T20:57:59.820659,6,0.0,9328.0,22.82
2026-09-28T20:57:59.820659,7,100.0,13106.0,122.71
2026-09-28T20:58:00.824155,4,78.0,20702.0,334.83
2026-09-28T20:58:00.824155,5,0.0,16520.0,30.15
2026-09-28T20:58:00.824155,6,0.0,9328.0,22.76
2026-09-28T20:58:00.824155,7,100.0,13106.0,122.36
2026-09-28T20:58:01.823324,4,84.0,20702.0,336.65
2026-09-28T20:58:01.823324,5,0.0,16520.0,30.24
2026-09-28T20:58:01.823324,6,0.0,9328.0,22.72
2026-09-28T20:58:01.823324,7,100.0,13106.0,121.49
2026-09-28T20:58:02.844220,4,84.0,20702.0,336.71
2026-09-28T20:58:02.844220,5,0.0,16520.0,30.1
2026-09-28T20:58:02.844220,6,0.0,9328.0,22.64
2026-09-28T20:58:02.844220,7,100.0,13106.0,120.96
2026-09-28T20:58:03.824382,4,85.0,20702.0,333.08
2026-09-28T20:58:03.824382,5,0.0,16520.0,29.96
2026-09-28T20:58:03.824382,6,0.0,9328.0,22.52
2026-09-28T20:58:03.824382,7,100.0,13106.0,120.6
2026-09-28T20:58:04.826296,4,84.0,20702.0,331.78
2026-09-28T20:58:04.826296,5,0.0,16520.0,29.84
2026-09-28T20:58:04.826296,6,0.0,9328.0,22.52
2026-09-28T20:58:04.826296,7,100.0,13106.0,119.82
2026-09-28T20:58:05.824490,4,84.0,20702.0,331.66
2026-09-28T20:58:05.824490,5,0.0,16520.0,29.88
2026-09-28T20:58:05.824490,6,0.0,9328.0,22.56
2026-09-28T20:58:05.824490,7,100.0,13106.0,118.07
2026-09-28T20:58:06.824969,4,82.0,20702.0,332.75
2026-09-28T20:58:06.824969,5,0.0,16520.0,30.01
2026-09-28T20:58:06.824969,6,0.0,9328.0,22.46
2026-09-28T20:58:06.824969,7,100.0,13106.0,117.18
2026-09-28T20:58:07.826566,4,84.0,20702.0,336.51
2026-09-28T20:58:07.826566,5,0.0,16520.0,30.07
2026-09-28T20:58:07.826566,6,0.0,9328.0,22.37
2026-09-28T20:58:07.826566,7,100.0,13106.0,117.33
2026-09-28T20:58:08.825989,4,81.0,20702.0,335.21
2026-09-28T20:58:08.825989,5,0.0,16520.0,30.06
2026-09-28T20:58:08.825989,6,0.0,9328.0,22.36
2026-09-28T20:58:08.825989,7,100.0,13106.0,117.25
2026-09-28T20:58:09.827855,4,83.0,20702.0,332.94
2026-09-28T20:58:09.827855,5,0.0,16520.0,29.94
2026-09-28T20:58:09.827855,6,0.0,9328.0,22.46
2026-09-28T20:58:09.827855,7,100.0,13106.0,116.84
2026-09-28T20:58:10.822790,4,84.0,20702.0,335.25
2026-09-28T20:58:10.822790,5,0.0,16520.0,29.86
2026-09-28T20:58:10.822790,6,0.0,9328.0,22.55
2026-09-28T20:58:10.822790,7,100.0,13106.0,116.81
2026-09-28T20:58:11.825374,4,83.0,20702.0,338.24
2026-09-28T20:58:11.825374,5,0.0,16520.0,29.88
2026-09-28T20:58:11.825374,6,0.0,9328.0,22.52
2026-09-28T20:58:11.825374,7,100.0,13106.0,116.72
2026-09-28T20:58:12.823363,4,85.0,20702.0,338.25
2026-09-28T20:58:12.823363,5,0.0,16520.0,29.74
2026-09-28T20:58:12.823363,6,0.0,9328.0,22.66
2026-09-28T20:58:12.823363,7,100.0,13106.0,116.5
2026-09-28T20:58:13.824042,4,84.0,20702.0,331.44
2026-09-28T20:58:13.824042,5,0.0,16520.0,29.61
2026-09-28T20:58:13.824042,6,0.0,9328.0,22.86
2026-09-28T20:58:13.824042,7,100.0,13106.0,116.35
2026-09-28T20:58:14.823550,4,86.0,20702.0,322.76
2026-09-28T20:58:14.823550,5,0.0,16520.0,29.58
2026-09-28T20:58:14.823550,6,0.0,9328.0,22.93
2026-09-28T20:58:14.823550,7,100.0,13106.0,116.04
2026-09-28T20:58:15.865442,4,86.0,20702.0,320.44
2026-09-28T20:58:15.865442,5,0.0,16520.0,29.56
2026-09-28T20:58:15.865442,6,0.0,9328.0,22.84
2026-09-28T20:58:15.865442,7,100.0,13106.0,115.79
2026-09-28T20:58:16.825744,4,88.0,20702.0,320.36
2026-09-28T20:58:16.825744,5,0.0,16520.0,29.58
2026-09-28T20:58:16.825744,6,0.0,9328.0,22.75
2026-09-28T20:58:16.825744,7,100.0,13106.0,115.44
2026-09-28T20:58:17.824099,4,88.0,20702.0,320.08
2026-09-28T20:58:17.824099,5,0.0,16520.0,29.45
2026-09-28T20:58:17.824099,6,0.0,9328.0,22.66
2026-09-28T20:58:17.824099,7,100.0,13106.0,115.23
2026-09-28T20:58:18.824439,4,88.0,20702.0,317.01
2026-09-28T20:58:18.824439,5,0.0,16520.0,29.34
2026-09-28T20:58:18.824439,6,0.0,9328.0,22.66
2026-09-28T20:58:18.824439,7,100.0,13106.0,114.96
2026-09-28T20:58:19.825309,4,89.0,20702.0,311.29
2026-09-28T20:58:19.825309,5,0.0,16520.0,29.43
2026-09-28T20:58:19.825309,6,0.0,9328.0,22.85
2026-09-28T20:58:19.825309,7,100.0,13106.0,114.88
2026-09-28T20:58:20.824167,4,89.0,20702.0,310.58
2026-09-28T20:58:20.824167,5,0.0,16520.0,29.45
2026-09-28T20:58:20.824167,6,0.0,9328.0,22.78
2026-09-28T20:58:20.824167,7,100.0,13106.0,114.7
2026-09-28T20:58:21.880023,4,89.0,20702.0,310.86
2026-09-28T20:58:21.880023,5,0.0,16520.0,29.35
2026-09-28T20:58:21.880023,6,0.0,9328.0,22.68
2026-09-28T20:58:21.880023,7,100.0,13106.0,114.16
2026-09-28T20:58:22.827034,4,88.0,20702.0,312.35
2026-09-28T20:58:22.827034,5,0.0,16520.0,29.51
2026-09-28T20:58:22.827034,6,0.0,9328.0,22.69
2026-09-28T20:58:22.827034,7,100.0,13106.0,113.9
2026-09-28T20:58:23.824869,4,89.0,20702.0,304.63
2026-09-28T20:58:23.824869,5,0.0,16520.0,29.76
2026-09-28T20:58:23.824869,6,0.0,9328.0,22.56
2026-09-28T20:58:23.824869,7,100.0,13106.0,113.65
2026-09-28T20:58:24.830722,4,90.0,20702.0,300.02
2026-09-28T20:58:24.830722,5,0.0,16520.0,29.81
2026-09-28T20:58:24.830722,6,0.0,9328.0,22.48
2026-09-28T20:58:24.830722,7,100.0,13106.0,113.41
2026-09-28T20:58:25.824800,4,89.0,20702.0,296.77
2026-09-28T20:58:25.824800,5,0.0,16520.0,29.78
2026-09-28T20:58:25.824800,6,0.0,9328.0,22.49
2026-09-28T20:58:25.824800,7,100.0,13106.0,113.25
2026-09-28T20:58:26.827661,4,90.0,20702.0,293.61
2026-09-28T20:58:26.827661,5,0.0,16520.0,29.63
2026-09-28T20:58:26.827661,6,0.0,9328.0,22.54
2026-09-28T20:58:26.827661,7,100.0,13106.0,113.61
2026-09-28T20:58:27.882855,4,90.0,20702.0,286.96
2026-09-28T20:58:27.882855,5,0.0,16520.0,29.77
2026-09-28T20:58:27.882855,6,0.0,9328.0,22.45
2026-09-28T20:58:27.882855,7,100.0,13106.0,113.67
2026-09-28T20:58:28.823629,4,90.0,20702.0,286.95
2026-09-28T20:58:28.823629,5,0.0,16520.0,30.18
2026-09-28T20:58:28.823629,6,0.0,9328.0,22.27
2026-09-28T20:58:28.823629,7,100.0,13106.0,113.51
2026-09-28T20:58:29.842079,4,91.0,20702.0,284.36
2026-09-28T20:58:29.842079,5,0.0,16520.0,30.2
2026-09-28T20:58:29.842079,6,0.0,9328.0,22.36
2026-09-28T20:58:29.842079,7,100.0,13106.0,113.21
2026-09-28T20:58:30.822830,4,91.0,20702.0,277.12
2026-09-28T20:58:30.822830,5,0.0,16520.0,30.01
2026-09-28T20:58:30.822830,6,0.0,9328.0,22.56
2026-09-28T20:58:30.822830,7,100.0,13106.0,113.39
2026-09-28T20:58:31.840784,4,91.0,20702.0,271.13
2026-09-28T20:58:31.840784,5,0.0,16520.0,30.07
2026-09-28T20:58:31.840784,6,0.0,9328.0,22.61
2026-09-28T20:58:31.840784,7,100.0,13106.0,113.22
2026-09-28T20:58:32.819582,4,0.0,20702.0,169.22
2026-09-28T20:58:32.819582,5,0.0,16520.0,29.99
2026-09-28T20:58:32.819582,6,12.0,9328.0,39.72
2026-09-28T20:58:32.819582,7,12.0,13106.0,109.56
2026-09-28T20:58:33.869971,4,0.0,20702.0,123.8
2026-09-28T20:58:33.869971,5,0.0,16520.0,29.97
2026-09-28T20:58:33.869971,6,11.0,9328.0,84.21
2026-09-28T20:58:33.869971,7,11.0,13106.0,105.76
2026-09-28T20:58:34.819864,4,0.0,20702.0,97.23
2026-09-28T20:58:34.819864,5,0.0,16520.0,30.14
2026-09-28T20:58:34.819864,6,11.0,9328.0,85.89
2026-09-28T20:58:34.819864,7,4.0,13106.0,95.5
2026-09-28T20:58:35.820651,4,0.0,20702.0,91.36
2026-09-28T20:58:35.820651,5,0.0,16520.0,29.98
2026-09-28T20:58:35.820651,6,12.0,9328.0,86.28
2026-09-28T20:58:35.820651,7,100.0,13106.0,89.76
2026-09-28T20:58:36.819996,4,0.0,20702.0,85.66
2026-09-28T20:58:36.819996,5,99.0,16520.0,217.44
2026-09-28T20:58:36.819996,6,0.0,9328.0,84.6
2026-09-28T20:58:36.819996,7,100.0,13106.0,110.64
2026-09-28T20:58:37.819657,4,0.0,20702.0,85.24
2026-09-28T20:58:37.819657,5,94.0,16520.0,450.83
2026-09-28T20:58:37.819657,6,0.0,9328.0,80.53
2026-09-28T20:58:37.819657,7,100.0,13106.0,112.54
2026-09-28T20:58:38.819713,4,0.0,20702.0,84.78
2026-09-28T20:58:38.819713,5,96.0,16520.0,449.87
2026-09-28T20:58:38.819713,6,0.0,9328.0,80.08
2026-09-28T20:58:38.819713,7,100.0,13106.0,112.77
2026-09-28T20:58:39.818692,4,0.0,20702.0,84.62
2026-09-28T20:58:39.818692,5,90.0,16520.0,446.1
2026-09-28T20:58:39.818692,6,0.0,9328.0,80.19
2026-09-28T20:58:39.818692,7,100.0,13106.0,112.77
2026-09-28T20:58:40.851328,4,0.0,20702.0,84.41
2026-09-28T20:58:40.851328,5,95.0,16520.0,448.65
2026-09-28T20:58:40.851328,6,0.0,9328.0,80.29
2026-09-28T20:58:40.851328,7,100.0,13106.0,113.14
2026-09-28T20:58:41.821383,4,0.0,20702.0,84.12
2026-09-28T20:58:41.821383,5,94.0,16520.0,447.71
2026-09-28T20:58:41.821383,6,0.0,9328.0,80.1
2026-09-28T20:58:41.821383,7,100.0,13106.0,112.97
2026-09-28T20:58:42.820864,4,0.0,20702.0,83.79
2026-09-28T20:58:42.820864,5,95.0,16520.0,448.87
2026-09-28T20:58:42.820864,6,0.0,9328.0,79.95
2026-09-28T20:58:42.820864,7,100.0,13106.0,112.85
2026-09-28T20:58:43.817450,4,0.0,20702.0,83.47
2026-09-28T20:58:43.817450,5,99.0,16520.0,447.94
2026-09-28T20:58:43.817450,6,0.0,9328.0,79.94
2026-09-28T20:58:43.817450,7,100.0,13106.0,112.65
2026-09-28T20:58:44.822373,4,0.0,20702.0,83.32
2026-09-28T20:58:44.822373,5,84.0,16520.0,443.47
2026-09-28T20:58:44.822373,6,0.0,9328.0,79.92
2026-09-28T20:58:44.822373,7,100.0,13106.0,112.61
2026-09-28T20:58:45.820337,4,0.0,20702.0,83.0
2026-09-28T20:58:45.820337,5,95.0,16520.0,442.65
2026-09-28T20:58:45.820337,6,0.0,9328.0,80.25
2026-09-28T20:58:45.820337,7,100.0,13106.0,112.79
2026-09-28T20:58:46.868379,4,0.0,20702.0,82.68
2026-09-28T20:58:46.868379,5,93.0,16520.0,446.42
2026-09-28T20:58:46.868379,6,0.0,9328.0,80.51
2026-09-28T20:58:46.868379,7,100.0,13106.0,112.45
2026-09-28T20:58:47.823006,4,0.0,20702.0,82.79
2026-09-28T20:58:47.823006,5,99.0,16520.0,448.4
2026-09-28T20:58:47.823006,6,0.0,9328.0,80.36
2026-09-28T20:58:47.823006,7,100.0,13106.0,112.64
2026-09-28T20:58:48.823691,4,0.0,20702.0,82.8
2026-09-28T20:58:48.823691,5,96.0,16520.0,447.47
2026-09-28T20:58:48.823691,6,0.0,9328.0,80.26
2026-09-28T20:58:48.823691,7,100.0,13106.0,112.44
2026-09-28T20:58:49.822848,4,0.0,20702.0,82.35
2026-09-28T20:58:49.822848,5,94.0,16520.0,448.36
2026-09-28T20:58:49.822848,6,0.0,9328.0,80.12
2026-09-28T20:58:49.822848,7,100.0,13106.0,112.54
2026-09-28T20:58:50.824727,4,0.0,20702.0,68.12
2026-09-28T20:58:50.824727,5,94.0,16520.0,447.38
2026-09-28T20:58:50.824727,6,0.0,9328.0,80.05
2026-09-28T20:58:50.824727,7,100.0,13106.0,112.23
2026-09-28T20:58:51.824246,4,0.0,20702.0,41.64
2026-09-28T20:58:51.824246,5,94.0,16520.0,448.55
2026-09-28T20:58:51.824246,6,0.0,9328.0,80.19
2026-09-28T20:58:51.824246,7,100.0,13106.0,112.47
2026-09-28T20:58:52.829409,4,0.0,20702.0,25.5
2026-09-28T20:58:52.829409,5,95.0,16520.0,449.64
2026-09-28T20:58:52.829409,6,0.0,9328.0,80.37
2026-09-28T20:58:52.829409,7,100.0,13106.0,112.36
2026-09-28T20:58:53.829791,4,0.0,20702.0,21.68
2026-09-28T20:58:53.829791,5,96.0,16520.0,448.15
2026-09-28T20:58:53.829791,6,0.0,9328.0,78.64
2026-09-28T20:58:53.829791,7,100.0,13106.0,112.35
2026-09-28T20:58:54.826510,4,0.0,20702.0,21.47
2026-09-28T20:58:54.826510,5,96.0,16520.0,447.7
2026-09-28T20:58:54.826510,6,0.0,9328.0,54.29
2026-09-28T20:58:54.826510,7,100.0,13106.0,112.45
2026-09-28T20:58:55.824885,4,0.0,20702.0,21.43
2026-09-28T20:58:55.824885,5,99.0,16520.0,448.64
2026-09-28T20:58:55.824885,6,0.0,9328.0,27.15
2026-09-28T20:58:55.824885,7,100.0,13106.0,112.47
2026-09-28T20:58:56.825253,4,0.0,20702.0,21.32
2026-09-28T20:58:56.825253,5,99.0,16520.0,449.32
2026-09-28T20:58:56.825253,6,0.0,9328.0,22.41
2026-09-28T20:58:56.825253,7,100.0,13106.0,112.35
2026-09-28T20:58:57.826677,4,0.0,20702.0,21.08
2026-09-28T20:58:57.826677,5,94.0,16520.0,448.17
2026-09-28T20:58:57.826677,6,0.0,9328.0,22.32
2026-09-28T20:58:57.826677,7,100.0,13106.0,112.22
2026-09-28T20:58:58.826884,4,0.0,20702.0,20.83
2026-09-28T20:58:58.826884,5,95.0,16520.0,448.41
2026-09-28T20:58:58.826884,6,0.0,9328.0,22.46
2026-09-28T20:58:58.826884,7,100.0,13106.0,112.22
2026-09-28T20:58:59.873207,4,0.0,20702.0,20.63
2026-09-28T20:58:59.873207,5,96.0,16520.0,447.77
2026-09-28T20:58:59.873207,6,0.0,9328.0,22.55
2026-09-28T20:58:59.873207,7,100.0,13106.0,112.29
2026-09-28T20:59:00.825878,4,0.0,20702.0,20.49
2026-09-28T20:59:00.825878,5,95.0,16520.0,448.43
2026-09-28T20:59:00.825878,6,0.0,9328.0,22.44
2026-09-28T20:59:00.825878,7,100.0,13106.0,112.35
2026-09-28T20:59:01.823655,4,0.0,20702.0,20.38
2026-09-28T20:59:01.823655,5,95.0,16520.0,449.12
2026-09-28T20:59:01.823655,6,0.0,9328.0,22.32
2026-09-28T20:59:01.823655,7,100.0,13106.0,111.58
2026-09-28T20:59:02.826071,4,0.0,20702.0,20.27
2026-09-28T20:59:02.826071,5,96.0,16520.0,447.01
2026-09-28T20:59:02.826071,6,0.0,9328.0,22.4
2026-09-28T20:59:02.826071,7,100.0,13106.0,111.61
2026-09-28T20:59:03.825797,4,0.0,20702.0,20.48
2026-09-28T20:59:03.825797,5,99.0,16520.0,449.71
2026-09-28T20:59:03.825797,6,0.0,9328.0,22.51
2026-09-28T20:59:03.825797,7,100.0,13106.0,111.97
2026-09-28T20:59:04.825580,4,0.0,20702.0,20.57
2026-09-28T20:59:04.825580,5,90.0,16520.0,444.6
2026-09-28T20:59:04.825580,6,0.0,9328.0,22.53
2026-09-28T20:59:04.825580,7,100.0,13106.0,112.44
2026-09-28T20:59:05.866045,4,0.0,20702.0,20.48
2026-09-28T20:59:05.866045,5,96.0,16520.0,448.15
2026-09-28T20:59:05.866045,6,0.0,9328.0,22.46
2026-09-28T20:59:05.866045,7,100.0,13106.0,112.22
2026-09-28T20:59:06.826761,4,0.0,20702.0,20.53
2026-09-28T20:59:06.826761,5,38.0,16520.0,431.39
2026-09-28T20:59:06.826761,6,0.0,9328.0,22.46
2026-09-28T20:59:06.826761,7,100.0,13106.0,112.43
2026-09-28T20:59:07.830192,4,0.0,20702.0,20.62
2026-09-28T20:59:07.830192,5,0.0,16520.0,162.01
2026-09-28T20:59:07.830192,6,88.0,9328.0,216.5
2026-09-28T20:59:07.830192,7,84.0,13106.0,252.26
2026-09-28T20:59:08.829080,4,0.0,20702.0,20.56
2026-09-28T20:59:08.829080,5,0.0,16520.0,115.05
2026-09-28T20:59:08.829080,6,98.0,9328.0,387.75
2026-09-28T20:59:08.829080,7,95.0,13106.0,316.68
2026-09-28T20:59:09.825165,4,0.0,20702.0,20.41
2026-09-28T20:59:09.825165,5,0.0,16520.0,108.19
2026-09-28T20:59:09.825165,6,94.0,9328.0,388.14
2026-09-28T20:59:09.825165,7,92.0,13106.0,291.65
2026-09-28T20:59:10.830157,4,0.0,20702.0,20.34
2026-09-28T20:59:10.830157,5,0.0,16520.0,101.47
2026-09-28T20:59:10.830157,6,87.0,9328.0,381.22
2026-09-28T20:59:10.830157,7,97.0,13106.0,309.16
2026-09-28T20:59:11.854464,4,0.0,20702.0,20.4
2026-09-28T20:59:11.854464,5,0.0,16520.0,101.26
2026-09-28T20:59:11.854464,6,97.0,9328.0,372.02
2026-09-28T20:59:11.854464,7,97.0,13106.0,322.87
2026-09-28T20:59:12.831732,4,0.0,20702.0,20.51
2026-09-28T20:59:12.831732,5,0.0,16520.0,101.05
2026-09-28T20:59:12.831732,6,95.0,9328.0,376.62
2026-09-28T20:59:12.831732,7,82.0,13106.0,328.46
2026-09-28T20:59:13.830047,4,0.0,20702.0,20.55
2026-09-28T20:59:13.830047,5,0.0,16520.0,100.69
2026-09-28T20:59:13.830047,6,96.0,9328.0,387.67
2026-09-28T20:59:13.830047,7,97.0,13106.0,322.41
2026-09-28T20:59:14.829591,4,0.0,20702.0,20.42
2026-09-28T20:59:14.829591,5,0.0,16520.0,100.18
2026-09-28T20:59:14.829591,6,94.0,9328.0,377.01
2026-09-28T20:59:14.829591,7,98.0,13106.0,337.19
2026-09-28T20:59:15.829873,4,0.0,20702.0,20.25
2026-09-28T20:59:15.829873,5,0.0,16520.0,99.57
2026-09-28T20:59:15.829873,6,87.0,9328.0,383.39
2026-09-28T20:59:15.829873,7,86.0,13106.0,313.27
2026-09-28T20:59:16.830195,4,0.0,20702.0,20.26
2026-09-28T20:59:16.830195,5,0.0,16520.0,99.06
2026-09-28T20:59:16.830195,6,97.0,9328.0,383.82
2026-09-28T20:59:16.830195,7,95.0,13106.0,337.68
2026-09-28T20:59:17.834712,4,0.0,20702.0,20.38
2026-09-28T20:59:17.834712,5,0.0,16520.0,98.29
2026-09-28T20:59:17.834712,6,92.0,9328.0,383.54
2026-09-28T20:59:17.834712,7,82.0,13106.0,325.14
2026-09-28T20:59:18.833978,4,0.0,20702.0,20.48
2026-09-28T20:59:18.833978,5,0.0,16520.0,97.67
2026-09-28T20:59:18.833978,6,96.0,9328.0,372.24
2026-09-28T20:59:18.833978,7,97.0,13106.0,329.72
2026-09-28T20:59:19.827858,4,0.0,20702.0,20.41
2026-09-28T20:59:19.827858,5,0.0,16520.0,97.24
2026-09-28T20:59:19.827858,6,91.0,9328.0,376.2
2026-09-28T20:59:19.827858,7,97.0,13106.0,318.9
2026-09-28T20:59:20.831990,4,0.0,20702.0,20.15
2026-09-28T20:59:20.831990,5,0.0,16520.0,96.69
2026-09-28T20:59:20.831990,6,85.0,9328.0,369.42
2026-09-28T20:59:20.831990,7,81.0,13106.0,316.36
2026-09-28T20:59:21.830045,4,0.0,20702.0,19.93
2026-09-28T20:59:21.830045,5,0.0,16520.0,96.19
2026-09-28T20:59:21.830045,6,96.0,9328.0,374.7
2026-09-28T20:59:21.830045,7,96.0,13106.0,337.56
2026-09-28T20:59:22.829370,4,0.0,20702.0,20.13
2026-09-28T20:59:22.829370,5,0.0,16520.0,95.62
2026-09-28T20:59:22.829370,6,89.0,9328.0,377.5
2026-09-28T20:59:22.829370,7,92.0,13106.0,337.56
2026-09-28T20:59:23.830612,4,0.0,20702.0,20.15
2026-09-28T20:59:23.830612,5,0.0,16520.0,80.18
2026-09-28T20:59:23.830612,6,96.0,9328.0,382.27
2026-09-28T20:59:23.830612,7,99.0,13106.0,328.97
2026-09-28T20:59:24.848674,4,0.0,20702.0,19.84
2026-09-28T20:59:24.848674,5,0.0,16520.0,53.34
2026-09-28T20:59:24.848674,6,93.0,9328.0,378.16
2026-09-28T20:59:24.848674,7,95.0,13106.0,319.06
2026-09-28T20:59:25.830671,4,0.0,20702.0,19.71
2026-09-28T20:59:25.830671,5,0.0,16520.0,37.97
2026-09-28T20:59:25.830671,6,83.0,9328.0,374.3
2026-09-28T20:59:25.830671,7,87.0,13106.0,326.91
2026-09-28T20:59:26.828679,4,0.0,20702.0,19.81
2026-09-28T20:59:26.828679,5,0.0,16520.0,34.12
2026-09-28T20:59:26.828679,6,96.0,9328.0,376.69
2026-09-28T20:59:26.828679,7,95.0,13106.0,345.27
2026-09-28T20:59:27.830250,4,0.0,20702.0,19.91
2026-09-28T20:59:27.830250,5,0.0,16520.0,33.85
2026-09-28T20:59:27.830250,6,92.0,9328.0,383.46
2026-09-28T20:59:27.830250,7,95.0,13106.0,325.84
2026-09-28T20:59:28.832273,4,0.0,20702.0,20.0
2026-09-28T20:59:28.832273,5,0.0,16520.0,33.65
2026-09-28T20:59:28.832273,6,96.0,9328.0,393.96
2026-09-28T20:59:28.832273,7,100.0,13106.0,317.41
2026-09-28T20:59:29.831540,4,0.0,20702.0,20.04
2026-09-28T20:59:29.831540,5,0.0,16520.0,33.29
2026-09-28T20:59:29.831540,6,95.0,9328.0,387.43
2026-09-28T20:59:29.831540,7,95.0,13106.0,318.73
2026-09-28T20:59:30.897715,4,0.0,20702.0,20.12
2026-09-28T20:59:30.897715,5,0.0,16520.0,32.86
2026-09-28T20:59:30.897715,6,85.0,9328.0,388.88
2026-09-28T20:59:30.897715,7,84.0,13106.0,330.92
2026-09-28T20:59:31.830689,4,0.0,20702.0,20.12
2026-09-28T20:59:31.830689,5,0.0,16520.0,32.78
2026-09-28T20:59:31.830689,6,96.0,9328.0,385.32
2026-09-28T20:59:31.830689,7,95.0,13106.0,345.45
2026-09-28T20:59:32.831396,4,0.0,20702.0,20.18
2026-09-28T20:59:32.831396,5,0.0,16520.0,32.78
2026-09-28T20:59:32.831396,6,90.0,9328.0,377.36
2026-09-28T20:59:32.831396,7,92.0,13106.0,331.1
2026-09-28T20:59:33.834478,4,0.0,20702.0,20.14
2026-09-28T20:59:33.834478,5,0.0,16520.0,32.65
2026-09-28T20:59:33.834478,6,95.0,9328.0,378.7
2026-09-28T20:59:33.834478,7,99.0,13106.0,337.89
2026-09-28T20:59:34.831633,4,0.0,20702.0,20.04
2026-09-28T20:59:34.831633,5,0.0,16520.0,32.53
2026-09-28T20:59:34.831633,6,94.0,9328.0,380.82
2026-09-28T20:59:34.831633,7,95.0,13106.0,342.36
2026-09-28T20:59:35.834169,4,0.0,20702.0,20.06
2026-09-28T20:59:35.834169,5,0.0,16520.0,32.47
2026-09-28T20:59:35.834169,6,84.0,9328.0,382.73
2026-09-28T20:59:35.834169,7,84.0,13106.0,335.24
2026-09-28T20:59:36.898344,4,0.0,20702.0,20.1
2026-09-28T20:59:36.898344,5,0.0,16520.0,32.47
2026-09-28T20:59:36.898344,6,97.0,9328.0,390.31
2026-09-28T20:59:36.898344,7,95.0,13106.0,347.94
2026-09-28T20:59:37.830765,4,0.0,20702.0,20.1
2026-09-28T20:59:37.830765,5,0.0,16520.0,32.4
2026-09-28T20:59:37.830765,6,93.0,9328.0,399.62
2026-09-28T20:59:37.830765,7,92.0,13106.0,338.88
2026-09-28T20:59:38.833411,4,0.0,20702.0,20.11
2026-09-28T20:59:38.833411,5,0.0,16520.0,32.23
2026-09-28T20:59:38.833411,6,98.0,9328.0,415.82
2026-09-28T20:59:38.833411,7,97.0,13106.0,330.71
2026-09-28T20:59:39.834453,4,0.0,20702.0,20.1
2026-09-28T20:59:39.834453,5,0.0,16520.0,32.06
2026-09-28T20:59:39.834453,6,86.0,9328.0,388.62
2026-09-28T20:59:39.834453,7,97.0,13106.0,319.35
2026-09-28T20:59:40.844092,4,0.0,20702.0,19.96
2026-09-28T20:59:40.844092,5,0.0,16520.0,31.97
2026-09-28T20:59:40.844092,6,86.0,9328.0,378.29
2026-09-28T20:59:40.844092,7,85.0,13106.0,327.29
2026-09-28T20:59:41.831914,4,0.0,20702.0,19.67
2026-09-28T20:59:41.831914,5,0.0,16520.0,32.01
2026-09-28T20:59:41.831914,6,97.0,9328.0,383.68
2026-09-28T20:59:41.831914,7,95.0,13106.0,331.91
2026-09-28T20:59:42.919933,4,0.0,20702.0,19.75
2026-09-28T20:59:42.919933,5,0.0,16520.0,31.97
2026-09-28T20:59:42.919933,6,95.0,9328.0,393.81
2026-09-28T20:59:42.919933,7,82.0,13106.0,344.15
2026-09-28T20:59:43.836778,4,0.0,20702.0,19.75
2026-09-28T20:59:43.836778,5,0.0,16520.0,31.83
2026-09-28T20:59:43.836778,6,96.0,9328.0,401.65
2026-09-28T20:59:43.836778,7,96.0,13106.0,335.17
2026-09-28T20:59:44.844954,4,0.0,20702.0,19.54
2026-09-28T20:59:44.844954,5,0.0,16520.0,31.81
2026-09-28T20:59:44.844954,6,94.0,9328.0,395.38
2026-09-28T20:59:44.844954,7,98.0,13106.0,319.69
2026-09-28T20:59:45.835171,4,0.0,20702.0,19.46
2026-09-28T20:59:45.835171,5,0.0,16520.0,31.75
2026-09-28T20:59:45.835171,6,88.0,9328.0,402.85
2026-09-28T20:59:45.835171,7,86.0,13106.0,314.89
2026-09-28T20:59:46.832057,4,0.0,20702.0,19.5
2026-09-28T20:59:46.832057,5,0.0,16520.0,31.63
2026-09-28T20:59:46.832057,6,97.0,9328.0,394.74
2026-09-28T20:59:46.832057,7,96.0,13106.0,351.33
2026-09-28T20:59:47.830135,4,0.0,20702.0,19.46
2026-09-28T20:59:47.830135,5,0.0,16520.0,31.71
2026-09-28T20:59:47.830135,6,93.0,9328.0,391.32
2026-09-28T20:59:47.830135,7,81.0,13106.0,340.29
2026-09-28T20:59:48.868740,4,0.0,20702.0,19.56
2026-09-28T20:59:48.868740,5,0.0,16520.0,31.79
2026-09-28T20:59:48.868740,6,97.0,9328.0,402.61
2026-09-28T20:59:48.868740,7,96.0,13106.0,335.16
2026-09-28T20:59:49.833148,4,0.0,20702.0,19.73
2026-09-28T20:59:49.833148,5,0.0,16520.0,31.8
2026-09-28T20:59:49.833148,6,91.0,9328.0,391.32
2026-09-28T20:59:49.833148,7,98.0,13106.0,322.99
2026-09-28T20:59:50.834793,4,0.0,20702.0,19.72
2026-09-28T20:59:50.834793,5,0.0,16520.0,31.89
2026-09-28T20:59:50.834793,6,87.0,9328.0,395.3
2026-09-28T20:59:50.834793,7,86.0,13106.0,320.58
2026-09-28T20:59:51.832648,4,0.0,20702.0,19.71
2026-09-28T20:59:51.832648,5,0.0,16520.0,31.95
2026-09-28T20:59:51.832648,6,96.0,9328.0,412.48
2026-09-28T20:59:51.832648,7,95.0,13106.0,333.8
2026-09-28T20:59:52.832428,4,0.0,20702.0,19.79
2026-09-28T20:59:52.832428,5,0.0,16520.0,31.88
2026-09-28T20:59:52.832428,6,83.0,9328.0,396.28
2026-09-28T20:59:52.832428,7,84.0,13106.0,333.19
2026-09-28T20:59:53.829885,4,0.0,20702.0,19.86
2026-09-28T20:59:53.829885,5,0.0,16520.0,31.78
2026-09-28T20:59:53.829885,6,96.0,9328.0,393.21
2026-09-28T20:59:53.829885,7,95.0,13106.0,354.47
2026-09-28T20:59:54.897228,4,0.0,20702.0,19.82
2026-09-28T20:59:54.897228,5,0.0,16520.0,31.75
2026-09-28T20:59:54.897228,6,88.0,9328.0,388.78
2026-09-28T20:59:54.897228,7,97.0,13106.0,333.45
2026-09-28T20:59:55.833681,4,0.0,20702.0,19.67
2026-09-28T20:59:55.833681,5,0.0,16520.0,31.49
2026-09-28T20:59:55.833681,6,96.0,9328.0,394.85
2026-09-28T20:59:55.833681,7,88.0,13106.0,327.89
2026-09-28T20:59:56.835517,4,0.0,20702.0,19.87
2026-09-28T20:59:56.835517,5,0.0,16520.0,31.36
2026-09-28T20:59:56.835517,6,96.0,9328.0,400.36
2026-09-28T20:59:56.835517,7,96.0,13106.0,336.89
2026-09-28T20:59:57.832772,4,0.0,20702.0,19.95
2026-09-28T20:59:57.832772,5,0.0,16520.0,31.55
2026-09-28T20:59:57.832772,6,94.0,9328.0,402.12
2026-09-28T20:59:57.832772,7,85.0,13106.0,340.37
2026-09-28T20:59:58.831718,4,0.0,20702.0,19.82
2026-09-28T20:59:58.831718,5,0.0,16520.0,31.52
2026-09-28T20:59:58.831718,6,96.0,9328.0,405.9
2026-09-28T20:59:58.831718,7,96.0,13106.0,359.8
2026-09-28T20:59:59.831275,4,0.0,20702.0,19.95
2026-09-28T20:59:59.831275,5,0.0,16520.0,31.55
2026-09-28T20:59:59.831275,6,91.0,9328.0,395.86
2026-09-28T20:59:59.831275,7,97.0,13106.0,336.46
2026-09-28T21:00:00.885146,4,0.0,20702.0,20.03
2026-09-28T21:00:00.885146,5,0.0,16520.0,31.46
2026-09-28T21:00:00.885146,6,97.0,9328.0,404.0
2026-09-28T21:00:00.885146,7,89.0,13106.0,323.17
2026-09-28T21:00:01.836811,4,0.0,20702.0,19.93
2026-09-28T21:00:01.836811,5,0.0,16520.0,31.31
2026-09-28T21:00:01.836811,6,96.0,9328.0,404.59
2026-09-28T21:00:01.836811,7,96.0,13106.0,332.59
2026-09-28T21:00:02.835801,4,0.0,20702.0,19.85
2026-09-28T21:00:02.835801,5,0.0,16520.0,31.25
2026-09-28T21:00:02.835801,6,86.0,9328.0,400.16
2026-09-28T21:00:02.835801,7,83.0,13106.0,344.42
2026-09-28T21:00:03.832404,4,0.0,20702.0,19.85
2026-09-28T21:00:03.832404,5,0.0,16520.0,31.21
2026-09-28T21:00:03.832404,6,96.0,9328.0,403.07
2026-09-28T21:00:03.832404,7,97.0,13106.0,357.4
2026-09-28T21:00:04.831708,4,0.0,20702.0,19.93
2026-09-28T21:00:04.831708,5,0.0,16520.0,31.36
2026-09-28T21:00:04.831708,6,89.0,9328.0,398.45
2026-09-28T21:00:04.831708,7,95.0,13106.0,332.62
2026-09-28T21:00:05.836438,4,0.0,20702.0,19.98
2026-09-28T21:00:05.836438,5,0.0,16520.0,31.3
2026-09-28T21:00:05.836438,6,96.0,9328.0,401.41
2026-09-28T21:00:05.836438,7,89.0,13106.0,332.63
2026-09-28T21:00:06.878827,4,0.0,20702.0,19.88
2026-09-28T21:00:06.878827,5,0.0,16520.0,31.19
2026-09-28T21:00:06.878827,6,94.0,9328.0,407.18
2026-09-28T21:00:06.878827,7,94.0,13106.0,321.7
2026-09-28T21:00:07.838601,4,0.0,20702.0,19.85
2026-09-28T21:00:07.838601,5,0.0,16520.0,31.03
2026-09-28T21:00:07.838601,6,83.0,9328.0,395.4
2026-09-28T21:00:07.838601,7,83.0,13106.0,341.85
2026-09-28T21:00:08.833633,4,0.0,20702.0,19.89
2026-09-28T21:00:08.833633,5,0.0,16520.0,31.05
2026-09-28T21:00:08.833633,6,96.0,9328.0,398.67
2026-09-28T21:00:08.833633,7,96.0,13106.0,355.5
2026-09-28T21:00:09.832599,4,0.0,20702.0,19.79
2026-09-28T21:00:09.832599,5,0.0,16520.0,31.22
2026-09-28T21:00:09.832599,6,92.0,9328.0,401.5
2026-09-28T21:00:09.832599,7,96.0,13106.0,340.1
2026-09-28T21:00:10.835685,4,0.0,20702.0,19.65
2026-09-28T21:00:10.835685,5,0.0,16520.0,31.29
2026-09-28T21:00:10.835685,6,96.0,9328.0,406.71
2026-09-28T21:00:10.835685,7,91.0,13106.0,335.63
2026-09-28T21:00:11.834285,4,0.0,20702.0,19.85
2026-09-28T21:00:11.834285,5,0.0,16520.0,31.55
2026-09-28T21:00:11.834285,6,95.0,9328.0,398.31
2026-09-28T21:00:11.834285,7,97.0,13106.0,331.69
2026-09-28T21:00:12.863840,4,0.0,20702.0,19.87
2026-09-28T21:00:12.863840,5,0.0,16520.0,31.64
2026-09-28T21:00:12.863840,6,82.0,9328.0,398.24
2026-09-28T21:00:12.863840,7,84.0,13106.0,341.64
2026-09-28T21:00:13.837531,4,0.0,20702.0,19.87
2026-09-28T21:00:13.837531,5,0.0,16520.0,31.6
2026-09-28T21:00:13.837531,6,97.0,9328.0,395.69
2026-09-28T21:00:13.837531,7,96.0,13106.0,366.09
2026-09-28T21:00:14.835849,4,0.0,20702.0,19.71
2026-09-28T21:00:14.835849,5,0.0,16520.0,31.64
2026-09-28T21:00:14.835849,6,88.0,9328.0,399.03
2026-09-28T21:00:14.835849,7,96.0,13106.0,334.22
2026-09-28T21:00:15.835131,4,0.0,20702.0,19.54
2026-09-28T21:00:15.835131,5,0.0,16520.0,31.56
2026-09-28T21:00:15.835131,6,96.0,9328.0,398.02
2026-09-28T21:00:15.835131,7,88.0,13106.0,331.38
2026-09-28T21:00:16.834928,4,0.0,20702.0,19.56
2026-09-28T21:00:16.834928,5,0.0,16520.0,31.27
2026-09-28T21:00:16.834928,6,96.0,9328.0,402.4
2026-09-28T21:00:16.834928,7,96.0,13106.0,334.08
2026-09-28T21:00:17.837003,4,0.0,20702.0,19.62
2026-09-28T21:00:17.837003,5,0.0,16520.0,31.05
2026-09-28T21:00:17.837003,6,93.0,9328.0,397.52
2026-09-28T21:00:17.837003,7,81.0,13106.0,344.52
2026-09-28T21:00:18.832454,4,0.0,20702.0,19.63
2026-09-28T21:00:18.832454,5,0.0,16520.0,31.08
2026-09-28T21:00:18.832454,6,96.0,9328.0,406.08
2026-09-28T21:00:18.832454,7,97.0,13106.0,356.95
2026-09-28T21:00:19.853522,4,0.0,20702.0,19.6
2026-09-28T21:00:19.853522,5,0.0,16520.0,31.03
2026-09-28T21:00:19.853522,6,89.0,9328.0,399.96
2026-09-28T21:00:19.853522,7,96.0,13106.0,332.87
2026-09-28T21:00:20.838856,4,0.0,20702.0,19.44
2026-09-28T21:00:20.838856,5,0.0,16520.0,31.02
2026-09-28T21:00:20.838856,6,96.0,9328.0,399.74
2026-09-28T21:00:20.838856,7,87.0,13106.0,337.34
2026-09-28T21:00:21.836632,4,0.0,20702.0,19.39
2026-09-28T21:00:21.836632,5,0.0,16520.0,31.2
2026-09-28T21:00:21.836632,6,95.0,9328.0,400.51
2026-09-28T21:00:21.836632,7,95.0,13106.0,351.55
2026-09-28T21:00:22.837259,4,0.0,20702.0,19.56
2026-09-28T21:00:22.837259,5,0.0,16520.0,31.22
2026-09-28T21:00:22.837259,6,84.0,9328.0,405.38
2026-09-28T21:00:22.837259,7,82.0,13106.0,331.55
2026-09-28T21:00:23.835853,4,0.0,20702.0,19.82
2026-09-28T21:00:23.835853,5,0.0,16520.0,31.17
2026-09-28T21:00:23.835853,6,96.0,9328.0,403.36
2026-09-28T21:00:23.835853,7,95.0,13106.0,351.5
2026-09-28T21:00:24.835418,4,0.0,20702.0,19.92
2026-09-28T21:00:24.835418,5,0.0,16520.0,31.22
2026-09-28T21:00:24.835418,6,88.0,9328.0,397.61
2026-09-28T21:00:24.835418,7,95.0,13106.0,338.64
2026-09-28T21:00:25.888147,4,0.0,20702.0,19.91
2026-09-28T21:00:25.888147,5,0.0,16520.0,31.07
2026-09-28T21:00:25.888147,6,98.0,9328.0,412.61
2026-09-28T21:00:25.888147,7,100.0,13106.0,323.5
2026-09-28T21:00:26.833506,4,0.0,20702.0,19.92
2026-09-28T21:00:26.833506,5,0.0,16520.0,30.94
2026-09-28T21:00:26.833506,6,94.0,9328.0,400.87
2026-09-28T21:00:26.833506,7,96.0,13106.0,319.63
2026-09-28T21:00:27.832567,4,59.0,20702.0,24.75
2026-09-28T21:00:27.832567,5,0.0,16520.0,30.98
2026-09-28T21:00:27.832567,6,40.0,9328.0,231.06
2026-09-28T21:00:27.832567,7,100.0,13106.0,200.0
2026-09-28T21:00:28.834992,4,100.0,20702.0,332.13
2026-09-28T21:00:28.834992,5,0.0,16520.0,30.91
2026-09-28T21:00:28.834992,6,0.0,9328.0,119.1
2026-09-28T21:00:28.834992,7,100.0,13106.0,137.06
2026-09-28T21:00:29.831699,4,64.0,20702.0,321.55
2026-09-28T21:00:29.831699,5,0.0,16520.0,30.7
2026-09-28T21:00:29.831699,6,0.0,9328.0,110.88
2026-09-28T21:00:29.831699,7,100.0,13106.0,136.41
2026-09-28T21:00:30.830922,4,70.0,20702.0,300.34
2026-09-28T21:00:30.830922,5,0.0,16520.0,30.52
2026-09-28T21:00:30.830922,6,0.0,9328.0,104.76
2026-09-28T21:00:30.830922,7,100.0,13106.0,135.72
2026-09-28T21:00:31.893367,4,66.0,20702.0,247.53
2026-09-28T21:00:31.893367,5,0.0,16520.0,30.63
2026-09-28T21:00:31.893367,6,0.0,9328.0,98.92
2026-09-28T21:00:31.893367,7,100.0,13106.0,135.37
2026-09-28T21:00:32.834460,4,67.0,20702.0,304.18
2026-09-28T21:00:32.834460,5,0.0,16520.0,30.72
2026-09-28T21:00:32.834460,6,0.0,9328.0,98.39
2026-09-28T21:00:32.834460,7,100.0,13106.0,134.57
2026-09-28T21:00:33.833493,4,71.0,20702.0,306.5
2026-09-28T21:00:33.833493,5,0.0,16520.0,30.72
2026-09-28T21:00:33.833493,6,0.0,9328.0,97.45
2026-09-28T21:00:33.833493,7,100.0,13106.0,134.03
2026-09-28T21:00:34.838277,4,73.0,20702.0,308.81
2026-09-28T21:00:34.838277,5,0.0,16520.0,30.89
2026-09-28T21:00:34.838277,6,0.0,9328.0,96.52
2026-09-28T21:00:34.838277,7,100.0,13106.0,133.39
2026-09-28T21:00:35.836829,4,68.0,20702.0,309.9
2026-09-28T21:00:35.836829,5,0.0,16520.0,30.76
2026-09-28T21:00:35.836829,6,0.0,9328.0,95.4
2026-09-28T21:00:35.836829,7,100.0,13106.0,132.75
2026-09-28T21:00:36.835122,4,68.0,20702.0,312.78
2026-09-28T21:00:36.835122,5,0.0,16520.0,30.33
2026-09-28T21:00:36.835122,6,0.0,9328.0,94.4
2026-09-28T21:00:36.835122,7,100.0,13106.0,132.04
2026-09-28T21:00:37.866888,4,73.0,20702.0,312.77
2026-09-28T21:00:37.866888,5,0.0,16520.0,30.03
2026-09-28T21:00:37.866888,6,0.0,9328.0,93.49
2026-09-28T21:00:37.866888,7,100.0,13106.0,131.81
2026-09-28T21:00:38.834228,4,72.0,20702.0,317.57
2026-09-28T21:00:38.834228,5,0.0,16520.0,30.25
2026-09-28T21:00:38.834228,6,0.0,9328.0,92.54
2026-09-28T21:00:38.834228,7,100.0,13106.0,131.44
2026-09-28T21:00:39.838492,4,74.0,20702.0,317.83
2026-09-28T21:00:39.838492,5,0.0,16520.0,30.92
2026-09-28T21:00:39.838492,6,0.0,9328.0,91.27
2026-09-28T21:00:39.838492,7,100.0,13106.0,130.8
2026-09-28T21:00:40.830960,4,73.0,20702.0,320.52
2026-09-28T21:00:40.830960,5,0.0,16520.0,31.09
2026-09-28T21:00:40.830960,6,0.0,9328.0,89.62
2026-09-28T21:00:40.830960,7,100.0,13106.0,129.75
2026-09-28T21:00:41.836783,4,14.0,20702.0,198.89
2026-09-28T21:00:41.836783,5,0.0,16520.0,30.91
2026-09-28T21:00:41.836783,6,0.0,9328.0,88.19
2026-09-28T21:00:41.836783,7,100.0,13106.0,129.23
2026-09-28T21:00:42.836303,4,74.0,20702.0,303.66
2026-09-28T21:00:42.836303,5,0.0,16520.0,30.67
2026-09-28T21:00:42.836303,6,0.0,9328.0,86.98
2026-09-28T21:00:42.836303,7,100.0,13106.0,128.3
2026-09-28T21:00:43.833937,4,76.0,20702.0,322.96
2026-09-28T21:00:43.833937,5,0.0,16520.0,30.57
2026-09-28T21:00:43.833937,6,0.0,9328.0,85.82
2026-09-28T21:00:43.833937,7,100.0,13106.0,127.7
2026-09-28T21:00:44.853630,4,76.0,20702.0,325.81
2026-09-28T21:00:44.853630,5,0.0,16520.0,30.64
2026-09-28T21:00:44.853630,6,0.0,9328.0,74.01
2026-09-28T21:00:44.853630,7,100.0,13106.0,127.07
2026-09-28T21:00:45.840775,4,77.0,20702.0,329.34
2026-09-28T21:00:45.840775,5,0.0,16520.0,30.51
2026-09-28T21:00:45.840775,6,0.0,9328.0,46.84
2026-09-28T21:00:45.840775,7,100.0,13106.0,126.39
2026-09-28T21:00:46.837976,4,77.0,20702.0,326.93
2026-09-28T21:00:46.837976,5,0.0,16520.0,30.37
2026-09-28T21:00:46.837976,6,0.0,9328.0,27.78
2026-09-28T21:00:46.837976,7,100.0,13106.0,125.76
2026-09-28T21:00:47.839027,4,78.0,20702.0,331.14
2026-09-28T21:00:47.839027,5,0.0,16520.0,30.24
2026-09-28T21:00:47.839027,6,0.0,9328.0,24.62
2026-09-28T21:00:47.839027,7,100.0,13106.0,125.06
2026-09-28T21:00:48.837232,4,76.0,20702.0,331.51
2026-09-28T21:00:48.837232,5,0.0,16520.0,30.22
2026-09-28T21:00:48.837232,6,0.0,9328.0,24.3
2026-09-28T21:00:48.837232,7,100.0,13106.0,124.78
2026-09-28T21:00:49.835910,4,75.0,20702.0,332.81
2026-09-28T21:00:49.835910,5,0.0,16520.0,30.1
2026-09-28T21:00:49.835910,6,0.0,9328.0,24.0
2026-09-28T21:00:49.835910,7,100.0,13106.0,124.31
2026-09-28T21:00:50.875250,4,78.0,20702.0,309.49
2026-09-28T21:00:50.875250,5,0.0,16520.0,30.09
2026-09-28T21:00:50.875250,6,0.0,9328.0,23.92
2026-09-28T21:00:50.875250,7,100.0,13106.0,123.83
2026-09-28T21:00:51.837718,4,80.0,20702.0,334.69
2026-09-28T21:00:51.837718,5,0.0,16520.0,30.34
2026-09-28T21:00:51.837718,6,0.0,9328.0,23.76
2026-09-28T21:00:51.837718,7,100.0,13106.0,123.71
2026-09-28T21:00:52.839907,4,82.0,20702.0,334.59
2026-09-28T21:00:52.839907,5,0.0,16520.0,30.37
2026-09-28T21:00:52.839907,6,0.0,9328.0,23.59
2026-09-28T21:00:52.839907,7,100.0,13106.0,123.14
2026-09-28T21:00:53.838230,4,80.0,20702.0,343.2
2026-09-28T21:00:53.838230,5,0.0,16520.0,30.21
2026-09-28T21:00:53.838230,6,0.0,9328.0,23.54
2026-09-28T21:00:53.838230,7,100.0,13106.0,122.63
2026-09-28T21:00:54.842061,4,82.0,20702.0,350.09
2026-09-28T21:00:54.842061,5,0.0,16520.0,30.19
2026-09-28T21:00:54.842061,6,0.0,9328.0,23.39
2026-09-28T21:00:54.842061,7,100.0,13106.0,122.35
2026-09-28T21:00:55.843374,4,77.0,20702.0,342.26
2026-09-28T21:00:55.843374,5,0.0,16520.0,30.24
2026-09-28T21:00:55.843374,6,0.0,9328.0,23.26
2026-09-28T21:00:55.843374,7,100.0,13106.0,121.96
2026-09-28T21:00:56.870832,4,78.0,20702.0,355.28
2026-09-28T21:00:56.870832,5,0.0,16520.0,30.38
2026-09-28T21:00:56.870832,6,0.0,9328.0,23.15
2026-09-28T21:00:56.870832,7,100.0,13106.0,121.42
2026-09-28T21:00:57.841934,4,83.0,20702.0,351.78
2026-09-28T21:00:57.841934,5,0.0,16520.0,30.43
2026-09-28T21:00:57.841934,6,0.0,9328.0,23.01
2026-09-28T21:00:57.841934,7,100.0,13106.0,121.1
2026-09-28T21:00:58.840556,4,84.0,20702.0,344.16
2026-09-28T21:00:58.840556,5,0.0,16520.0,30.49
2026-09-28T21:00:58.840556,6,0.0,9328.0,22.93
2026-09-28T21:00:58.840556,7,100.0,13106.0,120.81
2026-09-28T21:00:59.842359,4,0.0,20702.0,291.62
2026-09-28T21:00:59.842359,5,0.0,16520.0,30.85
2026-09-28T21:00:59.842359,6,0.0,9328.0,22.94
2026-09-28T21:00:59.842359,7,100.0,13106.0,120.29
2026-09-28T21:01:00.842014,4,80.0,20702.0,266.72
2026-09-28T21:01:00.842014,5,0.0,16520.0,30.95
2026-09-28T21:01:00.842014,6,0.0,9328.0,22.97
2026-09-28T21:01:00.842014,7,100.0,13106.0,119.68
2026-09-28T21:01:01.839331,4,80.0,20702.0,338.81
2026-09-28T21:01:01.839331,5,0.0,16520.0,30.62
2026-09-28T21:01:01.839331,6,0.0,9328.0,22.95
2026-09-28T21:01:01.839331,7,100.0,13106.0,118.24
2026-09-28T21:01:02.896378,4,81.0,20702.0,341.42
2026-09-28T21:01:02.896378,5,0.0,16520.0,30.51
2026-09-28T21:01:02.896378,6,0.0,9328.0,22.94
2026-09-28T21:01:02.896378,7,100.0,13106.0,117.54
2026-09-28T21:01:03.861453,4,83.0,20702.0,341.81
2026-09-28T21:01:03.861453,5,0.0,16520.0,30.62
2026-09-28T21:01:03.861453,6,0.0,9328.0,23.01
2026-09-28T21:01:03.861453,7,100.0,13106.0,117.29
2026-09-28T21:01:04.842140,4,81.0,20702.0,342.98
2026-09-28T21:01:04.842140,5,0.0,16520.0,30.44
2026-09-28T21:01:04.842140,6,0.0,9328.0,22.96
2026-09-28T21:01:04.842140,7,100.0,13106.0,117.56
2026-09-28T21:01:05.858151,4,82.0,20702.0,345.4
2026-09-28T21:01:05.858151,5,0.0,16520.0,30.34
2026-09-28T21:01:05.858151,6,0.0,9328.0,22.78
2026-09-28T21:01:05.858151,7,100.0,13106.0,117.17
2026-09-28T21:01:06.846790,4,83.0,20702.0,345.33
2026-09-28T21:01:06.846790,5,0.0,16520.0,30.32
2026-09-28T21:01:06.846790,6,0.0,9328.0,22.72
2026-09-28T21:01:06.846790,7,100.0,13106.0,117.25
2026-09-28T21:01:07.851809,4,84.0,20702.0,348.9
2026-09-28T21:01:07.851809,5,0.0,16520.0,30.2
2026-09-28T21:01:07.851809,6,0.0,9328.0,22.68
2026-09-28T21:01:07.851809,7,100.0,13106.0,116.81
2026-09-28T21:01:08.896914,4,83.0,20702.0,350.84
2026-09-28T21:01:08.896914,5,0.0,16520.0,30.42
2026-09-28T21:01:08.896914,6,0.0,9328.0,22.55
2026-09-28T21:01:08.896914,7,100.0,13106.0,116.1
2026-09-28T21:01:09.840643,4,85.0,20702.0,350.24
2026-09-28T21:01:09.840643,5,0.0,16520.0,30.64
2026-09-28T21:01:09.840643,6,0.0,9328.0,22.46
2026-09-28T21:01:09.840643,7,100.0,13106.0,116.01
2026-09-28T21:01:10.845673,4,85.0,20702.0,353.01
2026-09-28T21:01:10.845673,5,0.0,16520.0,30.53
2026-09-28T21:01:10.845673,6,0.0,9328.0,22.55
2026-09-28T21:01:10.845673,7,100.0,13106.0,115.53
2026-09-28T21:01:11.842913,4,84.0,20702.0,355.06
2026-09-28T21:01:11.842913,5,0.0,16520.0,30.47
2026-09-28T21:01:11.842913,6,0.0,9328.0,22.72
2026-09-28T21:01:11.842913,7,100.0,13106.0,115.57
2026-09-28T21:01:12.845568,4,86.0,20702.0,355.81
2026-09-28T21:01:12.845568,5,0.0,16520.0,30.42
2026-09-28T21:01:12.845568,6,0.0,9328.0,22.61
2026-09-28T21:01:12.845568,7,100.0,13106.0,115.58
2026-09-28T21:01:13.844614,4,87.0,20702.0,357.65
2026-09-28T21:01:13.844614,5,0.0,16520.0,30.25
2026-09-28T21:01:13.844614,6,0.0,9328.0,22.44
2026-09-28T21:01:13.844614,7,100.0,13106.0,115.59
2026-09-28T21:01:14.895437,4,85.0,20702.0,349.32
2026-09-28T21:01:14.895437,5,0.0,16520.0,30.23
2026-09-28T21:01:14.895437,6,0.0,9328.0,22.41
2026-09-28T21:01:14.895437,7,100.0,13106.0,115.2
2026-09-28T21:01:15.842814,4,86.0,20702.0,343.44
2026-09-28T21:01:15.842814,5,0.0,16520.0,30.32
2026-09-28T21:01:15.842814,6,0.0,9328.0,22.4
2026-09-28T21:01:15.842814,7,100.0,13106.0,115.05
2026-09-28T21:01:16.844022,4,87.0,20702.0,341.82
2026-09-28T21:01:16.844022,5,0.0,16520.0,30.22
2026-09-28T21:01:16.844022,6,0.0,9328.0,22.58
2026-09-28T21:01:16.844022,7,100.0,13106.0,114.77
2026-09-28T21:01:17.843321,4,87.0,20702.0,340.79
2026-09-28T21:01:17.843321,5,0.0,16520.0,30.12
2026-09-28T21:01:17.843321,6,0.0,9328.0,22.64
2026-09-28T21:01:17.843321,7,100.0,13106.0,114.43
2026-09-28T21:01:18.841363,4,88.0,20702.0,343.12
2026-09-28T21:01:18.841363,5,0.0,16520.0,30.1
2026-09-28T21:01:18.841363,6,0.0,9328.0,22.61
2026-09-28T21:01:18.841363,7,100.0,13106.0,114.19
2026-09-28T21:01:19.842530,4,89.0,20702.0,342.39
2026-09-28T21:01:19.842530,5,0.0,16520.0,30.06
2026-09-28T21:01:19.842530,6,0.0,9328.0,22.65
2026-09-28T21:01:19.842530,7,100.0,13106.0,114.01
2026-09-28T21:01:20.887227,4,88.0,20702.0,338.08
2026-09-28T21:01:20.887227,5,0.0,16520.0,30.13
2026-09-28T21:01:20.887227,6,0.0,9328.0,22.65
2026-09-28T21:01:20.887227,7,100.0,13106.0,113.75
2026-09-28T21:01:21.844337,4,88.0,20702.0,337.3
2026-09-28T21:01:21.844337,5,0.0,16520.0,30.37
2026-09-28T21:01:21.844337,6,0.0,9328.0,22.69
2026-09-28T21:01:21.844337,7,100.0,13106.0,113.86
2026-09-28T21:01:22.842945,4,86.0,20702.0,337.61
2026-09-28T21:01:22.842945,5,0.0,16520.0,30.48
2026-09-28T21:01:22.842945,6,0.0,9328.0,22.67
2026-09-28T21:01:22.842945,7,100.0,13106.0,113.87
2026-09-28T21:01:23.854392,4,89.0,20702.0,335.63
2026-09-28T21:01:23.854392,5,0.0,16520.0,30.52
2026-09-28T21:01:23.854392,6,0.0,9328.0,22.58
2026-09-28T21:01:23.854392,7,100.0,13106.0,113.49
2026-09-28T21:01:24.844684,4,88.0,20702.0,333.74
2026-09-28T21:01:24.844684,5,0.0,16520.0,30.59
2026-09-28T21:01:24.844684,6,0.0,9328.0,22.59
2026-09-28T21:01:24.844684,7,100.0,13106.0,113.72
2026-09-28T21:01:25.842306,4,89.0,20702.0,330.67
2026-09-28T21:01:25.842306,5,0.0,16520.0,30.58
2026-09-28T21:01:25.842306,6,0.0,9328.0,22.64
2026-09-28T21:01:25.842306,7,100.0,13106.0,113.35
2026-09-28T21:01:26.878397,4,89.0,20702.0,331.12
2026-09-28T21:01:26.878397,5,0.0,16520.0,30.49
2026-09-28T21:01:26.878397,6,0.0,9328.0,22.58
2026-09-28T21:01:26.878397,7,100.0,13106.0,113.1
2026-09-28T21:01:27.847386,4,89.0,20702.0,331.84
2026-09-28T21:01:27.847386,5,0.0,16520.0,30.44
2026-09-28T21:01:27.847386,6,0.0,9328.0,22.56
2026-09-28T21:01:27.847386,7,100.0,13106.0,113.01
2026-09-28T21:01:28.844550,4,90.0,20702.0,331.07
2026-09-28T21:01:28.844550,5,0.0,16520.0,30.47
2026-09-28T21:01:28.844550,6,0.0,9328.0,22.6
2026-09-28T21:01:28.844550,7,100.0,13106.0,112.97
2026-09-28T21:01:29.844687,4,90.0,20702.0,330.81
2026-09-28T21:01:29.844687,5,0.0,16520.0,30.33
2026-09-28T21:01:29.844687,6,0.0,9328.0,22.6
2026-09-28T21:01:29.844687,7,100.0,13106.0,113.15
2026-09-28T21:01:30.844580,4,90.0,20702.0,323.92
2026-09-28T21:01:30.844580,5,0.0,16520.0,30.23
2026-09-28T21:01:30.844580,6,0.0,9328.0,22.51
2026-09-28T21:01:30.844580,7,100.0,13106.0,113.06
2026-09-28T21:01:31.842808,4,90.0,20702.0,320.86
2026-09-28T21:01:31.842808,5,0.0,16520.0,30.28
2026-09-28T21:01:31.842808,6,0.0,9328.0,22.42
2026-09-28T21:01:31.842808,7,100.0,13106.0,112.92
2026-09-28T21:01:32.865792,4,90.0,20702.0,321.38
2026-09-28T21:01:32.865792,5,0.0,16520.0,30.3
2026-09-28T21:01:32.865792,6,0.0,9328.0,22.4
2026-09-28T21:01:32.865792,7,100.0,13106.0,112.97
2026-09-28T21:01:33.846585,4,90.0,20702.0,322.4
2026-09-28T21:01:33.846585,5,0.0,16520.0,30.33
2026-09-28T21:01:33.846585,6,0.0,9328.0,22.49
2026-09-28T21:01:33.846585,7,100.0,13106.0,112.73
2026-09-28T21:01:34.842234,4,91.0,20702.0,316.43
2026-09-28T21:01:34.842234,5,0.0,16520.0,30.34
2026-09-28T21:01:34.842234,6,0.0,9328.0,22.56
2026-09-28T21:01:34.842234,7,100.0,13106.0,112.57
2026-09-28T21:01:35.836685,4,0.0,20702.0,245.82
2026-09-28T21:01:35.836685,5,0.0,16520.0,30.22
2026-09-28T21:01:35.836685,6,0.0,9328.0,30.02
2026-09-28T21:01:35.836685,7,12.0,13106.0,110.92
2026-09-28T21:01:36.838662,4,0.0,20702.0,137.14
2026-09-28T21:01:36.838662,5,0.0,16520.0,30.27
2026-09-28T21:01:36.838662,6,12.0,9328.0,84.7
2026-09-28T21:01:36.838662,7,12.0,13106.0,104.73
2026-09-28T21:01:37.837730,4,0.0,20702.0,106.28
2026-09-28T21:01:37.837730,5,0.0,16520.0,30.52
2026-09-28T21:01:37.837730,6,12.0,9328.0,86.26
2026-09-28T21:01:37.837730,7,12.0,13106.0,96.98
2026-09-28T21:01:38.837445,4,0.0,20702.0,99.44
2026-09-28T21:01:38.837445,5,0.0,16520.0,30.61
2026-09-28T21:01:38.837445,6,5.0,9328.0,85.92
2026-09-28T21:01:38.837445,7,12.0,13106.0,90.4
2026-09-28T21:01:39.884026,4,0.0,20702.0,92.76
2026-09-28T21:01:39.884026,5,0.0,16520.0,30.63
2026-09-28T21:01:39.884026,6,11.0,9328.0,84.85
2026-09-28T21:01:39.884026,7,12.0,13106.0,90.52
2026-09-28T21:01:40.838192,4,0.0,20702.0,92.29
2026-09-28T21:01:40.838192,5,94.0,16520.0,357.81
2026-09-28T21:01:40.838192,6,0.0,9328.0,82.44
2026-09-28T21:01:40.838192,7,100.0,13106.0,104.77
2026-09-28T21:01:41.841097,4,0.0,20702.0,91.88
2026-09-28T21:01:41.841097,5,94.0,16520.0,448.3
2026-09-28T21:01:41.841097,6,0.0,9328.0,81.38
2026-09-28T21:01:41.841097,7,100.0,13106.0,112.42
2026-09-28T21:01:42.838497,4,0.0,20702.0,91.66
2026-09-28T21:01:42.838497,5,95.0,16520.0,447.49
2026-09-28T21:01:42.838497,6,0.0,9328.0,80.15
2026-09-28T21:01:42.838497,7,100.0,13106.0,112.1
2026-09-28T21:01:43.838825,4,0.0,20702.0,91.29
2026-09-28T21:01:43.838825,5,96.0,16520.0,447.04
2026-09-28T21:01:43.838825,6,0.0,9328.0,80.07
2026-09-28T21:01:43.838825,7,100.0,13106.0,112.02
2026-09-28T21:01:44.838352,4,0.0,20702.0,90.63
2026-09-28T21:01:44.838352,5,96.0,16520.0,447.23
2026-09-28T21:01:44.838352,6,0.0,9328.0,80.11
2026-09-28T21:01:44.838352,7,100.0,13106.0,112.12
2026-09-28T21:01:45.873008,4,0.0,20702.0,90.06
2026-09-28T21:01:45.873008,5,95.0,16520.0,448.05
2026-09-28T21:01:45.873008,6,0.0,9328.0,80.19
2026-09-28T21:01:45.873008,7,100.0,13106.0,112.24
2026-09-28T21:01:46.840495,4,0.0,20702.0,89.57
2026-09-28T21:01:46.840495,5,99.0,16520.0,448.41
2026-09-28T21:01:46.840495,6,0.0,9328.0,80.19
2026-09-28T21:01:46.840495,7,100.0,13106.0,112.25
2026-09-28T21:01:47.838666,4,0.0,20702.0,88.89
2026-09-28T21:01:47.838666,5,96.0,16520.0,448.35
2026-09-28T21:01:47.838666,6,0.0,9328.0,80.17
2026-09-28T21:01:47.838666,7,100.0,13106.0,112.28
2026-09-28T21:01:48.841447,4,0.0,20702.0,88.25
2026-09-28T21:01:48.841447,5,95.0,16520.0,449.08
2026-09-28T21:01:48.841447,6,0.0,9328.0,80.13
2026-09-28T21:01:48.841447,7,100.0,13106.0,112.62
2026-09-28T21:01:49.838812,4,0.0,20702.0,87.71
2026-09-28T21:01:49.838812,5,91.0,16520.0,446.45
2026-09-28T21:01:49.838812,6,0.0,9328.0,79.94
2026-09-28T21:01:49.838812,7,100.0,13106.0,112.62
2026-09-28T21:01:50.835822,4,0.0,20702.0,87.02
2026-09-28T21:01:50.835822,5,92.0,16520.0,445.4
2026-09-28T21:01:50.835822,6,0.0,9328.0,79.79
2026-09-28T21:01:50.835822,7,100.0,13106.0,112.72
2026-09-28T21:01:51.833819,4,0.0,20702.0,86.39
2026-09-28T21:01:51.833819,5,96.0,16520.0,448.04
2026-09-28T21:01:51.833819,6,0.0,9328.0,79.91
2026-09-28T21:01:51.833819,7,100.0,13106.0,112.42
2026-09-28T21:01:52.848655,4,0.0,20702.0,85.62
2026-09-28T21:01:52.848655,5,100.0,16520.0,447.42
2026-09-28T21:01:52.848655,6,0.0,9328.0,79.96
2026-09-28T21:01:52.848655,7,100.0,13106.0,112.43
2026-09-28T21:01:53.839138,4,0.0,20702.0,62.64
2026-09-28T21:01:53.839138,5,99.0,16520.0,448.46
2026-09-28T21:01:53.839138,6,0.0,9328.0,79.92
2026-09-28T21:01:53.839138,7,100.0,13106.0,112.46
2026-09-28T21:01:54.843222,4,0.0,20702.0,33.66
2026-09-28T21:01:54.843222,5,92.0,16520.0,448.78
2026-09-28T21:01:54.843222,6,0.0,9328.0,79.88
2026-09-28T21:01:54.843222,7,100.0,13106.0,112.56
2026-09-28T21:01:55.841151,4,0.0,20702.0,25.58
2026-09-28T21:01:55.841151,5,96.0,16520.0,447.2
2026-09-28T21:01:55.841151,6,0.0,9328.0,79.8
2026-09-28T21:01:55.841151,7,100.0,13106.0,112.64
2026-09-28T21:01:56.840925,4,0.0,20702.0,23.53
2026-09-28T21:01:56.840925,5,95.0,16520.0,447.52
2026-09-28T21:01:56.840925,6,0.0,9328.0,79.8
2026-09-28T21:01:56.840925,7,100.0,13106.0,112.47
2026-09-28T21:01:57.842509,4,0.0,20702.0,22.67
2026-09-28T21:01:57.842509,5,96.0,16520.0,447.76
2026-09-28T21:01:57.842509,6,0.0,9328.0,79.9
2026-09-28T21:01:57.842509,7,100.0,13106.0,112.62
2026-09-28T21:01:58.888960,4,0.0,20702.0,22.11
2026-09-28T21:01:58.888960,5,95.0,16520.0,447.99
2026-09-28T21:01:58.888960,6,0.0,9328.0,65.09
2026-09-28T21:01:58.888960,7,100.0,13106.0,112.49
2026-09-28T21:01:59.843687,4,0.0,20702.0,21.84
2026-09-28T21:01:59.843687,5,96.0,16520.0,448.19
2026-09-28T21:01:59.843687,6,0.0,9328.0,39.0
2026-09-28T21:01:59.843687,7,100.0,13106.0,112.39
2026-09-28T21:02:00.843662,4,0.0,20702.0,21.79
2026-09-28T21:02:00.843662,5,99.0,16520.0,447.91
2026-09-28T21:02:00.843662,6,0.0,9328.0,24.95
2026-09-28T21:02:00.843662,7,100.0,13106.0,112.25
2026-09-28T21:02:01.843226,4,0.0,20702.0,21.87
2026-09-28T21:02:01.843226,5,95.0,16520.0,449.05
2026-09-28T21:02:01.843226,6,0.0,9328.0,22.21
2026-09-28T21:02:01.843226,7,100.0,13106.0,112.38
2026-09-28T21:02:02.842969,4,0.0,20702.0,21.86
2026-09-28T21:02:02.842969,5,99.0,16520.0,448.69
2026-09-28T21:02:02.842969,6,0.0,9328.0,22.23
2026-09-28T21:02:02.842969,7,100.0,13106.0,112.33
2026-09-28T21:02:03.842942,4,0.0,20702.0,21.52
2026-09-28T21:02:03.842942,5,95.0,16520.0,449.39
2026-09-28T21:02:03.842942,6,0.0,9328.0,22.22
2026-09-28T21:02:03.842942,7,100.0,13106.0,112.53
2026-09-28T21:02:04.885260,4,0.0,20702.0,21.17
2026-09-28T21:02:04.885260,5,99.0,16520.0,450.18
2026-09-28T21:02:04.885260,6,0.0,9328.0,22.25
2026-09-28T21:02:04.885260,7,100.0,13106.0,112.47
2026-09-28T21:02:05.843811,4,0.0,20702.0,21.21
2026-09-28T21:02:05.843811,5,96.0,16520.0,448.93
2026-09-28T21:02:05.843811,6,0.0,9328.0,22.31
2026-09-28T21:02:05.843811,7,100.0,13106.0,112.28
2026-09-28T21:02:06.846165,4,0.0,20702.0,21.25
2026-09-28T21:02:06.846165,5,95.0,16520.0,449.56
2026-09-28T21:02:06.846165,6,0.0,9328.0,22.39
2026-09-28T21:02:06.846165,7,100.0,13106.0,112.32
2026-09-28T21:02:07.843176,4,0.0,20702.0,21.1
2026-09-28T21:02:07.843176,5,99.0,16520.0,449.72
2026-09-28T21:02:07.843176,6,0.0,9328.0,22.46
2026-09-28T21:02:07.843176,7,100.0,13106.0,112.08
2026-09-28T21:02:08.842562,4,0.0,20702.0,21.11
2026-09-28T21:02:08.842562,5,95.0,16520.0,448.83
2026-09-28T21:02:08.842562,6,0.0,9328.0,22.47
2026-09-28T21:02:08.842562,7,100.0,13106.0,112.11
2026-09-28T21:02:09.841886,4,0.0,20702.0,20.99
2026-09-28T21:02:09.841886,5,99.0,16520.0,449.86
2026-09-28T21:02:09.841886,6,0.0,9328.0,22.4
2026-09-28T21:02:09.841886,7,100.0,13106.0,111.86
2026-09-28T21:02:10.857065,4,0.0,20702.0,20.75
2026-09-28T21:02:10.857065,5,96.0,16520.0,447.9
2026-09-28T21:02:10.857065,6,0.0,9328.0,22.37
2026-09-28T21:02:10.857065,7,100.0,13106.0,111.72
2026-09-28T21:02:11.850730,4,0.0,20702.0,20.68
2026-09-28T21:02:11.850730,5,99.0,16520.0,449.99
2026-09-28T21:02:11.850730,6,0.0,9328.0,22.36
2026-09-28T21:02:11.850730,7,100.0,13106.0,111.99
2026-09-28T21:02:12.844798,4,0.0,20702.0,20.76
2026-09-28T21:02:12.844798,5,99.0,16520.0,449.69
2026-09-28T21:02:12.844798,6,0.0,9328.0,22.33
2026-09-28T21:02:12.844798,7,100.0,13106.0,111.76
2026-09-28T21:02:13.844020,4,0.0,20702.0,20.92
2026-09-28T21:02:13.844020,5,99.0,16520.0,449.98
2026-09-28T21:02:13.844020,6,0.0,9328.0,22.27
2026-09-28T21:02:13.844020,7,100.0,13106.0,111.82
2026-09-28T21:02:14.844469,4,0.0,20702.0,21.01
2026-09-28T21:02:14.844469,5,99.0,16520.0,449.33
2026-09-28T21:02:14.844469,6,0.0,9328.0,22.22
2026-09-28T21:02:14.844469,7,100.0,13106.0,111.78
2026-09-28T21:02:15.842457,4,0.0,20702.0,21.0
2026-09-28T21:02:15.842457,5,98.0,16520.0,450.16
2026-09-28T21:02:15.842457,6,0.0,9328.0,22.13
2026-09-28T21:02:15.842457,7,100.0,13106.0,111.79
2026-09-28T21:02:16.845167,4,0.0,20702.0,20.97
2026-09-28T21:02:16.845167,5,0.0,16520.0,266.33
2026-09-28T21:02:16.845167,6,92.0,9328.0,74.66
2026-09-28T21:02:16.845167,7,97.0,13106.0,187.13
2026-09-28T21:02:17.891301,4,0.0,20702.0,21.06
2026-09-28T21:02:17.891301,5,0.0,16520.0,177.66
2026-09-28T21:02:17.891301,6,96.0,9328.0,384.55
2026-09-28T21:02:17.891301,7,96.0,13106.0,364.43
2026-09-28T21:02:18.847136,4,0.0,20702.0,20.93
2026-09-28T21:02:18.847136,5,0.0,16520.0,122.17
2026-09-28T21:02:18.847136,6,89.0,9328.0,388.75
2026-09-28T21:02:18.847136,7,90.0,13106.0,380.47
2026-09-28T21:02:19.853081,4,0.0,20702.0,20.8
2026-09-28T21:02:19.853081,5,0.0,16520.0,114.73
2026-09-28T21:02:19.853081,6,96.0,9328.0,379.84
2026-09-28T21:02:19.853081,7,97.0,13106.0,387.94
2026-09-28T21:02:20.845981,4,0.0,20702.0,20.85
2026-09-28T21:02:20.845981,5,0.0,16520.0,107.22
2026-09-28T21:02:20.845981,6,92.0,9328.0,381.88
2026-09-28T21:02:20.845981,7,92.0,13106.0,390.52
2026-09-28T21:02:21.853487,4,0.0,20702.0,20.86
2026-09-28T21:02:21.853487,5,0.0,16520.0,106.71
2026-09-28T21:02:21.853487,6,97.0,9328.0,394.35
2026-09-28T21:02:21.853487,7,96.0,13106.0,391.86
2026-09-28T21:02:22.848247,4,0.0,20702.0,20.9
2026-09-28T21:02:22.848247,5,0.0,16520.0,106.35
2026-09-28T21:02:22.848247,6,90.0,9328.0,385.5
2026-09-28T21:02:22.848247,7,91.0,13106.0,396.11
2026-09-28T21:02:23.919274,4,0.0,20702.0,20.94
2026-09-28T21:02:23.919274,5,0.0,16520.0,105.81
2026-09-28T21:02:23.919274,6,97.0,9328.0,389.75
2026-09-28T21:02:23.919274,7,97.0,13106.0,399.83
2026-09-28T21:02:24.847370,4,0.0,20702.0,20.91
2026-09-28T21:02:24.847370,5,0.0,16520.0,104.99
2026-09-28T21:02:24.847370,6,89.0,9328.0,379.8
2026-09-28T21:02:24.847370,7,93.0,13106.0,400.47
2026-09-28T21:02:25.852218,4,0.0,20702.0,20.87
2026-09-28T21:02:25.852218,5,0.0,16520.0,104.38
2026-09-28T21:02:25.852218,6,96.0,9328.0,385.24
2026-09-28T21:02:25.852218,7,97.0,13106.0,397.29
2026-09-28T21:02:26.855461,4,0.0,20702.0,20.92
2026-09-28T21:02:26.855461,5,0.0,16520.0,103.78
2026-09-28T21:02:26.855461,6,89.0,9328.0,387.51
2026-09-28T21:02:26.855461,7,89.0,13106.0,394.52
2026-09-28T21:02:27.851937,4,0.0,20702.0,20.97
2026-09-28T21:02:27.851937,5,0.0,16520.0,103.0
2026-09-28T21:02:27.851937,6,97.0,9328.0,389.08
2026-09-28T21:02:27.851937,7,97.0,13106.0,399.28
2026-09-28T21:02:28.855343,4,0.0,20702.0,20.97
2026-09-28T21:02:28.855343,5,0.0,16520.0,102.07
2026-09-28T21:02:28.855343,6,89.0,9328.0,383.38
2026-09-28T21:02:28.855343,7,90.0,13106.0,403.19
2026-09-28T21:02:29.902159,4,0.0,20702.0,21.02
2026-09-28T21:02:29.902159,5,0.0,16520.0,101.11
2026-09-28T21:02:29.902159,6,97.0,9328.0,394.21
2026-09-28T21:02:29.902159,7,97.0,13106.0,401.29
2026-09-28T21:02:30.857327,4,0.0,20702.0,21.02
2026-09-28T21:02:30.857327,5,0.0,16520.0,100.41
2026-09-28T21:02:30.857327,6,90.0,9328.0,393.27
2026-09-28T21:02:30.857327,7,91.0,13106.0,406.91
2026-09-28T21:02:31.853078,4,0.0,20702.0,20.83
2026-09-28T21:02:31.853078,5,0.0,16520.0,99.68
2026-09-28T21:02:31.853078,6,97.0,9328.0,390.76
2026-09-28T21:02:31.853078,7,97.0,13106.0,403.29
2026-09-28T21:02:32.862408,4,0.0,20702.0,20.84
2026-09-28T21:02:32.862408,5,0.0,16520.0,99.0
2026-09-28T21:02:32.862408,6,93.0,9328.0,384.59
2026-09-28T21:02:32.862408,7,92.0,13106.0,410.78
2026-09-28T21:02:33.849636,4,0.0,20702.0,20.86
2026-09-28T21:02:33.849636,5,0.0,16520.0,97.71
2026-09-28T21:02:33.849636,6,97.0,9328.0,404.39
2026-09-28T21:02:33.849636,7,97.0,13106.0,399.51
2026-09-28T21:02:34.849871,4,0.0,20702.0,20.66
2026-09-28T21:02:34.849871,5,0.0,16520.0,72.6
2026-09-28T21:02:34.849871,6,96.0,9328.0,390.43
2026-09-28T21:02:34.849871,7,91.0,13106.0,409.05
2026-09-28T21:02:35.874188,4,0.0,20702.0,20.52
2026-09-28T21:02:35.874188,5,0.0,16520.0,44.47
2026-09-28T21:02:35.874188,6,96.0,9328.0,402.87
2026-09-28T21:02:35.874188,7,97.0,13106.0,398.98
2026-09-28T21:02:36.850655,4,0.0,20702.0,20.47
2026-09-28T21:02:36.850655,5,0.0,16520.0,38.27
2026-09-28T21:02:36.850655,6,94.0,9328.0,391.72
2026-09-28T21:02:36.850655,7,93.0,13106.0,407.14
2026-09-28T21:02:37.848396,4,0.0,20702.0,20.42
2026-09-28T21:02:37.848396,5,0.0,16520.0,35.91
2026-09-28T21:02:37.848396,6,96.0,9328.0,399.91
2026-09-28T21:02:37.848396,7,97.0,13106.0,401.31
2026-09-28T21:02:38.848981,4,0.0,20702.0,20.43
2026-09-28T21:02:38.848981,5,0.0,16520.0,35.13
2026-09-28T21:02:38.848981,6,92.0,9328.0,382.45
2026-09-28T21:02:38.848981,7,94.0,13106.0,407.88
2026-09-28T21:02:39.848204,4,0.0,20702.0,20.39
2026-09-28T21:02:39.848204,5,0.0,16520.0,34.49
2026-09-28T21:02:39.848204,6,97.0,9328.0,392.14
2026-09-28T21:02:39.848204,7,96.0,13106.0,407.22
2026-09-28T21:02:40.849706,4,0.0,20702.0,20.38
2026-09-28T21:02:40.849706,5,0.0,16520.0,34.01
2026-09-28T21:02:40.849706,6,93.0,9328.0,386.19
2026-09-28T21:02:40.849706,7,95.0,13106.0,404.23
2026-09-28T21:02:41.871364,4,0.0,20702.0,20.4
2026-09-28T21:02:41.871364,5,0.0,16520.0,33.67
2026-09-28T21:02:41.871364,6,97.0,9328.0,395.62
2026-09-28T21:02:41.871364,7,96.0,13106.0,412.63
2026-09-28T21:02:42.852953,4,0.0,20702.0,20.44
2026-09-28T21:02:42.852953,5,0.0,16520.0,33.47
2026-09-28T21:02:42.852953,6,93.0,9328.0,387.55
2026-09-28T21:02:42.852953,7,95.0,13106.0,411.94
2026-09-28T21:02:43.850207,4,0.0,20702.0,20.45
2026-09-28T21:02:43.850207,5,0.0,16520.0,33.29
2026-09-28T21:02:43.850207,6,97.0,9328.0,396.0
2026-09-28T21:02:43.850207,7,97.0,13106.0,420.31
2026-09-28T21:02:44.851270,4,0.0,20702.0,20.53
2026-09-28T21:02:44.851270,5,0.0,16520.0,33.01
2026-09-28T21:02:44.851270,6,91.0,9328.0,387.34
2026-09-28T21:02:44.851270,7,93.0,13106.0,404.79
2026-09-28T21:02:45.849291,4,0.0,20702.0,20.59
2026-09-28T21:02:45.849291,5,0.0,16520.0,32.76
2026-09-28T21:02:45.849291,6,96.0,9328.0,394.13
2026-09-28T21:02:45.849291,7,98.0,13106.0,410.48
2026-09-28T21:02:46.849525,4,0.0,20702.0,20.47
2026-09-28T21:02:46.849525,5,0.0,16520.0,32.75
2026-09-28T21:02:46.849525,6,92.0,9328.0,397.62
2026-09-28T21:02:46.849525,7,95.0,13106.0,406.54
2026-09-28T21:02:47.856106,4,0.0,20702.0,20.43
2026-09-28T21:02:47.856106,5,0.0,16520.0,32.79
2026-09-28T21:02:47.856106,6,96.0,9328.0,395.89
2026-09-28T21:02:47.856106,7,96.0,13106.0,420.42
2026-09-28T21:02:48.857345,4,0.0,20702.0,20.28
2026-09-28T21:02:48.857345,5,0.0,16520.0,32.72
2026-09-28T21:02:48.857345,6,91.0,9328.0,389.57
2026-09-28T21:02:48.857345,7,95.0,13106.0,412.33
2026-09-28T21:02:49.850890,4,0.0,20702.0,20.13
2026-09-28T21:02:49.850890,5,0.0,16520.0,32.6
2026-09-28T21:02:49.850890,6,96.0,9328.0,392.96
2026-09-28T21:02:49.850890,7,96.0,13106.0,417.48
2026-09-28T21:02:50.851158,4,0.0,20702.0,20.21
2026-09-28T21:02:50.851158,5,0.0,16520.0,32.6
2026-09-28T21:02:50.851158,6,95.0,9328.0,394.47
2026-09-28T21:02:50.851158,7,94.0,13106.0,402.15
2026-09-28T21:02:51.851018,4,0.0,20702.0,20.27
2026-09-28T21:02:51.851018,5,0.0,16520.0,32.52
2026-09-28T21:02:51.851018,6,97.0,9328.0,416.76
2026-09-28T21:02:51.851018,7,97.0,13106.0,396.37
2026-09-28T21:02:52.848902,4,0.0,20702.0,20.28
2026-09-28T21:02:52.848902,5,0.0,16520.0,32.6
2026-09-28T21:02:52.848902,6,85.0,9328.0,394.73
2026-09-28T21:02:52.848902,7,87.0,13106.0,406.54
2026-09-28T21:02:53.850225,4,0.0,20702.0,20.34
2026-09-28T21:02:53.850225,5,0.0,16520.0,32.6
2026-09-28T21:02:53.850225,6,96.0,9328.0,403.72
2026-09-28T21:02:53.850225,7,97.0,13106.0,409.21
2026-09-28T21:02:54.896264,4,0.0,20702.0,20.43
2026-09-28T21:02:54.896264,5,0.0,16520.0,32.22
2026-09-28T21:02:54.896264,6,86.0,9328.0,398.11
2026-09-28T21:02:54.896264,7,86.0,13106.0,403.7
2026-09-28T21:02:55.850431,4,0.0,20702.0,20.43
2026-09-28T21:02:55.850431,5,0.0,16520.0,32.12
2026-09-28T21:02:55.850431,6,95.0,9328.0,409.45
2026-09-28T21:02:55.850431,7,98.0,13106.0,420.12
2026-09-28T21:02:56.851630,4,0.0,20702.0,20.31
2026-09-28T21:02:56.851630,5,0.0,16520.0,32.34
2026-09-28T21:02:56.851630,6,87.0,9328.0,398.95
2026-09-28T21:02:56.851630,7,86.0,13106.0,406.32
2026-09-28T21:02:57.848411,4,0.0,20702.0,20.16
2026-09-28T21:02:57.848411,5,0.0,16520.0,32.37
2026-09-28T21:02:57.848411,6,95.0,9328.0,406.8
2026-09-28T21:02:57.848411,7,96.0,13106.0,404.65
2026-09-28T21:02:58.849255,4,0.0,20702.0,20.08
2026-09-28T21:02:58.849255,5,0.0,16520.0,31.99
2026-09-28T21:02:58.849255,6,94.0,9328.0,408.22
2026-09-28T21:02:58.849255,7,88.0,13106.0,402.92
2026-09-28T21:02:59.850062,4,0.0,20702.0,20.08
2026-09-28T21:02:59.850062,5,0.0,16520.0,31.75
2026-09-28T21:02:59.850062,6,94.0,9328.0,405.19
2026-09-28T21:02:59.850062,7,97.0,13106.0,414.66
2026-09-28T21:03:00.900791,4,0.0,20702.0,20.2
2026-09-28T21:03:00.900791,5,0.0,16520.0,31.88
2026-09-28T21:03:00.900791,6,97.0,9328.0,408.59
2026-09-28T21:03:00.900791,7,88.0,13106.0,400.42
2026-09-28T21:03:01.850184,4,0.0,20702.0,20.33
2026-09-28T21:03:01.850184,5,0.0,16520.0,32.1
2026-09-28T21:03:01.850184,6,92.0,9328.0,401.78
2026-09-28T21:03:01.850184,7,97.0,13106.0,410.23
2026-09-28T21:03:02.851751,4,0.0,20702.0,20.42
2026-09-28T21:03:02.851751,5,0.0,16520.0,32.28
2026-09-28T21:03:02.851751,6,96.0,9328.0,400.96
2026-09-28T21:03:02.851751,7,87.0,13106.0,406.74
2026-09-28T21:03:03.850313,4,0.0,20702.0,20.56
2026-09-28T21:03:03.850313,5,0.0,16520.0,32.37
2026-09-28T21:03:03.850313,6,92.0,9328.0,403.38
2026-09-28T21:03:03.850313,7,96.0,13106.0,405.59
2026-09-28T21:03:04.856733,4,0.0,20702.0,20.55
2026-09-28T21:03:04.856733,5,0.0,16520.0,32.4
2026-09-28T21:03:04.856733,6,98.0,9328.0,416.02
2026-09-28T21:03:04.856733,7,98.0,13106.0,397.85
2026-09-28T21:03:05.851254,4,0.0,20702.0,20.45
2026-09-28T21:03:05.851254,5,0.0,16520.0,32.38
2026-09-28T21:03:05.851254,6,89.0,9328.0,419.9
2026-09-28T21:03:05.851254,7,89.0,13106.0,392.58
2026-09-28T21:03:06.897875,4,0.0,20702.0,20.58
2026-09-28T21:03:06.897875,5,0.0,16520.0,32.39
2026-09-28T21:03:06.897875,6,96.0,9328.0,405.41
2026-09-28T21:03:06.897875,7,97.0,13106.0,411.03
2026-09-28T21:03:07.854630,4,0.0,20702.0,20.66
2026-09-28T21:03:07.854630,5,0.0,16520.0,32.08
2026-09-28T21:03:07.854630,6,89.0,9328.0,410.72
2026-09-28T21:03:07.854630,7,93.0,13106.0,408.48
2026-09-28T21:03:08.855394,4,0.0,20702.0,20.59
2026-09-28T21:03:08.855394,5,0.0,16520.0,31.7
2026-09-28T21:03:08.855394,6,96.0,9328.0,400.16
2026-09-28T21:03:08.855394,7,96.0,13106.0,422.58
2026-09-28T21:03:09.861681,4,0.0,20702.0,20.38
2026-09-28T21:03:09.861681,5,0.0,16520.0,31.61
2026-09-28T21:03:09.861681,6,91.0,9328.0,409.46
2026-09-28T21:03:09.861681,7,92.0,13106.0,405.92
2026-09-28T21:03:10.850620,4,0.0,20702.0,20.24
2026-09-28T21:03:10.850620,5,0.0,16520.0,31.76
2026-09-28T21:03:10.850620,6,98.0,9328.0,416.59
2026-09-28T21:03:10.850620,7,97.0,13106.0,417.64
2026-09-28T21:03:11.855525,4,0.0,20702.0,20.38
2026-09-28T21:03:11.855525,5,0.0,16520.0,31.95
2026-09-28T21:03:11.855525,6,83.0,9328.0,419.51
2026-09-28T21:03:11.855525,7,93.0,13106.0,394.29
2026-09-28T21:03:12.892992,4,0.0,20702.0,20.49
2026-09-28T21:03:12.892992,5,0.0,16520.0,31.85
2026-09-28T21:03:12.892992,6,97.0,9328.0,405.6
2026-09-28T21:03:12.892992,7,97.0,13106.0,414.46
2026-09-28T21:03:13.851774,4,0.0,20702.0,20.65
2026-09-28T21:03:13.851774,5,0.0,16520.0,31.72
2026-09-28T21:03:13.851774,6,87.0,9328.0,415.5
2026-09-28T21:03:13.851774,7,86.0,13106.0,395.05
2026-09-28T21:03:14.852386,4,0.0,20702.0,20.76
2026-09-28T21:03:14.852386,5,0.0,16520.0,31.95
2026-09-28T21:03:14.852386,6,95.0,9328.0,416.55
2026-09-28T21:03:14.852386,7,97.0,13106.0,409.25
2026-09-28T21:03:15.856787,4,0.0,20702.0,20.54
2026-09-28T21:03:15.856787,5,0.0,16520.0,32.14
2026-09-28T21:03:15.856787,6,85.0,9328.0,400.69
2026-09-28T21:03:15.856787,7,86.0,13106.0,410.36
2026-09-28T21:03:16.850167,4,0.0,20702.0,20.26
2026-09-28T21:03:16.850167,5,0.0,16520.0,32.03
2026-09-28T21:03:16.850167,6,95.0,9328.0,405.06
2026-09-28T21:03:16.850167,7,98.0,13106.0,422.45
2026-09-28T21:03:17.853854,4,0.0,20702.0,20.28
2026-09-28T21:03:17.853854,5,0.0,16520.0,31.76
2026-09-28T21:03:17.853854,6,90.0,9328.0,408.19
2026-09-28T21:03:17.853854,7,88.0,13106.0,410.42
2026-09-28T21:03:18.907338,4,0.0,20702.0,20.21
2026-09-28T21:03:18.907338,5,0.0,16520.0,31.65
2026-09-28T21:03:18.907338,6,92.0,9328.0,415.15
2026-09-28T21:03:18.907338,7,97.0,13106.0,407.22
2026-09-28T21:03:19.853567,4,0.0,20702.0,20.02
2026-09-28T21:03:19.853567,5,0.0,16520.0,31.72
2026-09-28T21:03:19.853567,6,96.0,9328.0,401.58
2026-09-28T21:03:19.853567,7,88.0,13106.0,413.01
2026-09-28T21:03:20.853545,4,0.0,20702.0,19.88
2026-09-28T21:03:20.853545,5,0.0,16520.0,31.66
2026-09-28T21:03:20.853545,6,94.0,9328.0,412.82
2026-09-28T21:03:20.853545,7,97.0,13106.0,417.35
2026-09-28T21:03:21.854927,4,0.0,20702.0,19.91
2026-09-28T21:03:21.854927,5,0.0,16520.0,31.65
2026-09-28T21:03:21.854927,6,97.0,9328.0,413.18
2026-09-28T21:03:21.854927,7,96.0,13106.0,413.39
2026-09-28T21:03:22.852306,4,0.0,20702.0,19.94
2026-09-28T21:03:22.852306,5,0.0,16520.0,31.88
2026-09-28T21:03:22.852306,6,92.0,9328.0,406.43
2026-09-28T21:03:22.852306,7,95.0,13106.0,408.46
2026-09-28T21:03:23.856071,4,0.0,20702.0,19.75
2026-09-28T21:03:23.856071,5,0.0,16520.0,31.81
2026-09-28T21:03:23.856071,6,96.0,9328.0,398.57
2026-09-28T21:03:23.856071,7,94.0,13106.0,409.04
2026-09-28T21:03:24.891303,4,0.0,20702.0,19.72
2026-09-28T21:03:24.891303,5,0.0,16520.0,31.58
2026-09-28T21:03:24.891303,6,92.0,9328.0,407.37
2026-09-28T21:03:24.891303,7,95.0,13106.0,409.36
2026-09-28T21:03:25.851506,4,0.0,20702.0,19.92
2026-09-28T21:03:25.851506,5,0.0,16520.0,31.61
2026-09-28T21:03:25.851506,6,96.0,9328.0,402.43
2026-09-28T21:03:25.851506,7,98.0,13106.0,409.54
2026-09-28T21:03:26.855094,4,0.0,20702.0,20.02
2026-09-28T21:03:26.855094,5,0.0,16520.0,31.45
2026-09-28T21:03:26.855094,6,95.0,9328.0,409.17
2026-09-28T21:03:26.855094,7,95.0,13106.0,421.76
2026-09-28T21:03:27.854100,4,0.0,20702.0,20.1
2026-09-28T21:03:27.854100,5,0.0,16520.0,31.42
2026-09-28T21:03:27.854100,6,85.0,9328.0,404.59
2026-09-28T21:03:27.854100,7,97.0,13106.0,417.95
2026-09-28T21:03:28.852573,4,0.0,20702.0,20.09
2026-09-28T21:03:28.852573,5,0.0,16520.0,31.65
2026-09-28T21:03:28.852573,6,96.0,9328.0,404.26
2026-09-28T21:03:28.852573,7,95.0,13106.0,416.57
2026-09-28T21:03:29.855554,4,0.0,20702.0,19.89
2026-09-28T21:03:29.855554,5,0.0,16520.0,31.82
2026-09-28T21:03:29.855554,6,87.0,9328.0,410.32
2026-09-28T21:03:29.855554,7,96.0,13106.0,411.06
2026-09-28T21:03:30.877045,4,0.0,20702.0,19.74
2026-09-28T21:03:30.877045,5,0.0,16520.0,32.01
2026-09-28T21:03:30.877045,6,95.0,9328.0,412.67
2026-09-28T21:03:30.877045,7,94.0,13106.0,406.39
2026-09-28T21:03:31.858295,4,0.0,20702.0,19.68
2026-09-28T21:03:31.858295,5,0.0,16520.0,32.06
2026-09-28T21:03:31.858295,6,96.0,9328.0,414.12
2026-09-28T21:03:31.858295,7,97.0,13106.0,400.3
2026-09-28T21:03:32.854328,4,0.0,20702.0,19.84
2026-09-28T21:03:32.854328,5,0.0,16520.0,31.66
2026-09-28T21:03:32.854328,6,91.0,9328.0,405.38
2026-09-28T21:03:32.854328,7,93.0,13106.0,428.43
2026-09-28T21:03:33.855371,4,0.0,20702.0,20.03
2026-09-28T21:03:33.855371,5,0.0,16520.0,31.48
2026-09-28T21:03:33.855371,6,98.0,9328.0,420.85
2026-09-28T21:03:33.855371,7,97.0,13106.0,415.86
2026-09-28T21:03:34.855666,4,0.0,20702.0,20.04
2026-09-28T21:03:34.855666,5,0.0,16520.0,31.6
2026-09-28T21:03:34.855666,6,90.0,9328.0,413.4
2026-09-28T21:03:34.855666,7,92.0,13106.0,400.02
2026-09-28T21:03:35.855342,4,0.0,20702.0,20.0
2026-09-28T21:03:35.855342,5,0.0,16520.0,31.33
2026-09-28T21:03:35.855342,6,96.0,9328.0,408.84
2026-09-28T21:03:35.855342,7,97.0,13106.0,414.25
2026-09-28T21:03:36.864963,4,0.0,20702.0,19.95
2026-09-28T21:03:36.864963,5,0.0,16520.0,31.22
2026-09-28T21:03:36.864963,6,89.0,9328.0,410.69
2026-09-28T21:03:36.864963,7,92.0,13106.0,422.54
2026-09-28T21:03:37.859681,4,0.0,20702.0,19.85
2026-09-28T21:03:37.859681,5,0.0,16520.0,31.29
2026-09-28T21:03:37.859681,6,98.0,9328.0,419.61
2026-09-28T21:03:37.859681,7,97.0,13106.0,412.36
2026-09-28T21:03:38.855227,4,0.0,20702.0,19.61
2026-09-28T21:03:38.855227,5,0.0,16520.0,31.22
2026-09-28T21:03:38.855227,6,94.0,9328.0,406.94
2026-09-28T21:03:38.855227,7,86.0,13106.0,420.09
2026-09-28T21:03:39.854528,4,0.0,20702.0,19.59
2026-09-28T21:03:39.854528,5,0.0,16520.0,31.2
2026-09-28T21:03:39.854528,6,96.0,9328.0,413.4
2026-09-28T21:03:39.854528,7,97.0,13106.0,417.54
2026-09-28T21:03:40.856948,4,0.0,20702.0,19.79
2026-09-28T21:03:40.856948,5,0.0,16520.0,31.46
2026-09-28T21:03:40.856948,6,93.0,9328.0,412.12
2026-09-28T21:03:40.856948,7,86.0,13106.0,406.3
2026-09-28T21:03:41.853517,4,0.0,20702.0,19.86
2026-09-28T21:03:41.853517,5,0.0,16520.0,31.69
2026-09-28T21:03:41.853517,6,96.0,9328.0,412.07
2026-09-28T21:03:41.853517,7,97.0,13106.0,418.87
2026-09-28T21:03:42.857925,4,0.0,20702.0,19.89
2026-09-28T21:03:42.857925,5,0.0,16520.0,31.67
2026-09-28T21:03:42.857925,6,0.0,9328.0,374.78
2026-09-28T21:03:42.857925,7,31.0,13106.0,366.98
2026-09-28T21:03:43.885526,4,50.0,20702.0,55.45
2026-09-28T21:03:43.885526,5,0.0,16520.0,31.65
2026-09-28T21:03:43.885526,6,0.0,9328.0,126.92
2026-09-28T21:03:43.885526,7,100.0,13106.0,138.54
2026-09-28T21:03:44.850375,4,97.0,20702.0,443.65
2026-09-28T21:03:44.850375,5,0.0,16520.0,31.53
2026-09-28T21:03:44.850375,6,0.0,9328.0,121.54
2026-09-28T21:03:44.850375,7,100.0,13106.0,141.81
2026-09-28T21:03:45.850157,4,62.0,20702.0,388.1
2026-09-28T21:03:45.850157,5,0.0,16520.0,31.34
2026-09-28T21:03:45.850157,6,0.0,9328.0,112.36
2026-09-28T21:03:45.850157,7,100.0,13106.0,140.78
2026-09-28T21:03:46.850070,4,0.0,20702.0,272.94
2026-09-28T21:03:46.850070,5,0.0,16520.0,31.28
2026-09-28T21:03:46.850070,6,0.0,9328.0,106.61
2026-09-28T21:03:46.850070,7,100.0,13106.0,140.32
2026-09-28T21:03:47.854479,4,71.0,20702.0,216.2
2026-09-28T21:03:47.854479,5,0.0,16520.0,31.36
2026-09-28T21:03:47.854479,6,0.0,9328.0,101.08
2026-09-28T21:03:47.854479,7,100.0,13106.0,139.58
2026-09-28T21:03:48.852326,4,72.0,20702.0,310.65
2026-09-28T21:03:48.852326,5,0.0,16520.0,31.38
2026-09-28T21:03:48.852326,6,0.0,9328.0,100.43
2026-09-28T21:03:48.852326,7,100.0,13106.0,139.48
2026-09-28T21:03:49.913012,4,73.0,20702.0,313.56
2026-09-28T21:03:49.913012,5,0.0,16520.0,31.11
2026-09-28T21:03:49.913012,6,0.0,9328.0,99.35
2026-09-28T21:03:49.913012,7,100.0,13106.0,138.96
2026-09-28T21:03:50.854710,4,71.0,20702.0,314.27
2026-09-28T21:03:50.854710,5,0.0,16520.0,31.24
2026-09-28T21:03:50.854710,6,0.0,9328.0,98.19
2026-09-28T21:03:50.854710,7,100.0,13106.0,138.46
2026-09-28T21:03:51.862926,4,75.0,20702.0,317.69
2026-09-28T21:03:51.862926,5,0.0,16520.0,31.52
2026-09-28T21:03:51.862926,6,0.0,9328.0,97.11
2026-09-28T21:03:51.862926,7,100.0,13106.0,138.12
2026-09-28T21:03:52.849245,4,71.0,20702.0,319.14
2026-09-28T21:03:52.849245,5,0.0,16520.0,31.37
2026-09-28T21:03:52.849245,6,0.0,9328.0,95.83
2026-09-28T21:03:52.849245,7,100.0,13106.0,137.65
2026-09-28T21:03:53.859204,4,76.0,20702.0,319.47
2026-09-28T21:03:53.859204,5,0.0,16520.0,31.4
2026-09-28T21:03:53.859204,6,0.0,9328.0,94.4
2026-09-28T21:03:53.859204,7,100.0,13106.0,137.37
2026-09-28T21:03:54.851544,4,76.0,20702.0,322.03
2026-09-28T21:03:54.851544,5,0.0,16520.0,31.27
2026-09-28T21:03:54.851544,6,0.0,9328.0,93.37
2026-09-28T21:03:54.851544,7,100.0,13106.0,137.04
2026-09-28T21:03:55.888501,4,75.0,20702.0,323.73
2026-09-28T21:03:55.888501,5,0.0,16520.0,30.87
2026-09-28T21:03:55.888501,6,0.0,9328.0,92.03
2026-09-28T21:03:55.888501,7,100.0,13106.0,136.43
2026-09-28T21:03:56.856017,4,79.0,20702.0,323.1
2026-09-28T21:03:56.856017,5,0.0,16520.0,30.94
2026-09-28T21:03:56.856017,6,0.0,9328.0,90.24
2026-09-28T21:03:56.856017,7,100.0,13106.0,135.79
2026-09-28T21:03:57.849270,4,80.0,20702.0,324.77
2026-09-28T21:03:57.849270,5,0.0,16520.0,31.13
2026-09-28T21:03:57.849270,6,0.0,9328.0,88.75
2026-09-28T21:03:57.849270,7,100.0,13106.0,135.41
2026-09-28T21:03:58.858699,4,35.0,20702.0,196.07
2026-09-28T21:03:58.858699,5,0.0,16520.0,31.11
2026-09-28T21:03:58.858699,6,0.0,9328.0,87.23
2026-09-28T21:03:58.858699,7,100.0,13106.0,134.34
2026-09-28T21:03:59.851793,4,80.0,20702.0,314.25
2026-09-28T21:03:59.851793,5,0.0,16520.0,31.04
2026-09-28T21:03:59.851793,6,0.0,9328.0,85.84
2026-09-28T21:03:59.851793,7,100.0,13106.0,133.57
2026-09-28T21:04:00.850528,4,82.0,20702.0,328.62
2026-09-28T21:04:00.850528,5,0.0,16520.0,30.9
2026-09-28T21:04:00.850528,6,0.0,9328.0,83.18
2026-09-28T21:04:00.850528,7,100.0,13106.0,132.91
2026-09-28T21:04:01.856291,4,81.0,20702.0,330.06
2026-09-28T21:04:01.856291,5,0.0,16520.0,31.04
2026-09-28T21:04:01.856291,6,0.0,9328.0,58.1
2026-09-28T21:04:01.856291,7,100.0,13106.0,132.21
2026-09-28T21:04:02.885963,4,78.0,20702.0,330.54
2026-09-28T21:04:02.885963,5,0.0,16520.0,31.29
2026-09-28T21:04:02.885963,6,0.0,9328.0,30.63
2026-09-28T21:04:02.885963,7,100.0,13106.0,131.57
2026-09-28T21:04:03.859202,4,78.0,20702.0,332.23
2026-09-28T21:04:03.859202,5,0.0,16520.0,31.19
2026-09-28T21:04:03.859202,6,0.0,9328.0,25.43
2026-09-28T21:04:03.859202,7,100.0,13106.0,131.03
2026-09-28T21:04:04.858597,4,79.0,20702.0,322.49
2026-09-28T21:04:04.858597,5,0.0,16520.0,30.94
2026-09-28T21:04:04.858597,6,0.0,9328.0,24.51
2026-09-28T21:04:04.858597,7,100.0,13106.0,130.4
2026-09-28T21:04:05.856279,4,82.0,20702.0,322.95
2026-09-28T21:04:05.856279,5,0.0,16520.0,30.7
2026-09-28T21:04:05.856279,6,0.0,9328.0,24.21
2026-09-28T21:04:05.856279,7,100.0,13106.0,129.63
2026-09-28T21:04:06.854679,4,81.0,20702.0,325.06
2026-09-28T21:04:06.854679,5,0.0,16520.0,30.6
2026-09-28T21:04:06.854679,6,0.0,9328.0,24.0
2026-09-28T21:04:06.854679,7,100.0,13106.0,128.95
2026-09-28T21:04:07.856233,4,83.0,20702.0,330.0
2026-09-28T21:04:07.856233,5,0.0,16520.0,30.73
2026-09-28T21:04:07.856233,6,0.0,9328.0,23.87
2026-09-28T21:04:07.856233,7,100.0,13106.0,128.07
2026-09-28T21:04:08.896149,4,80.0,20702.0,331.97
2026-09-28T21:04:08.896149,5,0.0,16520.0,30.76
2026-09-28T21:04:08.896149,6,0.0,9328.0,23.81
2026-09-28T21:04:08.896149,7,100.0,13106.0,128.04
2026-09-28T21:04:09.858290,4,82.0,20702.0,334.48
2026-09-28T21:04:09.858290,5,0.0,16520.0,30.72
2026-09-28T21:04:09.858290,6,0.0,9328.0,23.56
2026-09-28T21:04:09.858290,7,100.0,13106.0,127.32
2026-09-28T21:04:10.857725,4,80.0,20702.0,335.74
2026-09-28T21:04:10.857725,5,0.0,16520.0,30.62
2026-09-28T21:04:10.857725,6,0.0,9328.0,23.26
2026-09-28T21:04:10.857725,7,100.0,13106.0,126.73
2026-09-28T21:04:11.857063,4,85.0,20702.0,337.79
2026-09-28T21:04:11.857063,5,0.0,16520.0,30.43
2026-09-28T21:04:11.857063,6,0.0,9328.0,23.14
2026-09-28T21:04:11.857063,7,100.0,13106.0,125.85
2026-09-28T21:04:12.856590,4,83.0,20702.0,335.02
2026-09-28T21:04:12.856590,5,0.0,16520.0,30.51
2026-09-28T21:04:12.856590,6,0.0,9328.0,23.11
2026-09-28T21:04:12.856590,7,100.0,13106.0,125.91
2026-09-28T21:04:13.855639,4,84.0,20702.0,319.89
2026-09-28T21:04:13.855639,5,0.0,16520.0,30.63
2026-09-28T21:04:13.855639,6,0.0,9328.0,23.07
2026-09-28T21:04:13.855639,7,100.0,13106.0,125.17
2026-09-28T21:04:14.898274,4,85.0,20702.0,319.83
2026-09-28T21:04:14.898274,5,0.0,16520.0,30.58
2026-09-28T21:04:14.898274,6,0.0,9328.0,22.95
2026-09-28T21:04:14.898274,7,100.0,13106.0,124.91
2026-09-28T21:04:15.857195,4,86.0,20702.0,318.68
2026-09-28T21:04:15.857195,5,0.0,16520.0,30.53
2026-09-28T21:04:15.857195,6,0.0,9328.0,22.9
2026-09-28T21:04:15.857195,7,100.0,13106.0,124.64
2026-09-28T21:04:16.858599,4,87.0,20702.0,321.06
2026-09-28T21:04:16.858599,5,0.0,16520.0,30.55
2026-09-28T21:04:16.858599,6,0.0,9328.0,22.9
2026-09-28T21:04:16.858599,7,100.0,13106.0,124.29
2026-09-28T21:04:17.857858,4,85.0,20702.0,323.78
2026-09-28T21:04:17.857858,5,0.0,16520.0,30.67
2026-09-28T21:04:17.857858,6,0.0,9328.0,22.8
2026-09-28T21:04:17.857858,7,100.0,13106.0,124.02
2026-09-28T21:04:18.857138,4,86.0,20702.0,326.62
2026-09-28T21:04:18.857138,5,0.0,16520.0,30.63
2026-09-28T21:04:18.857138,6,0.0,9328.0,22.72
2026-09-28T21:04:18.857138,7,100.0,13106.0,123.56
2026-09-28T21:04:19.859655,4,86.0,20702.0,326.28
2026-09-28T21:04:19.859655,5,0.0,16520.0,30.53
2026-09-28T21:04:19.859655,6,0.0,9328.0,22.66
2026-09-28T21:04:19.859655,7,100.0,13106.0,123.25
2026-09-28T21:04:20.910341,4,87.0,20702.0,324.18
2026-09-28T21:04:20.910341,5,0.0,16520.0,30.73
2026-09-28T21:04:20.910341,6,0.0,9328.0,22.7
2026-09-28T21:04:20.910341,7,100.0,13106.0,122.84
2026-09-28T21:04:21.860240,4,87.0,20702.0,321.26
2026-09-28T21:04:21.860240,5,0.0,16520.0,30.77
2026-09-28T21:04:21.860240,6,0.0,9328.0,22.75
2026-09-28T21:04:21.860240,7,100.0,13106.0,122.36
2026-09-28T21:04:22.859192,4,88.0,20702.0,315.74
2026-09-28T21:04:22.859192,5,0.0,16520.0,30.4
2026-09-28T21:04:22.859192,6,0.0,9328.0,22.74
2026-09-28T21:04:22.859192,7,100.0,13106.0,122.2
2026-09-28T21:04:23.857014,4,89.0,20702.0,314.64
2026-09-28T21:04:23.857014,5,0.0,16520.0,30.3
2026-09-28T21:04:23.857014,6,0.0,9328.0,22.73
2026-09-28T21:04:23.857014,7,100.0,13106.0,121.77
2026-09-28T21:04:24.861170,4,88.0,20702.0,303.85
2026-09-28T21:04:24.861170,5,0.0,16520.0,30.45
2026-09-28T21:04:24.861170,6,0.0,9328.0,22.69
2026-09-28T21:04:24.861170,7,100.0,13106.0,121.14
2026-09-28T21:04:25.855966,4,90.0,20702.0,299.58
2026-09-28T21:04:25.855966,5,0.0,16520.0,30.43
2026-09-28T21:04:25.855966,6,0.0,9328.0,22.57
2026-09-28T21:04:25.855966,7,100.0,13106.0,120.5
2026-09-28T21:04:26.915984,4,90.0,20702.0,289.42
2026-09-28T21:04:26.915984,5,0.0,16520.0,30.47
2026-09-28T21:04:26.915984,6,0.0,9328.0,22.57
2026-09-28T21:04:26.915984,7,100.0,13106.0,119.98
2026-09-28T21:04:27.858860,4,90.0,20702.0,283.68
2026-09-28T21:04:27.858860,5,0.0,16520.0,30.61
2026-09-28T21:04:27.858860,6,0.0,9328.0,22.62
2026-09-28T21:04:27.858860,7,100.0,13106.0,119.18
2026-09-28T21:04:28.856741,4,90.0,20702.0,280.12
2026-09-28T21:04:28.856741,5,0.0,16520.0,30.73
2026-09-28T21:04:28.856741,6,0.0,9328.0,22.57
2026-09-28T21:04:28.856741,7,100.0,13106.0,117.7
2026-09-28T21:04:29.859469,4,91.0,20702.0,271.81
2026-09-28T21:04:29.859469,5,0.0,16520.0,30.52
2026-09-28T21:04:29.859469,6,0.0,9328.0,22.59
2026-09-28T21:04:29.859469,7,100.0,13106.0,117.26
2026-09-28T21:04:30.855726,4,91.0,20702.0,271.09
2026-09-28T21:04:30.855726,5,0.0,16520.0,30.32
2026-09-28T21:04:30.855726,6,0.0,9328.0,22.57
2026-09-28T21:04:30.855726,7,100.0,13106.0,117.27
2026-09-28T21:04:31.855612,4,91.0,20702.0,268.18
2026-09-28T21:04:31.855612,5,0.0,16520.0,30.6
2026-09-28T21:04:31.855612,6,0.0,9328.0,22.52
2026-09-28T21:04:31.855612,7,100.0,13106.0,117.36
2026-09-28T21:04:32.918064,4,91.0,20702.0,268.43
2026-09-28T21:04:32.918064,5,0.0,16520.0,30.72
2026-09-28T21:04:32.918064,6,0.0,9328.0,22.57
2026-09-28T21:04:32.918064,7,100.0,13106.0,116.82
2026-09-28T21:04:33.848777,4,0.0,20702.0,215.52
2026-09-28T21:04:33.848777,5,0.0,16520.0,30.56
2026-09-28T21:04:33.848777,6,12.0,9328.0,36.67
2026-09-28T21:04:33.848777,7,12.0,13106.0,114.09
2026-09-28T21:04:34.851230,4,0.0,20702.0,124.71
2026-09-28T21:04:34.851230,5,0.0,16520.0,30.65
2026-09-28T21:04:34.851230,6,12.0,9328.0,86.25
2026-09-28T21:04:34.851230,7,11.0,13106.0,107.97
2026-09-28T21:04:35.850170,4,0.0,20702.0,100.13
2026-09-28T21:04:35.850170,5,0.0,16520.0,30.77
2026-09-28T21:04:35.850170,6,11.0,9328.0,84.99
2026-09-28T21:04:35.850170,7,12.0,13106.0,100.24
2026-09-28T21:04:36.854881,4,0.0,20702.0,93.13
2026-09-28T21:04:36.854881,5,0.0,16520.0,30.75
2026-09-28T21:04:36.854881,6,12.0,9328.0,86.36
2026-09-28T21:04:36.854881,7,0.0,13106.0,92.12
2026-09-28T21:04:37.852794,4,0.0,20702.0,86.12
2026-09-28T21:04:37.852794,5,99.0,16520.0,95.54
2026-09-28T21:04:37.852794,6,0.0,9328.0,85.46
2026-09-28T21:04:37.852794,7,100.0,13106.0,97.09
2026-09-28T21:04:38.880948,4,0.0,20702.0,85.73
2026-09-28T21:04:38.880948,5,96.0,16520.0,451.62
2026-09-28T21:04:38.880948,6,0.0,9328.0,81.47
2026-09-28T21:04:38.880948,7,100.0,13106.0,115.5
2026-09-28T21:04:39.852578,4,0.0,20702.0,85.54
2026-09-28T21:04:39.852578,5,95.0,16520.0,445.59
2026-09-28T21:04:39.852578,6,0.0,9328.0,80.6
2026-09-28T21:04:39.852578,7,100.0,13106.0,115.35
2026-09-28T21:04:40.852140,4,0.0,20702.0,85.25
2026-09-28T21:04:40.852140,5,99.0,16520.0,447.0
2026-09-28T21:04:40.852140,6,0.0,9328.0,80.43
2026-09-28T21:04:40.852140,7,100.0,13106.0,114.93
2026-09-28T21:04:41.854185,4,0.0,20702.0,85.07
2026-09-28T21:04:41.854185,5,96.0,16520.0,447.7
2026-09-28T21:04:41.854185,6,0.0,9328.0,80.28
2026-09-28T21:04:41.854185,7,100.0,13106.0,114.69
2026-09-28T21:04:42.852067,4,0.0,20702.0,85.07
2026-09-28T21:04:42.852067,5,96.0,16520.0,448.12
2026-09-28T21:04:42.852067,6,0.0,9328.0,80.21
2026-09-28T21:04:42.852067,7,100.0,13106.0,114.5
2026-09-28T21:04:43.851701,4,0.0,20702.0,84.74
2026-09-28T21:04:43.851701,5,96.0,16520.0,447.39
2026-09-28T21:04:43.851701,6,0.0,9328.0,80.25
2026-09-28T21:04:43.851701,7,100.0,13106.0,114.01
2026-09-28T21:04:44.852051,4,0.0,20702.0,84.64
2026-09-28T21:04:44.852051,5,98.0,16520.0,447.47
2026-09-28T21:04:44.852051,6,0.0,9328.0,80.33
2026-09-28T21:04:44.852051,7,100.0,13106.0,113.92
2026-09-28T21:04:45.880451,4,0.0,20702.0,84.54
2026-09-28T21:04:45.880451,5,99.0,16520.0,448.07
2026-09-28T21:04:45.880451,6,0.0,9328.0,80.3
2026-09-28T21:04:45.880451,7,100.0,13106.0,113.88
2026-09-28T21:04:46.856167,4,0.0,20702.0,84.18
2026-09-28T21:04:46.856167,5,95.0,16520.0,449.46
2026-09-28T21:04:46.856167,6,0.0,9328.0,80.36
2026-09-28T21:04:46.856167,7,100.0,13106.0,113.59
2026-09-28T21:04:47.853775,4,0.0,20702.0,83.98
2026-09-28T21:04:47.853775,5,96.0,16520.0,448.17
2026-09-28T21:04:47.853775,6,0.0,9328.0,80.49
2026-09-28T21:04:47.853775,7,100.0,13106.0,113.36
2026-09-28T21:04:48.853122,4,0.0,20702.0,83.65
2026-09-28T21:04:48.853122,5,98.0,16520.0,448.51
2026-09-28T21:04:48.853122,6,0.0,9328.0,80.44
2026-09-28T21:04:48.853122,7,100.0,13106.0,113.62
2026-09-28T21:04:49.852638,4,0.0,20702.0,83.21
2026-09-28T21:04:49.852638,5,99.0,16520.0,448.02
2026-09-28T21:04:49.852638,6,0.0,9328.0,80.33
2026-09-28T21:04:49.852638,7,100.0,13106.0,113.46
2026-09-28T21:04:50.859136,4,0.0,20702.0,82.73
2026-09-28T21:04:50.859136,5,94.0,16520.0,447.74
2026-09-28T21:04:50.859136,6,0.0,9328.0,80.18
2026-09-28T21:04:50.859136,7,100.0,13106.0,113.57
2026-09-28T21:04:51.892495,4,0.0,20702.0,59.7
2026-09-28T21:04:51.892495,5,84.0,16520.0,444.86
2026-09-28T21:04:51.892495,6,0.0,9328.0,80.27
2026-09-28T21:04:51.892495,7,100.0,13106.0,113.62
2026-09-28T21:04:52.855874,4,0.0,20702.0,31.81
2026-09-28T21:04:52.855874,5,95.0,16520.0,442.59
2026-09-28T21:04:52.855874,6,0.0,9328.0,80.37
2026-09-28T21:04:52.855874,7,100.0,13106.0,113.66
2026-09-28T21:04:53.854873,4,0.0,20702.0,24.51
2026-09-28T21:04:53.854873,5,96.0,16520.0,449.49
2026-09-28T21:04:53.854873,6,0.0,9328.0,80.11
2026-09-28T21:04:53.854873,7,100.0,13106.0,113.28
2026-09-28T21:04:54.860131,4,0.0,20702.0,22.1
2026-09-28T21:04:54.860131,5,95.0,16520.0,448.64
2026-09-28T21:04:54.860131,6,0.0,9328.0,73.93
2026-09-28T21:04:54.860131,7,100.0,13106.0,113.18
2026-09-28T21:04:55.856459,4,0.0,20702.0,21.8
2026-09-28T21:04:55.856459,5,99.0,16520.0,448.9
2026-09-28T21:04:55.856459,6,0.0,9328.0,49.16
2026-09-28T21:04:55.856459,7,100.0,13106.0,112.94
2026-09-28T21:04:56.855765,4,0.0,20702.0,21.61
2026-09-28T21:04:56.855765,5,95.0,16520.0,450.23
2026-09-28T21:04:56.855765,6,0.0,9328.0,26.38
2026-09-28T21:04:56.855765,7,100.0,13106.0,112.79
2026-09-28T21:04:57.876581,4,0.0,20702.0,21.23
2026-09-28T21:04:57.876581,5,95.0,16520.0,448.83
2026-09-28T21:04:57.876581,6,0.0,9328.0,22.37
2026-09-28T21:04:57.876581,7,100.0,13106.0,112.75
2026-09-28T21:04:58.857523,4,0.0,20702.0,21.14
2026-09-28T21:04:58.857523,5,93.0,16520.0,447.6
2026-09-28T21:04:58.857523,6,0.0,9328.0,22.32
2026-09-28T21:04:58.857523,7,100.0,13106.0,112.6
2026-09-28T21:04:59.855343,4,0.0,20702.0,21.2
2026-09-28T21:04:59.855343,5,95.0,16520.0,447.28
2026-09-28T21:04:59.855343,6,0.0,9328.0,22.26
2026-09-28T21:04:59.855343,7,100.0,13106.0,112.34
2026-09-28T21:05:00.855769,4,0.0,20702.0,21.09
2026-09-28T21:05:00.855769,5,99.0,16520.0,450.73
2026-09-28T21:05:00.855769,6,0.0,9328.0,22.21
2026-09-28T21:05:00.855769,7,100.0,13106.0,112.44
2026-09-28T21:05:01.857967,4,0.0,20702.0,21.0
2026-09-28T21:05:01.857967,5,95.0,16520.0,449.45
2026-09-28T21:05:01.857967,6,0.0,9328.0,22.22
2026-09-28T21:05:01.857967,7,100.0,13106.0,112.09
2026-09-28T21:05:02.859461,4,0.0,20702.0,21.02
2026-09-28T21:05:02.859461,5,96.0,16520.0,449.54
2026-09-28T21:05:02.859461,6,0.0,9328.0,22.4
2026-09-28T21:05:02.859461,7,100.0,13106.0,112.09
2026-09-28T21:05:03.857774,4,0.0,20702.0,21.01
2026-09-28T21:05:03.857774,5,99.0,16520.0,450.09
2026-09-28T21:05:03.857774,6,0.0,9328.0,22.49
2026-09-28T21:05:03.857774,7,100.0,13106.0,112.24
2026-09-28T21:05:04.903190,4,0.0,20702.0,20.95
2026-09-28T21:05:04.903190,5,95.0,16520.0,449.3
2026-09-28T21:05:04.903190,6,0.0,9328.0,22.33
2026-09-28T21:05:04.903190,7,100.0,13106.0,112.38
2026-09-28T21:05:05.858809,4,0.0,20702.0,20.85
2026-09-28T21:05:05.858809,5,95.0,16520.0,449.55
2026-09-28T21:05:05.858809,6,0.0,9328.0,22.28
2026-09-28T21:05:05.858809,7,100.0,13106.0,112.49
2026-09-28T21:05:06.857449,4,0.0,20702.0,20.7
2026-09-28T21:05:06.857449,5,99.0,16520.0,450.48
2026-09-28T21:05:06.857449,6,0.0,9328.0,22.26
2026-09-28T21:05:06.857449,7,100.0,13106.0,112.23
2026-09-28T21:05:07.867208,4,0.0,20702.0,20.67
2026-09-28T21:05:07.867208,5,96.0,16520.0,450.32
2026-09-28T21:05:07.867208,6,0.0,9328.0,22.18
2026-09-28T21:05:07.867208,7,100.0,13106.0,112.17
2026-09-28T21:05:08.858444,4,0.0,20702.0,20.78
2026-09-28T21:05:08.858444,5,0.0,16520.0,211.97
2026-09-28T21:05:08.858444,6,96.0,9328.0,178.6
2026-09-28T21:05:08.858444,7,97.0,13106.0,259.22
2026-09-28T21:05:09.859565,4,0.0,20702.0,20.72
2026-09-28T21:05:09.859565,5,0.0,16520.0,181.67
2026-09-28T21:05:09.859565,6,89.0,9328.0,379.17
2026-09-28T21:05:09.859565,7,90.0,13106.0,377.93
2026-09-28T21:05:10.914487,4,0.0,20702.0,20.49
2026-09-28T21:05:10.914487,5,0.0,16520.0,119.73
2026-09-28T21:05:10.914487,6,97.0,9328.0,387.42
2026-09-28T21:05:10.914487,7,96.0,13106.0,374.93
2026-09-28T21:05:11.862288,4,0.0,20702.0,20.45
2026-09-28T21:05:11.862288,5,0.0,16520.0,112.2
2026-09-28T21:05:11.862288,6,88.0,9328.0,387.58
2026-09-28T21:05:11.862288,7,91.0,13106.0,372.24
2026-09-28T21:05:12.859895,4,0.0,20702.0,20.58
2026-09-28T21:05:12.859895,5,0.0,16520.0,104.86
2026-09-28T21:05:12.859895,6,97.0,9328.0,395.89
2026-09-28T21:05:12.859895,7,97.0,13106.0,381.29
2026-09-28T21:05:13.865593,4,0.0,20702.0,20.72
2026-09-28T21:05:13.865593,5,0.0,16520.0,104.64
2026-09-28T21:05:13.865593,6,91.0,9328.0,385.34
2026-09-28T21:05:13.865593,7,89.0,13106.0,379.51
2026-09-28T21:05:14.860323,4,0.0,20702.0,20.64
2026-09-28T21:05:14.860323,5,0.0,16520.0,104.1
2026-09-28T21:05:14.860323,6,96.0,9328.0,383.19
2026-09-28T21:05:14.860323,7,97.0,13106.0,382.85
2026-09-28T21:05:15.861335,4,0.0,20702.0,20.61
2026-09-28T21:05:15.861335,5,0.0,16520.0,103.34
2026-09-28T21:05:15.861335,6,95.0,9328.0,379.04
2026-09-28T21:05:15.861335,7,91.0,13106.0,406.25
2026-09-28T21:05:16.923641,4,0.0,20702.0,20.56
2026-09-28T21:05:16.923641,5,0.0,16520.0,102.68
2026-09-28T21:05:16.923641,6,97.0,9328.0,399.18
2026-09-28T21:05:16.923641,7,97.0,13106.0,386.94
2026-09-28T21:05:17.864821,4,0.0,20702.0,20.37
2026-09-28T21:05:17.864821,5,0.0,16520.0,102.08
2026-09-28T21:05:17.864821,6,91.0,9328.0,391.91
2026-09-28T21:05:17.864821,7,91.0,13106.0,380.62
2026-09-28T21:05:18.864623,4,0.0,20702.0,20.38
2026-09-28T21:05:18.864623,5,0.0,16520.0,101.42
2026-09-28T21:05:18.864623,6,97.0,9328.0,386.39
2026-09-28T21:05:18.864623,7,96.0,13106.0,392.03
2026-09-28T21:05:19.861766,4,0.0,20702.0,20.38
2026-09-28T21:05:19.861766,5,0.0,16520.0,100.76
2026-09-28T21:05:19.861766,6,92.0,9328.0,379.7
2026-09-28T21:05:19.861766,7,91.0,13106.0,388.29
2026-09-28T21:05:20.872277,4,0.0,20702.0,20.29
2026-09-28T21:05:20.872277,5,0.0,16520.0,100.17
2026-09-28T21:05:20.872277,6,97.0,9328.0,392.24
2026-09-28T21:05:20.872277,7,96.0,13106.0,392.01
2026-09-28T21:05:21.863001,4,0.0,20702.0,20.28
2026-09-28T21:05:21.863001,5,0.0,16520.0,99.39
2026-09-28T21:05:21.863001,6,92.0,9328.0,388.71
2026-09-28T21:05:21.863001,7,93.0,13106.0,401.17
2026-09-28T21:05:22.901196,4,0.0,20702.0,20.27
2026-09-28T21:05:22.901196,5,0.0,16520.0,98.65
2026-09-28T21:05:22.901196,6,97.0,9328.0,390.15
2026-09-28T21:05:22.901196,7,96.0,13106.0,401.69
2026-09-28T21:05:23.860141,4,0.0,20702.0,20.31
2026-09-28T21:05:23.860141,5,0.0,16520.0,98.1
2026-09-28T21:05:23.860141,6,93.0,9328.0,387.41
2026-09-28T21:05:23.860141,7,93.0,13106.0,385.19
2026-09-28T21:05:24.863685,4,0.0,20702.0,20.34
2026-09-28T21:05:24.863685,5,0.0,16520.0,97.41
2026-09-28T21:05:24.863685,6,97.0,9328.0,396.88
2026-09-28T21:05:24.863685,7,96.0,13106.0,394.39
2026-09-28T21:05:25.862461,4,0.0,20702.0,20.3
2026-09-28T21:05:25.862461,5,0.0,16520.0,77.43
2026-09-28T21:05:25.862461,6,84.0,9328.0,389.28
2026-09-28T21:05:25.862461,7,93.0,13106.0,393.38
2026-09-28T21:05:26.859340,4,0.0,20702.0,20.22
2026-09-28T21:05:26.859340,5,0.0,16520.0,50.01
2026-09-28T21:05:26.859340,6,97.0,9328.0,395.61
2026-09-28T21:05:26.859340,7,96.0,13106.0,398.27
2026-09-28T21:05:27.862283,4,0.0,20702.0,19.95
2026-09-28T21:05:27.862283,5,0.0,16520.0,38.89
2026-09-28T21:05:27.862283,6,84.0,9328.0,381.12
2026-09-28T21:05:27.862283,7,93.0,13106.0,396.82
2026-09-28T21:05:28.877738,4,0.0,20702.0,19.93
2026-09-28T21:05:28.877738,5,0.0,16520.0,35.38
2026-09-28T21:05:28.877738,6,97.0,9328.0,390.95
2026-09-28T21:05:28.877738,7,97.0,13106.0,404.05
2026-09-28T21:05:29.867633,4,0.0,20702.0,20.1
2026-09-28T21:05:29.867633,5,0.0,16520.0,34.9
2026-09-28T21:05:29.867633,6,86.0,9328.0,392.44
2026-09-28T21:05:29.867633,7,85.0,13106.0,393.17
2026-09-28T21:05:30.861852,4,0.0,20702.0,20.07
2026-09-28T21:05:30.861852,5,0.0,16520.0,34.34
2026-09-28T21:05:30.861852,6,95.0,9328.0,390.38
2026-09-28T21:05:30.861852,7,97.0,13106.0,395.32
2026-09-28T21:05:31.863825,4,0.0,20702.0,19.91
2026-09-28T21:05:31.863825,5,0.0,16520.0,33.83
2026-09-28T21:05:31.863825,6,85.0,9328.0,384.3
2026-09-28T21:05:31.863825,7,85.0,13106.0,399.59
2026-09-28T21:05:32.861458,4,0.0,20702.0,20.03
2026-09-28T21:05:32.861458,5,0.0,16520.0,33.58
2026-09-28T21:05:32.861458,6,95.0,9328.0,392.54
2026-09-28T21:05:32.861458,7,96.0,13106.0,394.94
2026-09-28T21:05:33.864735,4,0.0,20702.0,20.05
2026-09-28T21:05:33.864735,5,0.0,16520.0,33.46
2026-09-28T21:05:33.864735,6,87.0,9328.0,388.3
2026-09-28T21:05:33.864735,7,86.0,13106.0,388.01
2026-09-28T21:05:34.864095,4,0.0,20702.0,19.92
2026-09-28T21:05:34.864095,5,0.0,16520.0,33.22
2026-09-28T21:05:34.864095,6,93.0,9328.0,398.68
2026-09-28T21:05:34.864095,7,96.0,13106.0,392.5
2026-09-28T21:05:35.897934,4,0.0,20702.0,19.77
2026-09-28T21:05:35.897934,5,0.0,16520.0,32.97
2026-09-28T21:05:35.897934,6,92.0,9328.0,385.83
2026-09-28T21:05:35.897934,7,87.0,13106.0,385.95
2026-09-28T21:05:36.865075,4,0.0,20702.0,19.74
2026-09-28T21:05:36.865075,5,0.0,16520.0,32.86
2026-09-28T21:05:36.865075,6,93.0,9328.0,393.47
2026-09-28T21:05:36.865075,7,96.0,13106.0,397.15
2026-09-28T21:05:37.867716,4,0.0,20702.0,19.9
2026-09-28T21:05:37.867716,5,0.0,16520.0,32.96
2026-09-28T21:05:37.867716,6,97.0,9328.0,398.85
2026-09-28T21:05:37.867716,7,87.0,13106.0,394.4
2026-09-28T21:05:38.862382,4,0.0,20702.0,19.78
2026-09-28T21:05:38.862382,5,0.0,16520.0,33.02
2026-09-28T21:05:38.862382,6,93.0,9328.0,393.87
2026-09-28T21:05:38.862382,7,97.0,13106.0,403.68
2026-09-28T21:05:39.865207,4,0.0,20702.0,19.64
2026-09-28T21:05:39.865207,5,0.0,16520.0,32.95
2026-09-28T21:05:39.865207,6,97.0,9328.0,403.56
2026-09-28T21:05:39.865207,7,88.0,13106.0,389.7
2026-09-28T21:05:40.862348,4,0.0,20702.0,19.62
2026-09-28T21:05:40.862348,5,0.0,16520.0,32.75
2026-09-28T21:05:40.862348,6,93.0,9328.0,403.89
2026-09-28T21:05:40.862348,7,95.0,13106.0,390.64
2026-09-28T21:05:41.889542,4,0.0,20702.0,19.73
2026-09-28T21:05:41.889542,5,0.0,16520.0,32.47
2026-09-28T21:05:41.889542,6,97.0,9328.0,403.32
2026-09-28T21:05:41.889542,7,97.0,13106.0,398.08
2026-09-28T21:05:42.868739,4,0.0,20702.0,19.85
2026-09-28T21:05:42.868739,5,0.0,16520.0,32.41
2026-09-28T21:05:42.868739,6,90.0,9328.0,400.65
2026-09-28T21:05:42.868739,7,93.0,13106.0,396.09
2026-09-28T21:05:43.864704,4,0.0,20702.0,19.85
2026-09-28T21:05:43.864704,5,0.0,16520.0,32.59
2026-09-28T21:05:43.864704,6,97.0,9328.0,399.49
2026-09-28T21:05:43.864704,7,97.0,13106.0,409.07
2026-09-28T21:05:44.862743,4,0.0,20702.0,19.73
2026-09-28T21:05:44.862743,5,0.0,16520.0,32.6
2026-09-28T21:05:44.862743,6,89.0,9328.0,405.17
2026-09-28T21:05:44.862743,7,95.0,13106.0,402.82
2026-09-28T21:05:45.870726,4,0.0,20702.0,19.77
2026-09-28T21:05:45.870726,5,0.0,16520.0,32.37
2026-09-28T21:05:45.870726,6,97.0,9328.0,404.44
2026-09-28T21:05:45.870726,7,97.0,13106.0,409.22
2026-09-28T21:05:46.861922,4,0.0,20702.0,19.83
2026-09-28T21:05:46.861922,5,0.0,16520.0,32.34
2026-09-28T21:05:46.861922,6,89.0,9328.0,397.55
2026-09-28T21:05:46.861922,7,94.0,13106.0,406.92
2026-09-28T21:05:47.892097,4,0.0,20702.0,19.67
2026-09-28T21:05:47.892097,5,0.0,16520.0,32.28
2026-09-28T21:05:47.892097,6,97.0,9328.0,402.86
2026-09-28T21:05:47.892097,7,97.0,13106.0,406.06
2026-09-28T21:05:48.861801,4,0.0,20702.0,19.52
2026-09-28T21:05:48.861801,5,0.0,16520.0,32.2
2026-09-28T21:05:48.861801,6,90.0,9328.0,405.98
2026-09-28T21:05:48.861801,7,92.0,13106.0,404.2
2026-09-28T21:05:49.868568,4,0.0,20702.0,19.51
2026-09-28T21:05:49.868568,5,0.0,16520.0,32.22
2026-09-28T21:05:49.868568,6,96.0,9328.0,403.3
2026-09-28T21:05:49.868568,7,97.0,13106.0,411.63
2026-09-28T21:05:50.864219,4,0.0,20702.0,19.63
2026-09-28T21:05:50.864219,5,0.0,16520.0,32.21
2026-09-28T21:05:50.864219,6,90.0,9328.0,399.35
2026-09-28T21:05:50.864219,7,88.0,13106.0,403.88
2026-09-28T21:05:51.861334,4,0.0,20702.0,19.81
2026-09-28T21:05:51.861334,5,0.0,16520.0,32.21
2026-09-28T21:05:51.861334,6,97.0,9328.0,403.28
2026-09-28T21:05:51.861334,7,97.0,13106.0,403.23
2026-09-28T21:05:52.865579,4,0.0,20702.0,19.77
2026-09-28T21:05:52.865579,5,0.0,16520.0,32.15
2026-09-28T21:05:52.865579,6,89.0,9328.0,396.83
2026-09-28T21:05:52.865579,7,90.0,13106.0,405.71
2026-09-28T21:05:53.917340,4,0.0,20702.0,19.84
2026-09-28T21:05:53.917340,5,0.0,16520.0,31.95
2026-09-28T21:05:53.917340,6,97.0,9328.0,405.73
2026-09-28T21:05:53.917340,7,97.0,13106.0,408.18
2026-09-28T21:05:54.865609,4,0.0,20702.0,19.77
2026-09-28T21:05:54.865609,5,0.0,16520.0,31.66
2026-09-28T21:05:54.865609,6,91.0,9328.0,407.1
2026-09-28T21:05:54.865609,7,91.0,13106.0,404.85
2026-09-28T21:05:55.865913,4,0.0,20702.0,19.53
2026-09-28T21:05:55.865913,5,0.0,16520.0,31.62
2026-09-28T21:05:55.865913,6,96.0,9328.0,406.3
2026-09-28T21:05:55.865913,7,96.0,13106.0,406.34
2026-09-28T21:05:56.869531,4,0.0,20702.0,19.63
2026-09-28T21:05:56.869531,5,0.0,16520.0,31.59
2026-09-28T21:05:56.869531,6,91.0,9328.0,401.16
2026-09-28T21:05:56.869531,7,89.0,13106.0,403.28
2026-09-28T21:05:57.862214,4,0.0,20702.0,19.65
2026-09-28T21:05:57.862214,5,0.0,16520.0,31.57
2026-09-28T21:05:57.862214,6,96.0,9328.0,404.67
2026-09-28T21:05:57.862214,7,97.0,13106.0,403.25
2026-09-28T21:05:58.864432,4,0.0,20702.0,19.61
2026-09-28T21:05:58.864432,5,0.0,16520.0,31.55
2026-09-28T21:05:58.864432,6,93.0,9328.0,401.5
2026-09-28T21:05:58.864432,7,92.0,13106.0,404.03
2026-09-28T21:05:59.924769,4,0.0,20702.0,19.64
2026-09-28T21:05:59.924769,5,0.0,16520.0,31.58
2026-09-28T21:05:59.924769,6,96.0,9328.0,409.05
2026-09-28T21:05:59.924769,7,97.0,13106.0,418.79
2026-09-28T21:06:00.867997,4,0.0,20702.0,19.52
2026-09-28T21:06:00.867997,5,0.0,16520.0,31.6
2026-09-28T21:06:00.867997,6,94.0,9328.0,403.64
2026-09-28T21:06:00.867997,7,90.0,13106.0,407.36
2026-09-28T21:06:01.864130,4,0.0,20702.0,19.55
2026-09-28T21:06:01.864130,5,0.0,16520.0,31.35
2026-09-28T21:06:01.864130,6,98.0,9328.0,417.61
2026-09-28T21:06:01.864130,7,97.0,13106.0,402.33
2026-09-28T21:06:02.867170,4,0.0,20702.0,19.83
2026-09-28T21:06:02.867170,5,0.0,16520.0,31.07
2026-09-28T21:06:02.867170,6,91.0,9328.0,406.61
2026-09-28T21:06:02.867170,7,94.0,13106.0,398.58
2026-09-28T21:06:03.865397,4,0.0,20702.0,19.69
2026-09-28T21:06:03.865397,5,0.0,16520.0,31.12
2026-09-28T21:06:03.865397,6,98.0,9328.0,413.34
2026-09-28T21:06:03.865397,7,96.0,13106.0,404.12
2026-09-28T21:06:04.865751,4,0.0,20702.0,19.56
2026-09-28T21:06:04.865751,5,0.0,16520.0,31.42
2026-09-28T21:06:04.865751,6,86.0,9328.0,413.92
2026-09-28T21:06:04.865751,7,90.0,13106.0,390.11
2026-09-28T21:06:05.913057,4,0.0,20702.0,19.7
2026-09-28T21:06:05.913057,5,0.0,16520.0,31.74
2026-09-28T21:06:05.913057,6,95.0,9328.0,410.38
2026-09-28T21:06:05.913057,7,98.0,13106.0,415.84
2026-09-28T21:06:06.868512,4,0.0,20702.0,19.55
2026-09-28T21:06:06.868512,5,0.0,16520.0,31.88
2026-09-28T21:06:06.868512,6,88.0,9328.0,403.72
2026-09-28T21:06:06.868512,7,86.0,13106.0,406.42
2026-09-28T21:06:07.868453,4,0.0,20702.0,19.3
2026-09-28T21:06:07.868453,5,0.0,16520.0,31.93
2026-09-28T21:06:07.868453,6,94.0,9328.0,409.01
2026-09-28T21:06:07.868453,7,96.0,13106.0,397.61
2026-09-28T21:06:08.870839,4,0.0,20702.0,19.3
2026-09-28T21:06:08.870839,5,0.0,16520.0,31.92
2026-09-28T21:06:08.870839,6,98.0,9328.0,414.39
2026-09-28T21:06:08.870839,7,88.0,13106.0,393.78
2026-09-28T21:06:09.865796,4,0.0,20702.0,19.41
2026-09-28T21:06:09.865796,5,0.0,16520.0,31.64
2026-09-28T21:06:09.865796,6,92.0,9328.0,415.76
2026-09-28T21:06:09.865796,7,96.0,13106.0,399.84
2026-09-28T21:06:10.865223,4,0.0,20702.0,19.34
2026-09-28T21:06:10.865223,5,0.0,16520.0,31.56
2026-09-28T21:06:10.865223,6,97.0,9328.0,414.57
2026-09-28T21:06:10.865223,7,98.0,13106.0,412.32
2026-09-28T21:06:11.911862,4,0.0,20702.0,19.16
2026-09-28T21:06:11.911862,5,0.0,16520.0,31.61
2026-09-28T21:06:11.911862,6,90.0,9328.0,405.58
2026-09-28T21:06:11.911862,7,94.0,13106.0,406.02
2026-09-28T21:06:12.868639,4,0.0,20702.0,19.09
2026-09-28T21:06:12.868639,5,0.0,16520.0,31.8
2026-09-28T21:06:12.868639,6,97.0,9328.0,408.55
2026-09-28T21:06:12.868639,7,96.0,13106.0,404.65
2026-09-28T21:06:13.863186,4,0.0,20702.0,19.07
2026-09-28T21:06:13.863186,5,0.0,16520.0,31.84
2026-09-28T21:06:13.863186,6,90.0,9328.0,409.71
2026-09-28T21:06:13.863186,7,95.0,13106.0,406.64
2026-09-28T21:06:14.866315,4,0.0,20702.0,19.18
2026-09-28T21:06:14.866315,5,0.0,16520.0,31.5
2026-09-28T21:06:14.866315,6,96.0,9328.0,412.67
2026-09-28T21:06:14.866315,7,97.0,13106.0,408.22
2026-09-28T21:06:15.866440,4,0.0,20702.0,19.32
2026-09-28T21:06:15.866440,5,0.0,16520.0,31.31
2026-09-28T21:06:15.866440,6,90.0,9328.0,407.51
2026-09-28T21:06:15.866440,7,93.0,13106.0,404.32
2026-09-28T21:06:16.871436,4,0.0,20702.0,19.52
2026-09-28T21:06:16.871436,5,0.0,16520.0,31.1
2026-09-28T21:06:16.871436,6,97.0,9328.0,410.25
2026-09-28T21:06:16.871436,7,97.0,13106.0,412.07
2026-09-28T21:06:17.904023,4,0.0,20702.0,19.78
2026-09-28T21:06:17.904023,5,0.0,16520.0,30.9
2026-09-28T21:06:17.904023,6,92.0,9328.0,407.84
2026-09-28T21:06:17.904023,7,89.0,13106.0,413.06
2026-09-28T21:06:18.867455,4,0.0,20702.0,19.68
2026-09-28T21:06:18.867455,5,0.0,16520.0,30.77
2026-09-28T21:06:18.867455,6,97.0,9328.0,416.65
2026-09-28T21:06:18.867455,7,97.0,13106.0,402.99
2026-09-28T21:06:19.869124,4,0.0,20702.0,19.79
2026-09-28T21:06:19.869124,5,0.0,16520.0,31.08
2026-09-28T21:06:19.869124,6,91.0,9328.0,414.11
2026-09-28T21:06:19.869124,7,91.0,13106.0,403.43
2026-09-28T21:06:20.865273,4,0.0,20702.0,19.85
2026-09-28T21:06:20.865273,5,0.0,16520.0,31.5
2026-09-28T21:06:20.865273,6,97.0,9328.0,415.5
2026-09-28T21:06:20.865273,7,96.0,13106.0,408.13
2026-09-28T21:06:21.870619,4,0.0,20702.0,19.66
2026-09-28T21:06:21.870619,5,0.0,16520.0,31.58
2026-09-28T21:06:21.870619,6,95.0,9328.0,414.42
2026-09-28T21:06:21.870619,7,91.0,13106.0,398.22
2026-09-28T21:06:22.866529,4,0.0,20702.0,19.62
2026-09-28T21:06:22.866529,5,0.0,16520.0,31.49
2026-09-28T21:06:22.866529,6,98.0,9328.0,425.1
2026-09-28T21:06:22.866529,7,97.0,13106.0,403.77
2026-09-28T21:06:23.923944,4,0.0,20702.0,19.64
2026-09-28T21:06:23.923944,5,0.0,16520.0,31.3
2026-09-28T21:06:23.923944,6,84.0,9328.0,409.28
2026-09-28T21:06:23.923944,7,95.0,13106.0,403.31
2026-09-28T21:06:24.866627,4,0.0,20702.0,19.66
2026-09-28T21:06:24.866627,5,0.0,16520.0,31.22
2026-09-28T21:06:24.866627,6,98.0,9328.0,410.32
2026-09-28T21:06:24.866627,7,96.0,13106.0,417.57
2026-09-28T21:06:25.867054,4,0.0,20702.0,19.67
2026-09-28T21:06:25.867054,5,0.0,16520.0,31.14
2026-09-28T21:06:25.867054,6,85.0,9328.0,407.21
2026-09-28T21:06:25.867054,7,85.0,13106.0,405.56
2026-09-28T21:06:26.869084,4,0.0,20702.0,19.71
2026-09-28T21:06:26.869084,5,0.0,16520.0,30.96
2026-09-28T21:06:26.869084,6,95.0,9328.0,407.4
2026-09-28T21:06:26.869084,7,96.0,13106.0,409.72
2026-09-28T21:06:27.872151,4,0.0,20702.0,19.72
2026-09-28T21:06:27.872151,5,0.0,16520.0,31.0
2026-09-28T21:06:27.872151,6,85.0,9328.0,401.3
2026-09-28T21:06:27.872151,7,84.0,13106.0,401.95
2026-09-28T21:06:28.869839,4,0.0,20702.0,19.84
2026-09-28T21:06:28.869839,5,0.0,16520.0,31.26
2026-09-28T21:06:28.869839,6,96.0,9328.0,409.38
2026-09-28T21:06:28.869839,7,97.0,13106.0,400.93
2026-09-28T21:06:29.926969,4,0.0,20702.0,19.81
2026-09-28T21:06:29.926969,5,0.0,16520.0,31.38
2026-09-28T21:06:29.926969,6,86.0,9328.0,405.09
2026-09-28T21:06:29.926969,7,85.0,13106.0,397.99
2026-09-28T21:06:30.869610,4,0.0,20702.0,19.69
2026-09-28T21:06:30.869610,5,0.0,16520.0,31.26
2026-09-28T21:06:30.869610,6,95.0,9328.0,414.92
2026-09-28T21:06:30.869610,7,96.0,13106.0,395.39
2026-09-28T21:06:31.879666,4,0.0,20702.0,19.47
2026-09-28T21:06:31.879666,5,0.0,16520.0,31.37
2026-09-28T21:06:31.879666,6,98.0,9328.0,421.85
2026-09-28T21:06:31.879666,7,98.0,13106.0,383.8
2026-09-28T21:06:32.868385,4,0.0,20702.0,19.38
2026-09-28T21:06:32.868385,5,0.0,16520.0,31.57
2026-09-28T21:06:32.868385,6,90.0,9328.0,412.62
2026-09-28T21:06:32.868385,7,94.0,13106.0,388.91
2026-09-28T21:06:33.869862,4,0.0,20702.0,19.52
2026-09-28T21:06:33.869862,5,0.0,16520.0,31.51
2026-09-28T21:06:33.869862,6,96.0,9328.0,408.52
2026-09-28T21:06:33.869862,7,97.0,13106.0,409.81
2026-09-28T21:06:34.863103,4,0.0,20702.0,19.59
2026-09-28T21:06:34.863103,5,0.0,16520.0,31.46
2026-09-28T21:06:34.863103,6,0.0,9328.0,339.42
2026-09-28T21:06:34.863103,7,0.0,13106.0,328.84
2026-09-28T21:06:35.936461,4,100.0,20702.0,351.78
2026-09-28T21:06:35.936461,5,0.0,16520.0,31.56
2026-09-28T21:06:35.936461,6,0.0,9328.0,126.81
2026-09-28T21:06:35.936461,7,100.0,13106.0,144.89
2026-09-28T21:06:36.864006,4,95.0,20702.0,450.85
2026-09-28T21:06:36.864006,5,0.0,16520.0,31.46
2026-09-28T21:06:36.864006,6,0.0,9328.0,121.63
2026-09-28T21:06:36.864006,7,100.0,13106.0,142.22
2026-09-28T21:06:37.877852,4,70.0,20702.0,318.76
2026-09-28T21:06:37.877852,5,0.0,16520.0,31.17
2026-09-28T21:06:37.877852,6,0.0,9328.0,103.7
2026-09-28T21:06:37.877852,7,100.0,13106.0,141.58
2026-09-28T21:06:38.862548,4,64.0,20702.0,305.11
2026-09-28T21:06:38.862548,5,0.0,16520.0,31.09
2026-09-28T21:06:38.862548,6,0.0,9328.0,101.91
2026-09-28T21:06:38.862548,7,100.0,13106.0,140.34
2026-09-28T21:06:39.874939,4,50.0,20702.0,162.62
2026-09-28T21:06:39.874939,5,0.0,16520.0,31.01
2026-09-28T21:06:39.874939,6,0.0,9328.0,100.94
2026-09-28T21:06:39.874939,7,100.0,13106.0,138.0
2026-09-28T21:06:40.867297,4,66.0,20702.0,300.52
2026-09-28T21:06:40.867297,5,0.0,16520.0,30.97
2026-09-28T21:06:40.867297,6,0.0,9328.0,99.31
2026-09-28T21:06:40.867297,7,100.0,13106.0,136.69
2026-09-28T21:06:41.899905,4,67.0,20702.0,310.29
2026-09-28T21:06:41.899905,5,0.0,16520.0,30.84
2026-09-28T21:06:41.899905,6,0.0,9328.0,97.43
2026-09-28T21:06:41.899905,7,100.0,13106.0,135.69
2026-09-28T21:06:42.869513,4,74.0,20702.0,312.01
2026-09-28T21:06:42.869513,5,0.0,16520.0,30.97
2026-09-28T21:06:42.869513,6,0.0,9328.0,95.55
2026-09-28T21:06:42.869513,7,100.0,13106.0,134.87
2026-09-28T21:06:43.865689,4,75.0,20702.0,315.15
2026-09-28T21:06:43.865689,5,0.0,16520.0,31.16
2026-09-28T21:06:43.865689,6,0.0,9328.0,93.53
2026-09-28T21:06:43.865689,7,100.0,13106.0,133.76
2026-09-28T21:06:44.866822,4,77.0,20702.0,317.69
2026-09-28T21:06:44.866822,5,0.0,16520.0,31.15
2026-09-28T21:06:44.866822,6,0.0,9328.0,92.0
2026-09-28T21:06:44.866822,7,100.0,13106.0,132.94
2026-09-28T21:06:45.865603,4,77.0,20702.0,320.31
2026-09-28T21:06:45.865603,5,0.0,16520.0,31.22
2026-09-28T21:06:45.865603,6,0.0,9328.0,90.99
2026-09-28T21:06:45.865603,7,100.0,13106.0,132.03
2026-09-28T21:06:46.866319,4,77.0,20702.0,320.8
2026-09-28T21:06:46.866319,5,0.0,16520.0,31.37
2026-09-28T21:06:46.866319,6,0.0,9328.0,89.53
2026-09-28T21:06:46.866319,7,100.0,13106.0,131.46
2026-09-28T21:06:47.866314,4,72.0,20702.0,322.56
2026-09-28T21:06:47.866314,5,0.0,16520.0,31.39
2026-09-28T21:06:47.866314,6,0.0,9328.0,87.95
2026-09-28T21:06:47.866314,7,100.0,13106.0,130.68
2026-09-28T21:06:48.891869,4,79.0,20702.0,323.4
2026-09-28T21:06:48.891869,5,0.0,16520.0,31.3
2026-09-28T21:06:48.891869,6,0.0,9328.0,86.68
2026-09-28T21:06:48.891869,7,100.0,13106.0,130.07
2026-09-28T21:06:49.862679,4,75.0,20702.0,325.12
2026-09-28T21:06:49.862679,5,0.0,16520.0,31.24
2026-09-28T21:06:49.862679,6,0.0,9328.0,85.49
2026-09-28T21:06:49.862679,7,100.0,13106.0,129.34
2026-09-28T21:06:50.867573,4,75.0,20702.0,325.42
2026-09-28T21:06:50.867573,5,0.0,16520.0,31.13
2026-09-28T21:06:50.867573,6,0.0,9328.0,84.56
2026-09-28T21:06:50.867573,7,100.0,13106.0,128.45
2026-09-28T21:06:51.871963,4,81.0,20702.0,327.17
2026-09-28T21:06:51.871963,5,0.0,16520.0,30.98
2026-09-28T21:06:51.871963,6,0.0,9328.0,83.73
2026-09-28T21:06:51.871963,7,100.0,13106.0,127.86
2026-09-28T21:06:52.866230,4,77.0,20702.0,329.27
2026-09-28T21:06:52.866230,5,0.0,16520.0,31.24
2026-09-28T21:06:52.866230,6,0.0,9328.0,82.88
2026-09-28T21:06:52.866230,7,100.0,13106.0,127.11
2026-09-28T21:06:53.867855,4,80.0,20702.0,330.18
2026-09-28T21:06:53.867855,5,0.0,16520.0,31.45
2026-09-28T21:06:53.867855,6,0.0,9328.0,59.9
2026-09-28T21:06:53.867855,7,100.0,13106.0,126.03
2026-09-28T21:06:54.928190,4,77.0,20702.0,331.22
2026-09-28T21:06:54.928190,5,0.0,16520.0,31.28
2026-09-28T21:06:54.928190,6,0.0,9328.0,32.32
2026-09-28T21:06:54.928190,7,100.0,13106.0,125.38
2026-09-28T21:06:55.864224,4,78.0,20702.0,333.47
2026-09-28T21:06:55.864224,5,0.0,16520.0,31.2
2026-09-28T21:06:55.864224,6,0.0,9328.0,25.8
2026-09-28T21:06:55.864224,7,100.0,13106.0,125.09
2026-09-28T21:06:56.867884,4,78.0,20702.0,161.51
2026-09-28T21:06:56.867884,5,0.0,16520.0,30.97
2026-09-28T21:06:56.867884,6,0.0,9328.0,24.22
2026-09-28T21:06:56.867884,7,100.0,13106.0,124.31
2026-09-28T21:06:57.867552,4,81.0,20702.0,335.14
2026-09-28T21:06:57.867552,5,0.0,16520.0,30.77
2026-09-28T21:06:57.867552,6,0.0,9328.0,24.15
2026-09-28T21:06:57.867552,7,100.0,13106.0,124.29
2026-09-28T21:06:58.872913,4,80.0,20702.0,334.22
2026-09-28T21:06:58.872913,5,0.0,16520.0,30.92
2026-09-28T21:06:58.872913,6,0.0,9328.0,24.09
2026-09-28T21:06:58.872913,7,100.0,13106.0,123.64
2026-09-28T21:06:59.872864,4,80.0,20702.0,329.78
2026-09-28T21:06:59.872864,5,0.0,16520.0,30.85
2026-09-28T21:06:59.872864,6,0.0,9328.0,23.99
2026-09-28T21:06:59.872864,7,100.0,13106.0,123.39
2026-09-28T21:07:00.917256,4,83.0,20702.0,332.15
2026-09-28T21:07:00.917256,5,0.0,16520.0,30.66
2026-09-28T21:07:00.917256,6,0.0,9328.0,23.83
2026-09-28T21:07:00.917256,7,100.0,13106.0,123.45
2026-09-28T21:07:01.873829,4,79.0,20702.0,332.68
2026-09-28T21:07:01.873829,5,0.0,16520.0,30.86
2026-09-28T21:07:01.873829,6,0.0,9328.0,23.68
2026-09-28T21:07:01.873829,7,100.0,13106.0,122.63
2026-09-28T21:07:02.870614,4,85.0,20702.0,333.08
2026-09-28T21:07:02.870614,5,0.0,16520.0,30.96
2026-09-28T21:07:02.870614,6,0.0,9328.0,23.5
2026-09-28T21:07:02.870614,7,100.0,13106.0,121.97
2026-09-28T21:07:03.872972,4,82.0,20702.0,334.23
2026-09-28T21:07:03.872972,5,0.0,16520.0,30.89
2026-09-28T21:07:03.872972,6,0.0,9328.0,23.42
2026-09-28T21:07:03.872972,7,100.0,13106.0,121.39
2026-09-28T21:07:04.868166,4,83.0,20702.0,334.99
2026-09-28T21:07:04.868166,5,0.0,16520.0,30.78
2026-09-28T21:07:04.868166,6,0.0,9328.0,23.28
2026-09-28T21:07:04.868166,7,100.0,13106.0,120.03
2026-09-28T21:07:05.869276,4,84.0,20702.0,323.91
2026-09-28T21:07:05.869276,5,0.0,16520.0,30.6
2026-09-28T21:07:05.869276,6,0.0,9328.0,23.11
2026-09-28T21:07:05.869276,7,100.0,13106.0,118.26
2026-09-28T21:07:06.934278,4,86.0,20702.0,312.23
2026-09-28T21:07:06.934278,5,0.0,16520.0,30.51
2026-09-28T21:07:06.934278,6,0.0,9328.0,23.03
2026-09-28T21:07:06.934278,7,100.0,13106.0,116.89
2026-09-28T21:07:07.875074,4,84.0,20702.0,312.53
2026-09-28T21:07:07.875074,5,0.0,16520.0,30.41
2026-09-28T21:07:07.875074,6,0.0,9328.0,22.98
2026-09-28T21:07:07.875074,7,100.0,13106.0,116.93
2026-09-28T21:07:08.871378,4,86.0,20702.0,315.34
2026-09-28T21:07:08.871378,5,0.0,16520.0,30.3
2026-09-28T21:07:08.871378,6,0.0,9328.0,22.93
2026-09-28T21:07:08.871378,7,100.0,13106.0,116.51
2026-09-28T21:07:09.868373,4,88.0,20702.0,317.89
2026-09-28T21:07:09.868373,5,0.0,16520.0,30.17
2026-09-28T21:07:09.868373,6,0.0,9328.0,22.87
2026-09-28T21:07:09.868373,7,100.0,13106.0,116.37
2026-09-28T21:07:10.870259,4,87.0,20702.0,317.16
2026-09-28T21:07:10.870259,5,0.0,16520.0,30.2
2026-09-28T21:07:10.870259,6,0.0,9328.0,22.85
2026-09-28T21:07:10.870259,7,100.0,13106.0,116.04
2026-09-28T21:07:11.872617,4,87.0,20702.0,318.34
2026-09-28T21:07:11.872617,5,0.0,16520.0,30.29
2026-09-28T21:07:11.872617,6,0.0,9328.0,22.86
2026-09-28T21:07:11.872617,7,100.0,13106.0,115.78
2026-09-28T21:07:12.922055,4,88.0,20702.0,309.1
2026-09-28T21:07:12.922055,5,0.0,16520.0,30.26
2026-09-28T21:07:12.922055,6,0.0,9328.0,22.86
2026-09-28T21:07:12.922055,7,100.0,13106.0,115.5
2026-09-28T21:07:13.870002,4,88.0,20702.0,303.78
2026-09-28T21:07:13.870002,5,0.0,16520.0,30.37
2026-09-28T21:07:13.870002,6,0.0,9328.0,22.96
2026-09-28T21:07:13.870002,7,100.0,13106.0,115.58
2026-09-28T21:07:14.870751,4,90.0,20702.0,288.38
2026-09-28T21:07:14.870751,5,0.0,16520.0,30.44
2026-09-28T21:07:14.870751,6,0.0,9328.0,22.98
2026-09-28T21:07:14.870751,7,100.0,13106.0,115.31
2026-09-28T21:07:15.869018,4,90.0,20702.0,281.31
2026-09-28T21:07:15.869018,5,0.0,16520.0,30.33
2026-09-28T21:07:15.869018,6,0.0,9328.0,22.9
2026-09-28T21:07:15.869018,7,100.0,13106.0,114.87
2026-09-28T21:07:16.868224,4,90.0,20702.0,275.5
2026-09-28T21:07:16.868224,5,0.0,16520.0,30.31
2026-09-28T21:07:16.868224,6,0.0,9328.0,22.86
2026-09-28T21:07:16.868224,7,100.0,13106.0,114.25
2026-09-28T21:07:17.869701,4,90.0,20702.0,271.94
2026-09-28T21:07:17.869701,5,0.0,16520.0,30.14
2026-09-28T21:07:17.869701,6,0.0,9328.0,22.82
2026-09-28T21:07:17.869701,7,100.0,13106.0,114.19
2026-09-28T21:07:18.908221,4,90.0,20702.0,269.8
2026-09-28T21:07:18.908221,5,0.0,16520.0,29.92
2026-09-28T21:07:18.908221,6,0.0,9328.0,22.75
2026-09-28T21:07:18.908221,7,100.0,13106.0,113.44
2026-09-28T21:07:19.872646,4,90.0,20702.0,270.6
2026-09-28T21:07:19.872646,5,0.0,16520.0,29.99
2026-09-28T21:07:19.872646,6,0.0,9328.0,22.76
2026-09-28T21:07:19.872646,7,100.0,13106.0,113.25
2026-09-28T21:07:20.871571,4,90.0,20702.0,271.43
2026-09-28T21:07:20.871571,5,0.0,16520.0,30.23
2026-09-28T21:07:20.871571,6,0.0,9328.0,22.8
2026-09-28T21:07:20.871571,7,100.0,13106.0,113.09
2026-09-28T21:07:21.870396,4,91.0,20702.0,270.75
2026-09-28T21:07:21.870396,5,0.0,16520.0,30.28
2026-09-28T21:07:21.870396,6,0.0,9328.0,22.69
2026-09-28T21:07:21.870396,7,100.0,13106.0,113.28
2026-09-28T21:07:22.872465,4,90.0,20702.0,272.26
2026-09-28T21:07:22.872465,5,0.0,16520.0,30.21
2026-09-28T21:07:22.872465,6,0.0,9328.0,22.61
2026-09-28T21:07:22.872465,7,100.0,13106.0,113.03
2026-09-28T21:07:23.870838,4,91.0,20702.0,267.42
2026-09-28T21:07:23.870838,5,0.0,16520.0,30.25
2026-09-28T21:07:23.870838,6,0.0,9328.0,22.69
2026-09-28T21:07:23.870838,7,100.0,13106.0,112.89
2026-09-28T21:07:24.891831,4,0.0,20702.0,155.98
2026-09-28T21:07:24.891831,5,0.0,16520.0,30.4
2026-09-28T21:07:24.891831,6,12.0,9328.0,30.38
2026-09-28T21:07:24.891831,7,11.0,13106.0,111.49
2026-09-28T21:07:25.867195,4,0.0,20702.0,125.44
2026-09-28T21:07:25.867195,5,0.0,16520.0,30.64
2026-09-28T21:07:25.867195,6,11.0,9328.0,84.14
2026-09-28T21:07:25.867195,7,11.0,13106.0,105.05
2026-09-28T21:07:26.869813,4,0.0,20702.0,95.71
2026-09-28T21:07:26.869813,5,0.0,16520.0,30.85
2026-09-28T21:07:26.869813,6,12.0,9328.0,85.73
2026-09-28T21:07:26.869813,7,12.0,13106.0,98.89
2026-09-28T21:07:27.866072,4,0.0,20702.0,89.89
2026-09-28T21:07:27.866072,5,0.0,16520.0,30.81
2026-09-28T21:07:27.866072,6,100.0,9328.0,92.33
2026-09-28T21:07:27.866072,7,12.0,13106.0,91.21
2026-09-28T21:07:28.866031,4,0.0,20702.0,84.27
2026-09-28T21:07:28.866031,5,97.0,16520.0,36.32
2026-09-28T21:07:28.866031,6,100.0,9328.0,107.85
2026-09-28T21:07:28.866031,7,0.0,13106.0,90.55
2026-09-28T21:07:29.865786,4,0.0,20702.0,84.24
2026-09-28T21:07:29.865786,5,92.0,16520.0,448.47
2026-09-28T21:07:29.865786,6,0.0,9328.0,96.81
2026-09-28T21:07:29.865786,7,100.0,13106.0,102.74
2026-09-28T21:07:30.865260,4,0.0,20702.0,84.21
2026-09-28T21:07:30.865260,5,96.0,16520.0,445.64
2026-09-28T21:07:30.865260,6,0.0,9328.0,94.16
2026-09-28T21:07:30.865260,7,100.0,13106.0,112.72
2026-09-28T21:07:31.903939,4,0.0,20702.0,83.94
2026-09-28T21:07:31.903939,5,96.0,16520.0,447.78
2026-09-28T21:07:31.903939,6,0.0,9328.0,91.04
2026-09-28T21:07:31.903939,7,100.0,13106.0,112.4
2026-09-28T21:07:32.866483,4,0.0,20702.0,83.81
2026-09-28T21:07:32.866483,5,94.0,16520.0,445.75
2026-09-28T21:07:32.866483,6,0.0,9328.0,85.37
2026-09-28T21:07:32.866483,7,100.0,13106.0,112.38
2026-09-28T21:07:33.867772,4,0.0,20702.0,83.58
2026-09-28T21:07:33.867772,5,95.0,16520.0,448.65
2026-09-28T21:07:33.867772,6,0.0,9328.0,79.97
2026-09-28T21:07:33.867772,7,100.0,13106.0,112.19
2026-09-28T21:07:34.866104,4,0.0,20702.0,83.31
2026-09-28T21:07:34.866104,5,95.0,16520.0,448.25
2026-09-28T21:07:34.866104,6,0.0,9328.0,79.95
2026-09-28T21:07:34.866104,7,100.0,13106.0,111.88
2026-09-28T21:07:35.863902,4,0.0,20702.0,83.3
2026-09-28T21:07:35.863902,5,95.0,16520.0,447.88
2026-09-28T21:07:35.863902,6,0.0,9328.0,80.0
2026-09-28T21:07:35.863902,7,100.0,13106.0,111.81
2026-09-28T21:07:36.864842,4,0.0,20702.0,83.28
2026-09-28T21:07:36.864842,5,95.0,16520.0,447.74
2026-09-28T21:07:36.864842,6,0.0,9328.0,80.24
2026-09-28T21:07:36.864842,7,100.0,13106.0,111.83
2026-09-28T21:07:37.900219,4,0.0,20702.0,83.3
2026-09-28T21:07:37.900219,5,95.0,16520.0,448.22
2026-09-28T21:07:37.900219,6,0.0,9328.0,80.31
2026-09-28T21:07:37.900219,7,100.0,13106.0,111.9
2026-09-28T21:07:38.865088,4,0.0,20702.0,83.01
2026-09-28T21:07:38.865088,5,95.0,16520.0,447.88
2026-09-28T21:07:38.865088,6,0.0,9328.0,80.33
2026-09-28T21:07:38.865088,7,100.0,13106.0,111.85
2026-09-28T21:07:39.866910,4,0.0,20702.0,82.51
2026-09-28T21:07:39.866910,5,96.0,16520.0,448.33
2026-09-28T21:07:39.866910,6,0.0,9328.0,80.3
2026-09-28T21:07:39.866910,7,100.0,13106.0,112.21
2026-09-28T21:07:40.867334,4,0.0,20702.0,82.27
2026-09-28T21:07:40.867334,5,96.0,16520.0,448.57
2026-09-28T21:07:40.867334,6,0.0,9328.0,79.97
2026-09-28T21:07:40.867334,7,100.0,13106.0,112.28
2026-09-28T21:07:41.868174,4,0.0,20702.0,81.85
2026-09-28T21:07:41.868174,5,97.0,16520.0,449.21
2026-09-28T21:07:41.868174,6,0.0,9328.0,79.72
2026-09-28T21:07:41.868174,7,100.0,13106.0,112.15
2026-09-28T21:07:42.868028,4,0.0,20702.0,58.04
2026-09-28T21:07:42.868028,5,95.0,16520.0,447.71
2026-09-28T21:07:42.868028,6,0.0,9328.0,79.77
2026-09-28T21:07:42.868028,7,100.0,13106.0,112.09
2026-09-28T21:07:43.869105,4,0.0,20702.0,29.19
2026-09-28T21:07:43.869105,5,99.0,16520.0,449.26
2026-09-28T21:07:43.869105,6,0.0,9328.0,79.81
2026-09-28T21:07:43.869105,7,100.0,13106.0,111.96
2026-09-28T21:07:44.885093,4,0.0,20702.0,22.9
2026-09-28T21:07:44.885093,5,95.0,16520.0,448.55
2026-09-28T21:07:44.885093,6,0.0,9328.0,79.52
2026-09-28T21:07:44.885093,7,100.0,13106.0,111.89
2026-09-28T21:07:45.868444,4,0.0,20702.0,21.75
2026-09-28T21:07:45.868444,5,96.0,16520.0,446.71
2026-09-28T21:07:45.868444,6,0.0,9328.0,79.57
2026-09-28T21:07:45.868444,7,100.0,13106.0,112.32
2026-09-28T21:07:46.869900,4,0.0,20702.0,21.85
2026-09-28T21:07:46.869900,5,98.0,16520.0,448.48
2026-09-28T21:07:46.869900,6,0.0,9328.0,65.7
2026-09-28T21:07:46.869900,7,100.0,13106.0,112.2
2026-09-28T21:07:47.870005,4,0.0,20702.0,21.78
2026-09-28T21:07:47.870005,5,95.0,16520.0,447.91
2026-09-28T21:07:47.870005,6,0.0,9328.0,39.29
2026-09-28T21:07:47.870005,7,100.0,13106.0,111.85
2026-09-28T21:07:48.871795,4,0.0,20702.0,21.64
2026-09-28T21:07:48.871795,5,95.0,16520.0,449.1
2026-09-28T21:07:48.871795,6,0.0,9328.0,24.73
2026-09-28T21:07:48.871795,7,100.0,13106.0,111.88
2026-09-28T21:07:49.870236,4,0.0,20702.0,21.48
2026-09-28T21:07:49.870236,5,96.0,16520.0,448.24
2026-09-28T21:07:49.870236,6,0.0,9328.0,22.55
2026-09-28T21:07:49.870236,7,100.0,13106.0,111.83
2026-09-28T21:07:50.930260,4,0.0,20702.0,21.43
2026-09-28T21:07:50.930260,5,95.0,16520.0,448.33
2026-09-28T21:07:50.930260,6,0.0,9328.0,22.62
2026-09-28T21:07:50.930260,7,100.0,13106.0,112.04
2026-09-28T21:07:51.871552,4,0.0,20702.0,21.35
2026-09-28T21:07:51.871552,5,99.0,16520.0,449.25
2026-09-28T21:07:51.871552,6,0.0,9328.0,22.6
2026-09-28T21:07:51.871552,7,100.0,13106.0,112.25
2026-09-28T21:07:52.871493,4,0.0,20702.0,21.29
2026-09-28T21:07:52.871493,5,98.0,16520.0,450.2
2026-09-28T21:07:52.871493,6,0.0,9328.0,22.64
2026-09-28T21:07:52.871493,7,100.0,13106.0,112.02
2026-09-28T21:07:53.870843,4,0.0,20702.0,21.34
2026-09-28T21:07:53.870843,5,96.0,16520.0,449.24
2026-09-28T21:07:53.870843,6,0.0,9328.0,22.56
2026-09-28T21:07:53.870843,7,100.0,13106.0,112.11
2026-09-28T21:07:54.877604,4,0.0,20702.0,21.05
2026-09-28T21:07:54.877604,5,99.0,16520.0,449.51
2026-09-28T21:07:54.877604,6,0.0,9328.0,22.47
2026-09-28T21:07:54.877604,7,100.0,13106.0,111.81
2026-09-28T21:07:55.871973,4,0.0,20702.0,20.8
2026-09-28T21:07:55.871973,5,99.0,16520.0,451.62
2026-09-28T21:07:55.871973,6,0.0,9328.0,22.47
2026-09-28T21:07:55.871973,7,100.0,13106.0,111.61
2026-09-28T21:07:56.929234,4,0.0,20702.0,20.75
2026-09-28T21:07:56.929234,5,96.0,16520.0,450.28
2026-09-28T21:07:56.929234,6,0.0,9328.0,22.32
2026-09-28T21:07:56.929234,7,100.0,13106.0,111.73
2026-09-28T21:07:57.870532,4,0.0,20702.0,20.58
2026-09-28T21:07:57.870532,5,12.0,16520.0,419.07
2026-09-28T21:07:57.870532,6,0.0,9328.0,22.26
2026-09-28T21:07:57.870532,7,100.0,13106.0,111.62
2026-09-28T21:07:58.881972,4,0.0,20702.0,20.55
2026-09-28T21:07:58.881972,5,0.0,16520.0,156.15
2026-09-28T21:07:58.881972,6,75.0,9328.0,131.43
2026-09-28T21:07:58.881972,7,90.0,13106.0,323.24
2026-09-28T21:07:59.873158,4,0.0,20702.0,20.54
2026-09-28T21:07:59.873158,5,0.0,16520.0,116.57
2026-09-28T21:07:59.873158,6,97.0,9328.0,292.58
2026-09-28T21:07:59.873158,7,96.0,13106.0,385.64
2026-09-28T21:08:00.874955,4,0.0,20702.0,20.48
2026-09-28T21:08:00.874955,5,0.0,16520.0,109.89
2026-09-28T21:08:00.874955,6,99.0,9328.0,271.28
2026-09-28T21:08:00.874955,7,92.0,13106.0,391.11
2026-09-28T21:08:01.874840,4,0.0,20702.0,20.32
2026-09-28T21:08:01.874840,5,0.0,16520.0,103.26
2026-09-28T21:08:01.874840,6,98.0,9328.0,276.17
2026-09-28T21:08:01.874840,7,96.0,13106.0,404.15
2026-09-28T21:08:02.893939,4,0.0,20702.0,20.3
2026-09-28T21:08:02.893939,5,0.0,16520.0,102.96
2026-09-28T21:08:02.893939,6,95.0,9328.0,274.02
2026-09-28T21:08:02.893939,7,93.0,13106.0,400.29
2026-09-28T21:08:03.875895,4,0.0,20702.0,20.5
2026-09-28T21:08:03.875895,5,0.0,16520.0,102.66
2026-09-28T21:08:03.875895,6,80.0,9328.0,281.43
2026-09-28T21:08:03.875895,7,87.0,13106.0,400.38
2026-09-28T21:08:04.872566,4,0.0,20702.0,20.59
2026-09-28T21:08:04.872566,5,0.0,16520.0,102.28
2026-09-28T21:08:04.872566,6,93.0,9328.0,290.81
2026-09-28T21:08:04.872566,7,97.0,13106.0,395.76
2026-09-28T21:08:05.875844,4,0.0,20702.0,20.65
2026-09-28T21:08:05.875844,5,0.0,16520.0,101.79
2026-09-28T21:08:05.875844,6,78.0,9328.0,277.43
2026-09-28T21:08:05.875844,7,85.0,13106.0,408.17
2026-09-28T21:08:06.873745,4,0.0,20702.0,20.65
2026-09-28T21:08:06.873745,5,0.0,16520.0,101.23
2026-09-28T21:08:06.873745,6,94.0,9328.0,298.71
2026-09-28T21:08:06.873745,7,97.0,13106.0,407.0
2026-09-28T21:08:07.871984,4,0.0,20702.0,20.58
2026-09-28T21:08:07.871984,5,0.0,16520.0,100.65
2026-09-28T21:08:07.871984,6,93.0,9328.0,279.31
2026-09-28T21:08:07.871984,7,91.0,13106.0,403.45
2026-09-28T21:08:08.876704,4,0.0,20702.0,20.54
2026-09-28T21:08:08.876704,5,0.0,16520.0,99.84
2026-09-28T21:08:08.876704,6,100.0,9328.0,274.55
2026-09-28T21:08:08.876704,7,97.0,13106.0,409.82
2026-09-28T21:08:09.893870,4,0.0,20702.0,20.66
2026-09-28T21:08:09.893870,5,0.0,16520.0,99.15
2026-09-28T21:08:09.893870,6,96.0,9328.0,263.9
2026-09-28T21:08:09.893870,7,93.0,13106.0,407.66
2026-09-28T21:08:10.873863,4,0.0,20702.0,20.5
2026-09-28T21:08:10.873863,5,0.0,16520.0,98.88
2026-09-28T21:08:10.873863,6,82.0,9328.0,270.51
2026-09-28T21:08:10.873863,7,97.0,13106.0,413.88
2026-09-28T21:08:11.874490,4,0.0,20702.0,20.16
2026-09-28T21:08:11.874490,5,0.0,16520.0,98.44
2026-09-28T21:08:11.874490,6,95.0,9328.0,293.78
2026-09-28T21:08:11.874490,7,96.0,13106.0,405.53
2026-09-28T21:08:12.883385,4,0.0,20702.0,20.28
2026-09-28T21:08:12.883385,5,0.0,16520.0,97.69
2026-09-28T21:08:12.883385,6,79.0,9328.0,274.34
2026-09-28T21:08:12.883385,7,85.0,13106.0,411.16
2026-09-28T21:08:13.875427,4,0.0,20702.0,20.2
2026-09-28T21:08:13.875427,5,0.0,16520.0,97.1
2026-09-28T21:08:13.875427,6,95.0,9328.0,298.49
2026-09-28T21:08:13.875427,7,96.0,13106.0,409.97
2026-09-28T21:08:14.873640,4,0.0,20702.0,20.0
2026-09-28T21:08:14.873640,5,0.0,16520.0,81.13
2026-09-28T21:08:14.873640,6,93.0,9328.0,271.7
2026-09-28T21:08:14.873640,7,91.0,13106.0,418.05
2026-09-28T21:08:15.928210,4,0.0,20702.0,20.01
2026-09-28T21:08:15.928210,5,0.0,16520.0,53.07
2026-09-28T21:08:15.928210,6,100.0,9328.0,276.73
2026-09-28T21:08:15.928210,7,97.0,13106.0,411.48
2026-09-28T21:08:16.881307,4,0.0,20702.0,20.08
2026-09-28T21:08:16.881307,5,0.0,16520.0,38.06
2026-09-28T21:08:16.881307,6,95.0,9328.0,268.56
2026-09-28T21:08:16.881307,7,93.0,13106.0,411.97
2026-09-28T21:08:17.878552,4,0.0,20702.0,20.13
2026-09-28T21:08:17.878552,5,0.0,16520.0,35.04
2026-09-28T21:08:17.878552,6,84.0,9328.0,278.64
2026-09-28T21:08:17.878552,7,97.0,13106.0,410.87
2026-09-28T21:08:18.873485,4,0.0,20702.0,20.0
2026-09-28T21:08:18.873485,5,0.0,16520.0,34.39
2026-09-28T21:08:18.873485,6,94.0,9328.0,291.74
2026-09-28T21:08:18.873485,7,96.0,13106.0,410.81
2026-09-28T21:08:19.876955,4,0.0,20702.0,19.84
2026-09-28T21:08:19.876955,5,0.0,16520.0,33.98
2026-09-28T21:08:19.876955,6,78.0,9328.0,291.76
2026-09-28T21:08:19.876955,7,85.0,13106.0,411.73
2026-09-28T21:08:20.874192,4,0.0,20702.0,19.85
2026-09-28T21:08:20.874192,5,0.0,16520.0,33.74
2026-09-28T21:08:20.874192,6,94.0,9328.0,296.99
2026-09-28T21:08:20.874192,7,98.0,13106.0,421.39
2026-09-28T21:08:21.925059,4,0.0,20702.0,19.93
2026-09-28T21:08:21.925059,5,0.0,16520.0,33.55
2026-09-28T21:08:21.925059,6,92.0,9328.0,274.74
2026-09-28T21:08:21.925059,7,92.0,13106.0,416.72
2026-09-28T21:08:22.880740,4,0.0,20702.0,19.81
2026-09-28T21:08:22.880740,5,0.0,16520.0,33.33
2026-09-28T21:08:22.880740,6,99.0,9328.0,287.93
2026-09-28T21:08:22.880740,7,96.0,13106.0,412.13
2026-09-28T21:08:23.875925,4,0.0,20702.0,19.88
2026-09-28T21:08:23.875925,5,0.0,16520.0,33.08
2026-09-28T21:08:23.875925,6,96.0,9328.0,275.38
2026-09-28T21:08:23.875925,7,96.0,13106.0,416.75
2026-09-28T21:08:24.876844,4,0.0,20702.0,20.1
2026-09-28T21:08:24.876844,5,0.0,16520.0,32.91
2026-09-28T21:08:24.876844,6,98.0,9328.0,265.15
2026-09-28T21:08:24.876844,7,87.0,13106.0,419.64
2026-09-28T21:08:25.876927,4,0.0,20702.0,20.21
2026-09-28T21:08:25.876927,5,0.0,16520.0,32.67
2026-09-28T21:08:25.876927,6,94.0,9328.0,292.85
2026-09-28T21:08:25.876927,7,97.0,13106.0,415.01
2026-09-28T21:08:26.877584,4,0.0,20702.0,20.19
2026-09-28T21:08:26.877584,5,0.0,16520.0,32.52
2026-09-28T21:08:26.877584,6,79.0,9328.0,284.35
2026-09-28T21:08:26.877584,7,93.0,13106.0,413.18
2026-09-28T21:08:27.931535,4,0.0,20702.0,19.94
2026-09-28T21:08:27.931535,5,0.0,16520.0,32.58
2026-09-28T21:08:27.931535,6,95.0,9328.0,302.83
2026-09-28T21:08:27.931535,7,96.0,13106.0,419.22
2026-09-28T21:08:28.876413,4,0.0,20702.0,19.74
2026-09-28T21:08:28.876413,5,0.0,16520.0,32.66
2026-09-28T21:08:28.876413,6,79.0,9328.0,280.04
2026-09-28T21:08:28.876413,7,90.0,13106.0,424.18
2026-09-28T21:08:29.872638,4,0.0,20702.0,19.75
2026-09-28T21:08:29.872638,5,0.0,16520.0,32.79
2026-09-28T21:08:29.872638,6,95.0,9328.0,309.29
2026-09-28T21:08:29.872638,7,96.0,13106.0,415.59
2026-09-28T21:08:30.874505,4,0.0,20702.0,19.91
2026-09-28T21:08:30.874505,5,0.0,16520.0,32.77
2026-09-28T21:08:30.874505,6,92.0,9328.0,281.84
2026-09-28T21:08:30.874505,7,91.0,13106.0,414.5
2026-09-28T21:08:31.878433,4,0.0,20702.0,20.1
2026-09-28T21:08:31.878433,5,0.0,16520.0,32.7
2026-09-28T21:08:31.878433,6,100.0,9328.0,277.39
2026-09-28T21:08:31.878433,7,97.0,13106.0,416.01
2026-09-28T21:08:32.877143,4,0.0,20702.0,20.22
2026-09-28T21:08:32.877143,5,0.0,16520.0,32.71
2026-09-28T21:08:32.877143,6,96.0,9328.0,272.07
2026-09-28T21:08:32.877143,7,97.0,13106.0,415.98
2026-09-28T21:08:33.918153,4,0.0,20702.0,20.22
2026-09-28T21:08:33.918153,5,0.0,16520.0,32.85
2026-09-28T21:08:33.918153,6,84.0,9328.0,272.2
2026-09-28T21:08:33.918153,7,85.0,13106.0,410.93
2026-09-28T21:08:34.876868,4,0.0,20702.0,20.04
2026-09-28T21:08:34.876868,5,0.0,16520.0,32.75
2026-09-28T21:08:34.876868,6,94.0,9328.0,287.61
2026-09-28T21:08:34.876868,7,97.0,13106.0,417.88
2026-09-28T21:08:35.878840,4,0.0,20702.0,19.93
2026-09-28T21:08:35.878840,5,0.0,16520.0,32.63
2026-09-28T21:08:35.878840,6,79.0,9328.0,288.17
2026-09-28T21:08:35.878840,7,92.0,13106.0,415.95
2026-09-28T21:08:36.877556,4,0.0,20702.0,19.9
2026-09-28T21:08:36.877556,5,0.0,16520.0,32.74
2026-09-28T21:08:36.877556,6,94.0,9328.0,302.68
2026-09-28T21:08:36.877556,7,97.0,13106.0,425.74
2026-09-28T21:08:37.876907,4,0.0,20702.0,19.9
2026-09-28T21:08:37.876907,5,0.0,16520.0,32.6
2026-09-28T21:08:37.876907,6,93.0,9328.0,287.75
2026-09-28T21:08:37.876907,7,91.0,13106.0,421.11
2026-09-28T21:08:38.879214,4,0.0,20702.0,20.0
2026-09-28T21:08:38.879214,5,0.0,16520.0,32.45
2026-09-28T21:08:38.879214,6,99.0,9328.0,294.22
2026-09-28T21:08:38.879214,7,98.0,13106.0,423.71
2026-09-28T21:08:39.912556,4,0.0,20702.0,20.04
2026-09-28T21:08:39.912556,5,0.0,16520.0,32.18
2026-09-28T21:08:39.912556,6,99.0,9328.0,273.63
2026-09-28T21:08:39.912556,7,95.0,13106.0,425.21
2026-09-28T21:08:40.881669,4,0.0,20702.0,20.0
2026-09-28T21:08:40.881669,5,0.0,16520.0,31.75
2026-09-28T21:08:40.881669,6,95.0,9328.0,283.06
2026-09-28T21:08:40.881669,7,86.0,13106.0,416.75
2026-09-28T21:08:41.878420,4,0.0,20702.0,20.03
2026-09-28T21:08:41.878420,5,0.0,16520.0,31.8
2026-09-28T21:08:41.878420,6,93.0,9328.0,277.57
2026-09-28T21:08:41.878420,7,97.0,13106.0,416.33
2026-09-28T21:08:42.879998,4,0.0,20702.0,20.14
2026-09-28T21:08:42.879998,5,0.0,16520.0,32.07
2026-09-28T21:08:42.879998,6,84.0,9328.0,287.51
2026-09-28T21:08:42.879998,7,94.0,13106.0,413.5
2026-09-28T21:08:43.878021,4,0.0,20702.0,20.12
2026-09-28T21:08:43.878021,5,0.0,16520.0,31.94
2026-09-28T21:08:43.878021,6,94.0,9328.0,307.07
2026-09-28T21:08:43.878021,7,97.0,13106.0,425.22
2026-09-28T21:08:44.875788,4,0.0,20702.0,19.79
2026-09-28T21:08:44.875788,5,0.0,16520.0,31.86
2026-09-28T21:08:44.875788,6,77.0,9328.0,289.1
2026-09-28T21:08:44.875788,7,89.0,13106.0,419.44
2026-09-28T21:08:45.897757,4,0.0,20702.0,19.76
2026-09-28T21:08:45.897757,5,0.0,16520.0,31.93
2026-09-28T21:08:45.897757,6,97.0,9328.0,302.13
2026-09-28T21:08:45.897757,7,96.0,13106.0,418.76
2026-09-28T21:08:46.879502,4,0.0,20702.0,20.0
2026-09-28T21:08:46.879502,5,0.0,16520.0,31.85
2026-09-28T21:08:46.879502,6,99.0,9328.0,278.15
2026-09-28T21:08:46.879502,7,94.0,13106.0,415.34
2026-09-28T21:08:47.879918,4,0.0,20702.0,19.92
2026-09-28T21:08:47.879918,5,0.0,16520.0,31.62
2026-09-28T21:08:47.879918,6,96.0,9328.0,286.15
2026-09-28T21:08:47.879918,7,85.0,13106.0,412.19
2026-09-28T21:08:48.880030,4,0.0,20702.0,19.84
2026-09-28T21:08:48.880030,5,0.0,16520.0,31.36
2026-09-28T21:08:48.880030,6,94.0,9328.0,281.79
2026-09-28T21:08:48.880030,7,97.0,13106.0,414.49
2026-09-28T21:08:49.882251,4,0.0,20702.0,19.84
2026-09-28T21:08:49.882251,5,0.0,16520.0,31.41
2026-09-28T21:08:49.882251,6,80.0,9328.0,288.4
2026-09-28T21:08:49.882251,7,92.0,13106.0,416.44
2026-09-28T21:08:50.876560,4,0.0,20702.0,19.77
2026-09-28T21:08:50.876560,5,0.0,16520.0,31.68
2026-09-28T21:08:50.876560,6,95.0,9328.0,311.31
2026-09-28T21:08:50.876560,7,97.0,13106.0,420.28
2026-09-28T21:08:51.878697,4,0.0,20702.0,19.73
2026-09-28T21:08:51.878697,5,0.0,16520.0,31.73
2026-09-28T21:08:51.878697,6,77.0,9328.0,293.94
2026-09-28T21:08:51.878697,7,91.0,13106.0,419.75
2026-09-28T21:08:52.906366,4,0.0,20702.0,19.83
2026-09-28T21:08:52.906366,5,0.0,16520.0,31.72
2026-09-28T21:08:52.906366,6,97.0,9328.0,303.68
2026-09-28T21:08:52.906366,7,98.0,13106.0,425.15
2026-09-28T21:08:53.874894,4,0.0,20702.0,19.99
2026-09-28T21:08:53.874894,5,0.0,16520.0,31.69
2026-09-28T21:08:53.874894,6,96.0,9328.0,271.2
2026-09-28T21:08:53.874894,7,92.0,13106.0,422.02
2026-09-28T21:08:54.879820,4,0.0,20702.0,20.0
2026-09-28T21:08:54.879820,5,0.0,16520.0,31.64
2026-09-28T21:08:54.879820,6,100.0,9328.0,281.42
2026-09-28T21:08:54.879820,7,87.0,13106.0,415.74
2026-09-28T21:08:55.878045,4,0.0,20702.0,20.11
2026-09-28T21:08:55.878045,5,0.0,16520.0,31.77
2026-09-28T21:08:55.878045,6,95.0,9328.0,275.94
2026-09-28T21:08:55.878045,7,96.0,13106.0,423.34
2026-09-28T21:08:56.883008,4,0.0,20702.0,20.27
2026-09-28T21:08:56.883008,5,0.0,16520.0,31.92
2026-09-28T21:08:56.883008,6,82.0,9328.0,282.09
2026-09-28T21:08:56.883008,7,91.0,13106.0,415.07
2026-09-28T21:08:57.877502,4,0.0,20702.0,20.28
2026-09-28T21:08:57.877502,5,0.0,16520.0,31.91
2026-09-28T21:08:57.877502,6,94.0,9328.0,307.64
2026-09-28T21:08:57.877502,7,97.0,13106.0,421.78
2026-09-28T21:08:58.914983,4,0.0,20702.0,20.45
2026-09-28T21:08:58.914983,5,0.0,16520.0,31.78
2026-09-28T21:08:58.914983,6,81.0,9328.0,286.42
2026-09-28T21:08:58.914983,7,91.0,13106.0,425.19
2026-09-28T21:08:59.883584,4,0.0,20702.0,20.65
2026-09-28T21:08:59.883584,5,0.0,16520.0,31.73
2026-09-28T21:08:59.883584,6,94.0,9328.0,315.37
2026-09-28T21:08:59.883584,7,97.0,13106.0,423.47
2026-09-28T21:09:00.879843,4,0.0,20702.0,20.53
2026-09-28T21:09:00.879843,5,0.0,16520.0,31.86
2026-09-28T21:09:00.879843,6,91.0,9328.0,296.57
2026-09-28T21:09:00.879843,7,92.0,13106.0,419.47
2026-09-28T21:09:01.880054,4,0.0,20702.0,20.44
2026-09-28T21:09:01.880054,5,0.0,16520.0,32.03
2026-09-28T21:09:01.880054,6,99.0,9328.0,284.14
2026-09-28T21:09:01.880054,7,96.0,13106.0,422.87
2026-09-28T21:09:02.879589,4,0.0,20702.0,20.26
2026-09-28T21:09:02.879589,5,0.0,16520.0,31.73
2026-09-28T21:09:02.879589,6,97.0,9328.0,272.63
2026-09-28T21:09:02.879589,7,96.0,13106.0,418.17
2026-09-28T21:09:03.879719,4,0.0,20702.0,20.12
2026-09-28T21:09:03.879719,5,0.0,16520.0,31.41
2026-09-28T21:09:03.879719,6,88.0,9328.0,273.04
2026-09-28T21:09:03.879719,7,85.0,13106.0,419.79
2026-09-28T21:09:04.921459,4,0.0,20702.0,20.15
2026-09-28T21:09:04.921459,5,0.0,16520.0,31.49
2026-09-28T21:09:04.921459,6,95.0,9328.0,305.23
2026-09-28T21:09:04.921459,7,97.0,13106.0,419.75
2026-09-28T21:09:05.883372,4,0.0,20702.0,19.98
2026-09-28T21:09:05.883372,5,0.0,16520.0,31.42
2026-09-28T21:09:05.883372,6,84.0,9328.0,292.59
2026-09-28T21:09:05.883372,7,94.0,13106.0,423.37
2026-09-28T21:09:06.879455,4,0.0,20702.0,19.79
2026-09-28T21:09:06.879455,5,0.0,16520.0,31.38
2026-09-28T21:09:06.879455,6,94.0,9328.0,303.78
2026-09-28T21:09:06.879455,7,97.0,13106.0,424.72
2026-09-28T21:09:07.879550,4,0.0,20702.0,19.72
2026-09-28T21:09:07.879550,5,0.0,16520.0,31.35
2026-09-28T21:09:07.879550,6,77.0,9328.0,295.01
2026-09-28T21:09:07.879550,7,89.0,13106.0,421.35
2026-09-28T21:09:08.880787,4,0.0,20702.0,19.7
2026-09-28T21:09:08.880787,5,0.0,16520.0,31.22
2026-09-28T21:09:08.880787,6,97.0,9328.0,296.78
2026-09-28T21:09:08.880787,7,97.0,13106.0,419.58
2026-09-28T21:09:09.880285,4,0.0,20702.0,19.76
2026-09-28T21:09:09.880285,5,0.0,16520.0,31.44
2026-09-28T21:09:09.880285,6,99.0,9328.0,277.01
2026-09-28T21:09:09.880285,7,94.0,13106.0,418.24
2026-09-28T21:09:10.929778,4,0.0,20702.0,19.64
2026-09-28T21:09:10.929778,5,0.0,16520.0,31.72
2026-09-28T21:09:10.929778,6,96.0,9328.0,282.88
2026-09-28T21:09:10.929778,7,86.0,13106.0,417.86
2026-09-28T21:09:11.882393,4,0.0,20702.0,19.55
2026-09-28T21:09:11.882393,5,0.0,16520.0,31.68
2026-09-28T21:09:11.882393,6,94.0,9328.0,277.41
2026-09-28T21:09:11.882393,7,97.0,13106.0,417.48
2026-09-28T21:09:12.883298,4,0.0,20702.0,19.73
2026-09-28T21:09:12.883298,5,0.0,16520.0,31.54
2026-09-28T21:09:12.883298,6,81.0,9328.0,289.6
2026-09-28T21:09:12.883298,7,95.0,13106.0,414.31
2026-09-28T21:09:13.878824,4,0.0,20702.0,19.7
2026-09-28T21:09:13.878824,5,0.0,16520.0,31.4
2026-09-28T21:09:13.878824,6,94.0,9328.0,301.79
2026-09-28T21:09:13.878824,7,96.0,13106.0,424.88
2026-09-28T21:09:14.879627,4,0.0,20702.0,19.44
2026-09-28T21:09:14.879627,5,0.0,16520.0,31.39
2026-09-28T21:09:14.879627,6,80.0,9328.0,293.13
2026-09-28T21:09:14.879627,7,90.0,13106.0,414.54
2026-09-28T21:09:15.889556,4,0.0,20702.0,19.27
2026-09-28T21:09:15.889556,5,0.0,16520.0,31.67
2026-09-28T21:09:15.889556,6,96.0,9328.0,295.28
2026-09-28T21:09:15.889556,7,97.0,13106.0,425.23
2026-09-28T21:09:16.951796,4,0.0,20702.0,19.39
2026-09-28T21:09:16.951796,5,0.0,16520.0,31.58
2026-09-28T21:09:16.951796,6,98.0,9328.0,284.53
2026-09-28T21:09:16.951796,7,93.0,13106.0,419.57
2026-09-28T21:09:17.892830,4,0.0,20702.0,19.69
2026-09-28T21:09:17.892830,5,0.0,16520.0,31.39
2026-09-28T21:09:17.892830,6,100.0,9328.0,273.59
2026-09-28T21:09:17.892830,7,88.0,13106.0,418.91
2026-09-28T21:09:18.880274,4,0.0,20702.0,19.78
2026-09-28T21:09:18.880274,5,0.0,16520.0,31.65
2026-09-28T21:09:18.880274,6,94.0,9328.0,278.98
2026-09-28T21:09:18.880274,7,97.0,13106.0,418.01
2026-09-28T21:09:19.900402,4,0.0,20702.0,19.75
2026-09-28T21:09:19.900402,5,0.0,16520.0,31.71
2026-09-28T21:09:19.900402,6,28.0,9328.0,266.27
2026-09-28T21:09:19.900402,7,0.0,13106.0,386.25
2026-09-28T21:09:20.877466,4,95.0,20702.0,83.79
2026-09-28T21:09:20.877466,5,0.0,16520.0,31.67
2026-09-28T21:09:20.877466,6,0.0,9328.0,108.75
2026-09-28T21:09:20.877466,7,100.0,13106.0,144.09
2026-09-28T21:09:21.883340,4,63.0,20702.0,377.13
2026-09-28T21:09:21.883340,5,0.0,16520.0,31.56
2026-09-28T21:09:21.883340,6,0.0,9328.0,102.21
2026-09-28T21:09:21.883340,7,100.0,13106.0,142.82
2026-09-28T21:09:22.929800,4,63.0,20702.0,296.62
2026-09-28T21:09:22.929800,5,0.0,16520.0,31.4
2026-09-28T21:09:22.929800,6,0.0,9328.0,87.29
2026-09-28T21:09:22.929800,7,100.0,13106.0,141.89
2026-09-28T21:09:23.880734,4,68.0,20702.0,299.8
2026-09-28T21:09:23.880734,5,0.0,16520.0,31.45
2026-09-28T21:09:23.880734,6,0.0,9328.0,85.64
2026-09-28T21:09:23.880734,7,100.0,13106.0,141.05
2026-09-28T21:09:24.879068,4,69.0,20702.0,302.47
2026-09-28T21:09:24.879068,5,0.0,16520.0,31.54
2026-09-28T21:09:24.879068,6,0.0,9328.0,85.07
2026-09-28T21:09:24.879068,7,100.0,13106.0,140.28
2026-09-28T21:09:25.876708,4,66.0,20702.0,305.21
2026-09-28T21:09:25.876708,5,0.0,16520.0,31.41
2026-09-28T21:09:25.876708,6,0.0,9328.0,84.75
2026-09-28T21:09:25.876708,7,100.0,13106.0,139.82
2026-09-28T21:09:26.880347,4,66.0,20702.0,306.33
2026-09-28T21:09:26.880347,5,0.0,16520.0,31.41
2026-09-28T21:09:26.880347,6,0.0,9328.0,84.38
2026-09-28T21:09:26.880347,7,100.0,13106.0,139.28
2026-09-28T21:09:27.877731,4,67.0,20702.0,307.84
2026-09-28T21:09:27.877731,5,0.0,16520.0,31.62
2026-09-28T21:09:27.877731,6,0.0,9328.0,83.87
2026-09-28T21:09:27.877731,7,100.0,13106.0,138.06
2026-09-28T21:09:28.905902,4,68.0,20702.0,312.39
2026-09-28T21:09:28.905902,5,0.0,16520.0,31.85
2026-09-28T21:09:28.905902,6,0.0,9328.0,83.41
2026-09-28T21:09:28.905902,7,100.0,13106.0,137.29
2026-09-28T21:09:29.881502,4,0.0,20702.0,230.23
2026-09-28T21:09:29.881502,5,0.0,16520.0,31.74
2026-09-28T21:09:29.881502,6,0.0,9328.0,83.24
2026-09-28T21:09:29.881502,7,100.0,13106.0,136.77
2026-09-28T21:09:30.878768,4,77.0,20702.0,256.49
2026-09-28T21:09:30.878768,5,0.0,16520.0,31.45
2026-09-28T21:09:30.878768,6,0.0,9328.0,82.81
2026-09-28T21:09:30.878768,7,100.0,13106.0,135.72
2026-09-28T21:09:31.879968,4,78.0,20702.0,317.57
2026-09-28T21:09:31.879968,5,0.0,16520.0,31.35
2026-09-28T21:09:31.879968,6,0.0,9328.0,82.43
2026-09-28T21:09:31.879968,7,100.0,13106.0,134.44
2026-09-28T21:09:32.880861,4,69.0,20702.0,319.11
2026-09-28T21:09:32.880861,5,0.0,16520.0,31.58
2026-09-28T21:09:32.880861,6,0.0,9328.0,82.4
2026-09-28T21:09:32.880861,7,100.0,13106.0,133.56
2026-09-28T21:09:33.877494,4,77.0,20702.0,319.25
2026-09-28T21:09:33.877494,5,0.0,16520.0,31.92
2026-09-28T21:09:33.877494,6,0.0,9328.0,82.41
2026-09-28T21:09:33.877494,7,100.0,13106.0,132.04
2026-09-28T21:09:34.880236,4,77.0,20702.0,321.45
2026-09-28T21:09:34.880236,5,0.0,16520.0,31.81
2026-09-28T21:09:34.880236,6,0.0,9328.0,82.3
2026-09-28T21:09:34.880236,7,100.0,13106.0,131.16
2026-09-28T21:09:35.890868,4,77.0,20702.0,321.54
2026-09-28T21:09:35.890868,5,0.0,16520.0,31.32
2026-09-28T21:09:35.890868,6,0.0,9328.0,82.25
2026-09-28T21:09:35.890868,7,100.0,13106.0,130.1
2026-09-28T21:09:36.882250,4,72.0,20702.0,325.11
2026-09-28T21:09:36.882250,5,0.0,16520.0,31.08
2026-09-28T21:09:36.882250,6,0.0,9328.0,82.35
2026-09-28T21:09:36.882250,7,100.0,13106.0,129.16
2026-09-28T21:09:37.883988,4,78.0,20702.0,323.42
2026-09-28T21:09:37.883988,5,0.0,16520.0,31.4
2026-09-28T21:09:37.883988,6,0.0,9328.0,78.45
2026-09-28T21:09:37.883988,7,100.0,13106.0,128.31
2026-09-28T21:09:38.880740,4,77.0,20702.0,324.51
2026-09-28T21:09:38.880740,5,0.0,16520.0,31.59
2026-09-28T21:09:38.880740,6,0.0,9328.0,53.43
2026-09-28T21:09:38.880740,7,100.0,13106.0,127.16
2026-09-28T21:09:39.883518,4,79.0,20702.0,326.18
2026-09-28T21:09:39.883518,5,0.0,16520.0,31.5
2026-09-28T21:09:39.883518,6,0.0,9328.0,28.44
2026-09-28T21:09:39.883518,7,100.0,13106.0,126.29
2026-09-28T21:09:40.880056,4,79.0,20702.0,327.62
2026-09-28T21:09:40.880056,5,0.0,16520.0,31.5
2026-09-28T21:09:40.880056,6,0.0,9328.0,24.08
2026-09-28T21:09:40.880056,7,100.0,13106.0,126.05
2026-09-28T21:09:41.927006,4,80.0,20702.0,329.85
2026-09-28T21:09:41.927006,5,0.0,16520.0,31.49
2026-09-28T21:09:41.927006,6,0.0,9328.0,23.51
2026-09-28T21:09:41.927006,7,100.0,13106.0,125.4
2026-09-28T21:09:42.883821,4,76.0,20702.0,330.4
2026-09-28T21:09:42.883821,5,0.0,16520.0,31.42
2026-09-28T21:09:42.883821,6,0.0,9328.0,23.35
2026-09-28T21:09:42.883821,7,100.0,13106.0,124.54
2026-09-28T21:09:43.883097,4,81.0,20702.0,329.8
2026-09-28T21:09:43.883097,5,0.0,16520.0,31.29
2026-09-28T21:09:43.883097,6,0.0,9328.0,23.37
2026-09-28T21:09:43.883097,7,100.0,13106.0,122.91
2026-09-28T21:09:44.878737,4,81.0,20702.0,295.15
2026-09-28T21:09:44.878737,5,0.0,16520.0,31.11
2026-09-28T21:09:44.878737,6,0.0,9328.0,23.29
2026-09-28T21:09:44.878737,7,100.0,13106.0,121.56
2026-09-28T21:09:45.882185,4,75.0,20702.0,234.85
2026-09-28T21:09:45.882185,5,0.0,16520.0,31.0
2026-09-28T21:09:45.882185,6,0.0,9328.0,23.15
2026-09-28T21:09:45.882185,7,100.0,13106.0,120.52
2026-09-28T21:09:46.881793,4,77.0,20702.0,336.86
2026-09-28T21:09:46.881793,5,0.0,16520.0,31.08
2026-09-28T21:09:46.881793,6,0.0,9328.0,23.05
2026-09-28T21:09:46.881793,7,100.0,13106.0,118.12
2026-09-28T21:09:47.922080,4,79.0,20702.0,338.92
2026-09-28T21:09:47.922080,5,0.0,16520.0,31.19
2026-09-28T21:09:47.922080,6,0.0,9328.0,22.88
2026-09-28T21:09:47.922080,7,100.0,13106.0,116.75
2026-09-28T21:09:48.883102,4,83.0,20702.0,338.32
2026-09-28T21:09:48.883102,5,0.0,16520.0,31.24
2026-09-28T21:09:48.883102,6,0.0,9328.0,22.72
2026-09-28T21:09:48.883102,7,100.0,13106.0,116.67
2026-09-28T21:09:49.886833,4,84.0,20702.0,345.55
2026-09-28T21:09:49.886833,5,0.0,16520.0,30.88
2026-09-28T21:09:49.886833,6,0.0,9328.0,22.73
2026-09-28T21:09:49.886833,7,100.0,13106.0,116.5
2026-09-28T21:09:50.887879,4,84.0,20702.0,339.77
2026-09-28T21:09:50.887879,5,0.0,16520.0,30.6
2026-09-28T21:09:50.887879,6,0.0,9328.0,22.69
2026-09-28T21:09:50.887879,7,100.0,13106.0,116.09
2026-09-28T21:09:51.888209,4,80.0,20702.0,342.45
2026-09-28T21:09:51.888209,5,0.0,16520.0,30.65
2026-09-28T21:09:51.888209,6,0.0,9328.0,22.57
2026-09-28T21:09:51.888209,7,100.0,13106.0,115.59
2026-09-28T21:09:52.888737,4,80.0,20702.0,340.94
2026-09-28T21:09:52.888737,5,0.0,16520.0,30.58
2026-09-28T21:09:52.888737,6,0.0,9328.0,22.56
2026-09-28T21:09:52.888737,7,100.0,13106.0,115.29
2026-09-28T21:09:53.955208,4,80.0,20702.0,338.41
2026-09-28T21:09:53.955208,5,0.0,16520.0,30.66
2026-09-28T21:09:53.955208,6,0.0,9328.0,22.55
2026-09-28T21:09:53.955208,7,100.0,13106.0,115.34
2026-09-28T21:09:54.890306,4,86.0,20702.0,338.03
2026-09-28T21:09:54.890306,5,0.0,16520.0,30.72
2026-09-28T21:09:54.890306,6,0.0,9328.0,22.48
2026-09-28T21:09:54.890306,7,100.0,13106.0,114.67
2026-09-28T21:09:55.890610,4,83.0,20702.0,338.41
2026-09-28T21:09:55.890610,5,0.0,16520.0,30.51
2026-09-28T21:09:55.890610,6,0.0,9328.0,22.5
2026-09-28T21:09:55.890610,7,100.0,13106.0,114.52
2026-09-28T21:09:56.888188,4,84.0,20702.0,339.32
2026-09-28T21:09:56.888188,5,0.0,16520.0,30.32
2026-09-28T21:09:56.888188,6,0.0,9328.0,22.44
2026-09-28T21:09:56.888188,7,100.0,13106.0,113.94
2026-09-28T21:09:57.886319,4,83.0,20702.0,342.24
2026-09-28T21:09:57.886319,5,0.0,16520.0,30.2
2026-09-28T21:09:57.886319,6,0.0,9328.0,22.22
2026-09-28T21:09:57.886319,7,100.0,13106.0,113.68
2026-09-28T21:09:58.889367,4,83.0,20702.0,342.32
2026-09-28T21:09:58.889367,5,0.0,16520.0,30.27
2026-09-28T21:09:58.889367,6,0.0,9328.0,22.22
2026-09-28T21:09:58.889367,7,100.0,13106.0,113.35
2026-09-28T21:09:59.923253,4,87.0,20702.0,344.14
2026-09-28T21:09:59.923253,5,0.0,16520.0,30.47
2026-09-28T21:09:59.923253,6,0.0,9328.0,22.39
2026-09-28T21:09:59.923253,7,100.0,13106.0,112.86
2026-09-28T21:10:00.885987,4,85.0,20702.0,343.18
2026-09-28T21:10:00.885987,5,0.0,16520.0,30.47
2026-09-28T21:10:00.885987,6,0.0,9328.0,22.47
2026-09-28T21:10:00.885987,7,100.0,13106.0,112.63
2026-09-28T21:10:01.889945,4,85.0,20702.0,340.0
2026-09-28T21:10:01.889945,5,0.0,16520.0,30.49
2026-09-28T21:10:01.889945,6,0.0,9328.0,22.39
2026-09-28T21:10:01.889945,7,100.0,13106.0,112.52
2026-09-28T21:10:02.886726,4,86.0,20702.0,327.51
2026-09-28T21:10:02.886726,5,0.0,16520.0,30.63
2026-09-28T21:10:02.886726,6,0.0,9328.0,22.33
2026-09-28T21:10:02.886726,7,100.0,13106.0,112.4
2026-09-28T21:10:03.888756,4,86.0,20702.0,324.16
2026-09-28T21:10:03.888756,5,0.0,16520.0,30.66
2026-09-28T21:10:03.888756,6,0.0,9328.0,22.36
2026-09-28T21:10:03.888756,7,100.0,13106.0,112.43
2026-09-28T21:10:04.885105,4,87.0,20702.0,328.21
2026-09-28T21:10:04.885105,5,0.0,16520.0,30.71
2026-09-28T21:10:04.885105,6,0.0,9328.0,22.37
2026-09-28T21:10:04.885105,7,100.0,13106.0,112.21
2026-09-28T21:10:05.929981,4,88.0,20702.0,321.61
2026-09-28T21:10:05.929981,5,0.0,16520.0,30.8
2026-09-28T21:10:05.929981,6,0.0,9328.0,22.4
2026-09-28T21:10:05.929981,7,100.0,13106.0,112.08
2026-09-28T21:10:06.885002,4,88.0,20702.0,313.27
2026-09-28T21:10:06.885002,5,0.0,16520.0,30.73
2026-09-28T21:10:06.885002,6,0.0,9328.0,22.39
2026-09-28T21:10:06.885002,7,100.0,13106.0,112.17
2026-09-28T21:10:07.884912,4,88.0,20702.0,297.91
2026-09-28T21:10:07.884912,5,0.0,16520.0,30.76
2026-09-28T21:10:07.884912,6,0.0,9328.0,22.28
2026-09-28T21:10:07.884912,7,100.0,13106.0,112.35
2026-09-28T21:10:08.885386,4,89.0,20702.0,285.47
2026-09-28T21:10:08.885386,5,0.0,16520.0,30.72
2026-09-28T21:10:08.885386,6,0.0,9328.0,22.27
2026-09-28T21:10:08.885386,7,100.0,13106.0,112.41
2026-09-28T21:10:09.882524,4,91.0,20702.0,268.66
2026-09-28T21:10:09.882524,5,0.0,16520.0,30.71
2026-09-28T21:10:09.882524,6,0.0,9328.0,22.31
2026-09-28T21:10:09.882524,7,100.0,13106.0,112.25
2026-09-28T21:10:10.881849,4,90.0,20702.0,287.83
2026-09-28T21:10:10.881849,5,0.0,16520.0,30.78
2026-09-28T21:10:10.881849,6,0.0,9328.0,22.28
2026-09-28T21:10:10.881849,7,100.0,13106.0,112.48
2026-09-28T21:10:11.932767,4,91.0,20702.0,295.83
2026-09-28T21:10:11.932767,5,0.0,16520.0,30.68
2026-09-28T21:10:11.932767,6,0.0,9328.0,22.3
2026-09-28T21:10:11.932767,7,100.0,13106.0,112.48
2026-09-28T21:10:12.884801,4,91.0,20702.0,295.54
2026-09-28T21:10:12.884801,5,0.0,16520.0,30.64
2026-09-28T21:10:12.884801,6,0.0,9328.0,22.44
2026-09-28T21:10:12.884801,7,100.0,13106.0,112.3
2026-09-28T21:10:13.879934,4,62.0,20702.0,291.23
2026-09-28T21:10:13.879934,5,0.0,16520.0,30.84
2026-09-28T21:10:13.879934,6,0.0,9328.0,22.53
2026-09-28T21:10:13.879934,7,100.0,13106.0,112.16
2026-09-28T21:10:14.883504,4,0.0,20702.0,133.26
2026-09-28T21:10:14.883504,5,0.0,16520.0,31.19
2026-09-28T21:10:14.883504,6,11.0,9328.0,68.12
2026-09-28T21:10:14.883504,7,12.0,13106.0,105.76
2026-09-28T21:10:15.881317,4,0.0,20702.0,100.39
2026-09-28T21:10:15.881317,5,0.0,16520.0,31.16
2026-09-28T21:10:15.881317,6,12.0,9328.0,85.73
2026-09-28T21:10:15.881317,7,12.0,13106.0,103.68
2026-09-28T21:10:16.880915,4,0.0,20702.0,93.29
2026-09-28T21:10:16.880915,5,0.0,16520.0,30.74
2026-09-28T21:10:16.880915,6,12.0,9328.0,84.29
2026-09-28T21:10:16.880915,7,4.0,13106.0,90.47
2026-09-28T21:10:17.901715,4,0.0,20702.0,86.25
2026-09-28T21:10:17.901715,5,98.0,16520.0,66.94
2026-09-28T21:10:17.901715,6,100.0,9328.0,98.0
2026-09-28T21:10:17.901715,7,13.0,13106.0,88.93
2026-09-28T21:10:18.883032,4,0.0,20702.0,85.78
2026-09-28T21:10:18.883032,5,91.0,16520.0,447.68
2026-09-28T21:10:18.883032,6,0.0,9328.0,93.84
2026-09-28T21:10:18.883032,7,100.0,13106.0,108.34
2026-09-28T21:10:19.879813,4,0.0,20702.0,85.36
2026-09-28T21:10:19.879813,5,95.0,16520.0,445.9
2026-09-28T21:10:19.879813,6,0.0,9328.0,89.61
2026-09-28T21:10:19.879813,7,100.0,13106.0,112.37
2026-09-28T21:10:20.880124,4,0.0,20702.0,85.31
2026-09-28T21:10:20.880124,5,96.0,16520.0,446.85
2026-09-28T21:10:20.880124,6,0.0,9328.0,84.54
2026-09-28T21:10:20.880124,7,100.0,13106.0,112.31
2026-09-28T21:10:21.879643,4,0.0,20702.0,85.3
2026-09-28T21:10:21.879643,5,96.0,16520.0,447.73
2026-09-28T21:10:21.879643,6,0.0,9328.0,79.63
2026-09-28T21:10:21.879643,7,100.0,13106.0,112.14
2026-09-28T21:10:22.881065,4,0.0,20702.0,85.02
2026-09-28T21:10:22.881065,5,96.0,16520.0,447.3
2026-09-28T21:10:22.881065,6,0.0,9328.0,79.57
2026-09-28T21:10:22.881065,7,100.0,13106.0,112.02
2026-09-28T21:10:23.880438,4,0.0,20702.0,84.8
2026-09-28T21:10:23.880438,5,96.0,16520.0,448.67
2026-09-28T21:10:23.880438,6,0.0,9328.0,79.48
2026-09-28T21:10:23.880438,7,100.0,13106.0,111.89
2026-09-28T21:10:24.917960,4,0.0,20702.0,84.5
2026-09-28T21:10:24.917960,5,96.0,16520.0,447.89
2026-09-28T21:10:24.917960,6,0.0,9328.0,79.24
2026-09-28T21:10:24.917960,7,100.0,13106.0,111.93
2026-09-28T21:10:25.883312,4,0.0,20702.0,84.03
2026-09-28T21:10:25.883312,5,99.0,16520.0,448.27
2026-09-28T21:10:25.883312,6,0.0,9328.0,79.18
2026-09-28T21:10:25.883312,7,100.0,13106.0,111.72
2026-09-28T21:10:26.880532,4,0.0,20702.0,83.79
2026-09-28T21:10:26.880532,5,99.0,16520.0,449.58
2026-09-28T21:10:26.880532,6,0.0,9328.0,79.32
2026-09-28T21:10:26.880532,7,100.0,13106.0,111.89
2026-09-28T21:10:27.880627,4,0.0,20702.0,83.51
2026-09-28T21:10:27.880627,5,99.0,16520.0,449.6
2026-09-28T21:10:27.880627,6,0.0,9328.0,79.46
2026-09-28T21:10:27.880627,7,100.0,13106.0,112.04
2026-09-28T21:10:28.881006,4,0.0,20702.0,82.93
2026-09-28T21:10:28.881006,5,95.0,16520.0,447.85
2026-09-28T21:10:28.881006,6,0.0,9328.0,79.52
2026-09-28T21:10:28.881006,7,100.0,13106.0,111.79
2026-09-28T21:10:29.880336,4,0.0,20702.0,83.07
2026-09-28T21:10:29.880336,5,92.0,16520.0,446.61
2026-09-28T21:10:29.880336,6,0.0,9328.0,79.35
2026-09-28T21:10:29.880336,7,100.0,13106.0,111.8
2026-09-28T21:10:30.916729,4,0.0,20702.0,77.46
2026-09-28T21:10:30.916729,5,96.0,16520.0,447.35
2026-09-28T21:10:30.916729,6,0.0,9328.0,79.29
2026-09-28T21:10:30.916729,7,100.0,13106.0,112.19
2026-09-28T21:10:31.884336,4,0.0,20702.0,52.96
2026-09-28T21:10:31.884336,5,99.0,16520.0,450.1
2026-09-28T21:10:31.884336,6,0.0,9328.0,79.35
2026-09-28T21:10:31.884336,7,100.0,13106.0,112.3
2026-09-28T21:10:32.883227,4,0.0,20702.0,29.07
2026-09-28T21:10:32.883227,5,99.0,16520.0,449.7
2026-09-28T21:10:32.883227,6,0.0,9328.0,79.36
2026-09-28T21:10:32.883227,7,100.0,13106.0,111.83
2026-09-28T21:10:33.883263,4,0.0,20702.0,23.04
2026-09-28T21:10:33.883263,5,99.0,16520.0,449.41
2026-09-28T21:10:33.883263,6,0.0,9328.0,79.4
2026-09-28T21:10:33.883263,7,100.0,13106.0,111.9
2026-09-28T21:10:34.885300,4,0.0,20702.0,22.2
2026-09-28T21:10:34.885300,5,95.0,16520.0,448.54
2026-09-28T21:10:34.885300,6,0.0,9328.0,68.85
2026-09-28T21:10:34.885300,7,100.0,13106.0,112.08
2026-09-28T21:10:35.885682,4,0.0,20702.0,21.85
2026-09-28T21:10:35.885682,5,99.0,16520.0,450.01
2026-09-28T21:10:35.885682,6,0.0,9328.0,43.69
2026-09-28T21:10:35.885682,7,100.0,13106.0,112.11
2026-09-28T21:10:36.888440,4,0.0,20702.0,21.71
2026-09-28T21:10:36.888440,5,95.0,16520.0,448.29
2026-09-28T21:10:36.888440,6,0.0,9328.0,25.69
2026-09-28T21:10:36.888440,7,100.0,13106.0,111.97
2026-09-28T21:10:37.900492,4,0.0,20702.0,21.56
2026-09-28T21:10:37.900492,5,95.0,16520.0,447.87
2026-09-28T21:10:37.900492,6,0.0,9328.0,22.24
2026-09-28T21:10:37.900492,7,100.0,13106.0,111.91
2026-09-28T21:10:38.892896,4,0.0,20702.0,21.61
2026-09-28T21:10:38.892896,5,99.0,16520.0,449.46
2026-09-28T21:10:38.892896,6,0.0,9328.0,22.15
2026-09-28T21:10:38.892896,7,100.0,13106.0,111.96
2026-09-28T21:10:39.881663,4,0.0,20702.0,21.6
2026-09-28T21:10:39.881663,5,95.0,16520.0,448.41
2026-09-28T21:10:39.881663,6,0.0,9328.0,22.03
2026-09-28T21:10:39.881663,7,100.0,13106.0,111.98
2026-09-28T21:10:40.900817,4,0.0,20702.0,21.34
2026-09-28T21:10:40.900817,5,95.0,16520.0,448.33
2026-09-28T21:10:40.900817,6,0.0,9328.0,21.98
2026-09-28T21:10:40.900817,7,100.0,13106.0,111.88
2026-09-28T21:10:41.885467,4,0.0,20702.0,21.3
2026-09-28T21:10:41.885467,5,95.0,16520.0,448.51
2026-09-28T21:10:41.885467,6,0.0,9328.0,22.14
2026-09-28T21:10:41.885467,7,100.0,13106.0,111.7
2026-09-28T21:10:42.895226,4,0.0,20702.0,21.27
2026-09-28T21:10:42.895226,5,99.0,16520.0,449.08
2026-09-28T21:10:42.895226,6,0.0,9328.0,22.24
2026-09-28T21:10:42.895226,7,100.0,13106.0,111.69
2026-09-28T21:10:43.958549,4,0.0,20702.0,21.16
2026-09-28T21:10:43.958549,5,99.0,16520.0,447.76
2026-09-28T21:10:43.958549,6,0.0,9328.0,22.07
2026-09-28T21:10:43.958549,7,100.0,13106.0,111.85
2026-09-28T21:10:44.886495,4,0.0,20702.0,21.06
2026-09-28T21:10:44.886495,5,96.0,16520.0,447.63
2026-09-28T21:10:44.886495,6,0.0,9328.0,21.87
2026-09-28T21:10:44.886495,7,100.0,13106.0,112.21
2026-09-28T21:10:45.884628,4,0.0,20702.0,20.95
2026-09-28T21:10:45.884628,5,92.0,16520.0,445.62
2026-09-28T21:10:45.884628,6,0.0,9328.0,21.73
2026-09-28T21:10:45.884628,7,100.0,13106.0,112.07
2026-09-28T21:10:46.886547,4,0.0,20702.0,21.07
2026-09-28T21:10:46.886547,5,99.0,16520.0,448.16
2026-09-28T21:10:46.886547,6,0.0,9328.0,21.83
2026-09-28T21:10:46.886547,7,100.0,13106.0,112.43
2026-09-28T21:10:47.884300,4,0.0,20702.0,21.22
2026-09-28T21:10:47.884300,5,90.0,16520.0,445.99
2026-09-28T21:10:47.884300,6,0.0,9328.0,21.91
2026-09-28T21:10:47.884300,7,100.0,13106.0,112.04
2026-09-28T21:10:48.888083,4,0.0,20702.0,21.2
2026-09-28T21:10:48.888083,5,95.0,16520.0,445.55
2026-09-28T21:10:48.888083,6,0.0,9328.0,21.82
2026-09-28T21:10:48.888083,7,100.0,13106.0,112.28
2026-09-28T21:10:49.938837,4,0.0,20702.0,21.2
2026-09-28T21:10:49.938837,5,0.0,16520.0,175.36
2026-09-28T21:10:49.938837,6,90.0,9328.0,124.43
2026-09-28T21:10:49.938837,7,87.0,13106.0,279.8
2026-09-28T21:10:50.887562,4,0.0,20702.0,21.24
2026-09-28T21:10:50.887562,5,0.0,16520.0,117.42
2026-09-28T21:10:50.887562,6,87.0,9328.0,333.42
2026-09-28T21:10:50.887562,7,84.0,13106.0,386.74
2026-09-28T21:10:51.887634,4,0.0,20702.0,21.13
2026-09-28T21:10:51.887634,5,0.0,16520.0,109.81
2026-09-28T21:10:51.887634,6,96.0,9328.0,333.31
2026-09-28T21:10:51.887634,7,96.0,13106.0,386.29
2026-09-28T21:10:52.885405,4,0.0,20702.0,20.9
2026-09-28T21:10:52.885405,5,0.0,16520.0,102.46
2026-09-28T21:10:52.885405,6,95.0,9328.0,337.64
2026-09-28T21:10:52.885405,7,96.0,13106.0,392.59
2026-09-28T21:10:53.886632,4,0.0,20702.0,20.81
2026-09-28T21:10:53.886632,5,0.0,16520.0,102.44
2026-09-28T21:10:53.886632,6,91.0,9328.0,333.62
2026-09-28T21:10:53.886632,7,94.0,13106.0,400.97
2026-09-28T21:10:54.885934,4,0.0,20702.0,20.76
2026-09-28T21:10:54.885934,5,0.0,16520.0,102.18
2026-09-28T21:10:54.885934,6,83.0,9328.0,329.87
2026-09-28T21:10:54.885934,7,88.0,13106.0,402.81
2026-09-28T21:10:55.904038,4,0.0,20702.0,20.75
2026-09-28T21:10:55.904038,5,0.0,16520.0,101.7
2026-09-28T21:10:55.904038,6,88.0,9328.0,332.38
2026-09-28T21:10:55.904038,7,86.0,13106.0,403.16
2026-09-28T21:10:56.889604,4,0.0,20702.0,20.79
2026-09-28T21:10:56.889604,5,0.0,16520.0,100.97
2026-09-28T21:10:56.889604,6,96.0,9328.0,347.64
2026-09-28T21:10:56.889604,7,96.0,13106.0,401.46
2026-09-28T21:10:57.889274,4,0.0,20702.0,20.66
2026-09-28T21:10:57.889274,5,0.0,16520.0,100.32
2026-09-28T21:10:57.889274,6,96.0,9328.0,338.84
2026-09-28T21:10:57.889274,7,96.0,13106.0,402.07
2026-09-28T21:10:58.890476,4,0.0,20702.0,20.6
2026-09-28T21:10:58.890476,5,0.0,16520.0,99.85
2026-09-28T21:10:58.890476,6,91.0,9328.0,347.07
2026-09-28T21:10:58.890476,7,92.0,13106.0,407.95
2026-09-28T21:10:59.886171,4,0.0,20702.0,20.7
2026-09-28T21:10:59.886171,5,0.0,16520.0,99.3
2026-09-28T21:10:59.886171,6,84.0,9328.0,340.32
2026-09-28T21:10:59.886171,7,89.0,13106.0,403.21
2026-09-28T21:11:00.890543,4,0.0,20702.0,20.74
2026-09-28T21:11:00.890543,5,0.0,16520.0,98.36
2026-09-28T21:11:00.890543,6,96.0,9328.0,332.64
2026-09-28T21:11:00.890543,7,86.0,13106.0,412.55
2026-09-28T21:11:01.888550,4,0.0,20702.0,20.73
2026-09-28T21:11:01.888550,5,0.0,16520.0,97.6
2026-09-28T21:11:01.888550,6,95.0,9328.0,342.57
2026-09-28T21:11:01.888550,7,96.0,13106.0,407.44
2026-09-28T21:11:02.906756,4,0.0,20702.0,20.73
2026-09-28T21:11:02.906756,5,0.0,16520.0,97.28
2026-09-28T21:11:02.906756,6,94.0,9328.0,347.32
2026-09-28T21:11:02.906756,7,96.0,13106.0,404.81
2026-09-28T21:11:03.887253,4,0.0,20702.0,20.72
2026-09-28T21:11:03.887253,5,0.0,16520.0,96.91
2026-09-28T21:11:03.887253,6,90.0,9328.0,337.27
2026-09-28T21:11:03.887253,7,93.0,13106.0,405.44
2026-09-28T21:11:04.885647,4,0.0,20702.0,20.47
2026-09-28T21:11:04.885647,5,0.0,16520.0,96.57
2026-09-28T21:11:04.885647,6,93.0,9328.0,333.62
2026-09-28T21:11:04.885647,7,88.0,13106.0,411.81
2026-09-28T21:11:05.888721,4,0.0,20702.0,20.49
2026-09-28T21:11:05.888721,5,0.0,16520.0,96.07
2026-09-28T21:11:05.888721,6,91.0,9328.0,341.63
2026-09-28T21:11:05.888721,7,85.0,13106.0,406.26
2026-09-28T21:11:06.890428,4,0.0,20702.0,20.83
2026-09-28T21:11:06.890428,5,0.0,16520.0,79.07
2026-09-28T21:11:06.890428,6,96.0,9328.0,342.7
2026-09-28T21:11:06.890428,7,95.0,13106.0,403.83
2026-09-28T21:11:07.891878,4,0.0,20702.0,20.82
2026-09-28T21:11:07.891878,5,0.0,16520.0,51.49
2026-09-28T21:11:07.891878,6,96.0,9328.0,339.47
2026-09-28T21:11:07.891878,7,95.0,13106.0,398.53
2026-09-28T21:11:08.936879,4,0.0,20702.0,20.71
2026-09-28T21:11:08.936879,5,0.0,16520.0,37.74
2026-09-28T21:11:08.936879,6,93.0,9328.0,344.85
2026-09-28T21:11:08.936879,7,94.0,13106.0,400.84
2026-09-28T21:11:09.890506,4,0.0,20702.0,20.77
2026-09-28T21:11:09.890506,5,0.0,16520.0,34.44
2026-09-28T21:11:09.890506,6,81.0,9328.0,336.45
2026-09-28T21:11:09.890506,7,87.0,13106.0,403.22
2026-09-28T21:11:10.890130,4,0.0,20702.0,20.96
2026-09-28T21:11:10.890130,5,0.0,16520.0,33.98
2026-09-28T21:11:10.890130,6,85.0,9328.0,331.89
2026-09-28T21:11:10.890130,7,85.0,13106.0,413.52
2026-09-28T21:11:11.891588,4,0.0,20702.0,20.92
2026-09-28T21:11:11.891588,5,0.0,16520.0,33.9
2026-09-28T21:11:11.891588,6,95.0,9328.0,338.0
2026-09-28T21:11:11.891588,7,95.0,13106.0,414.8
2026-09-28T21:11:12.894921,4,0.0,20702.0,20.75
2026-09-28T21:11:12.894921,5,0.0,16520.0,33.76
2026-09-28T21:11:12.894921,6,95.0,9328.0,346.48
2026-09-28T21:11:12.894921,7,96.0,13106.0,414.21
2026-09-28T21:11:13.888652,4,0.0,20702.0,20.86
2026-09-28T21:11:13.888652,5,0.0,16520.0,33.51
2026-09-28T21:11:13.888652,6,90.0,9328.0,331.71
2026-09-28T21:11:13.888652,7,95.0,13106.0,415.19
2026-09-28T21:11:14.942048,4,0.0,20702.0,20.89
2026-09-28T21:11:14.942048,5,0.0,16520.0,33.18
2026-09-28T21:11:14.942048,6,82.0,9328.0,333.47
2026-09-28T21:11:14.942048,7,89.0,13106.0,411.49
2026-09-28T21:11:15.890710,4,0.0,20702.0,20.82
2026-09-28T21:11:15.890710,5,0.0,16520.0,32.92
2026-09-28T21:11:15.890710,6,87.0,9328.0,346.02
2026-09-28T21:11:15.890710,7,83.0,13106.0,410.78
2026-09-28T21:11:16.893362,4,0.0,20702.0,20.79
2026-09-28T21:11:16.893362,5,0.0,16520.0,32.68
2026-09-28T21:11:16.893362,6,95.0,9328.0,345.65
2026-09-28T21:11:16.893362,7,97.0,13106.0,410.11
2026-09-28T21:11:17.898751,4,0.0,20702.0,20.76
2026-09-28T21:11:17.898751,5,0.0,16520.0,32.54
2026-09-28T21:11:17.898751,6,96.0,9328.0,340.68
2026-09-28T21:11:17.898751,7,97.0,13106.0,414.14
2026-09-28T21:11:18.889807,4,0.0,20702.0,20.75
2026-09-28T21:11:18.889807,5,0.0,16520.0,32.52
2026-09-28T21:11:18.889807,6,92.0,9328.0,343.62
2026-09-28T21:11:18.889807,7,95.0,13106.0,416.64
2026-09-28T21:11:19.889204,4,0.0,20702.0,20.8
2026-09-28T21:11:19.889204,5,0.0,16520.0,32.63
2026-09-28T21:11:19.889204,6,81.0,9328.0,332.44
2026-09-28T21:11:19.889204,7,87.0,13106.0,415.74
2026-09-28T21:11:20.925560,4,0.0,20702.0,20.78
2026-09-28T21:11:20.925560,5,0.0,16520.0,32.69
2026-09-28T21:11:20.925560,6,87.0,9328.0,335.86
2026-09-28T21:11:20.925560,7,85.0,13106.0,412.9
2026-09-28T21:11:21.891233,4,0.0,20702.0,20.65
2026-09-28T21:11:21.891233,5,0.0,16520.0,32.55
2026-09-28T21:11:21.891233,6,95.0,9328.0,334.92
2026-09-28T21:11:21.891233,7,97.0,13106.0,416.98
2026-09-28T21:11:22.888465,4,0.0,20702.0,20.5
2026-09-28T21:11:22.888465,5,0.0,16520.0,32.33
2026-09-28T21:11:22.888465,6,94.0,9328.0,331.94
2026-09-28T21:11:22.888465,7,96.0,13106.0,415.5
2026-09-28T21:11:23.888070,4,0.0,20702.0,20.43
2026-09-28T21:11:23.888070,5,0.0,16520.0,32.37
2026-09-28T21:11:23.888070,6,91.0,9328.0,347.98
2026-09-28T21:11:23.888070,7,91.0,13106.0,413.07
2026-09-28T21:11:24.889223,4,0.0,20702.0,20.42
2026-09-28T21:11:24.889223,5,0.0,16520.0,32.39
2026-09-28T21:11:24.889223,6,83.0,9328.0,344.39
2026-09-28T21:11:24.889223,7,88.0,13106.0,409.73
2026-09-28T21:11:25.889636,4,0.0,20702.0,20.45
2026-09-28T21:11:25.889636,5,0.0,16520.0,32.35
2026-09-28T21:11:25.889636,6,87.0,9328.0,351.92
2026-09-28T21:11:25.889636,7,85.0,13106.0,410.46
2026-09-28T21:11:26.947011,4,0.0,20702.0,20.58
2026-09-28T21:11:26.947011,5,0.0,16520.0,32.37
2026-09-28T21:11:26.947011,6,95.0,9328.0,344.19
2026-09-28T21:11:26.947011,7,97.0,13106.0,420.55
2026-09-28T21:11:27.891840,4,0.0,20702.0,20.61
2026-09-28T21:11:27.891840,5,0.0,16520.0,32.14
2026-09-28T21:11:27.891840,6,94.0,9328.0,338.79
2026-09-28T21:11:27.891840,7,97.0,13106.0,415.53
2026-09-28T21:11:28.892371,4,0.0,20702.0,20.6
2026-09-28T21:11:28.892371,5,0.0,16520.0,32.12
2026-09-28T21:11:28.892371,6,81.0,9328.0,343.14
2026-09-28T21:11:28.892371,7,91.0,13106.0,421.34
2026-09-28T21:11:29.889609,4,0.0,20702.0,20.71
2026-09-28T21:11:29.889609,5,0.0,16520.0,32.01
2026-09-28T21:11:29.889609,6,79.0,9328.0,353.14
2026-09-28T21:11:29.889609,7,92.0,13106.0,417.21
2026-09-28T21:11:30.894650,4,0.0,20702.0,20.88
2026-09-28T21:11:30.894650,5,0.0,16520.0,31.81
2026-09-28T21:11:30.894650,6,97.0,9328.0,335.24
2026-09-28T21:11:30.894650,7,86.0,13106.0,416.43
2026-09-28T21:11:31.893127,4,0.0,20702.0,20.59
2026-09-28T21:11:31.893127,5,0.0,16520.0,31.71
2026-09-28T21:11:31.893127,6,95.0,9328.0,344.89
2026-09-28T21:11:31.893127,7,97.0,13106.0,416.01
2026-09-28T21:11:32.935869,4,0.0,20702.0,20.27
2026-09-28T21:11:32.935869,5,0.0,16520.0,31.64
2026-09-28T21:11:32.935869,6,96.0,9328.0,336.04
2026-09-28T21:11:32.935869,7,96.0,13106.0,417.87
2026-09-28T21:11:33.890382,4,0.0,20702.0,20.26
2026-09-28T21:11:33.890382,5,0.0,16520.0,31.69
2026-09-28T21:11:33.890382,6,83.0,9328.0,337.97
2026-09-28T21:11:33.890382,7,88.0,13106.0,418.51
2026-09-28T21:11:34.898049,4,0.0,20702.0,20.53
2026-09-28T21:11:34.898049,5,0.0,16520.0,31.81
2026-09-28T21:11:34.898049,6,84.0,9328.0,346.47
2026-09-28T21:11:34.898049,7,90.0,13106.0,421.02
2026-09-28T21:11:35.892820,4,0.0,20702.0,20.73
2026-09-28T21:11:35.892820,5,0.0,16520.0,31.92
2026-09-28T21:11:35.892820,6,95.0,9328.0,347.63
2026-09-28T21:11:35.892820,7,97.0,13106.0,423.77
2026-09-28T21:11:36.895098,4,0.0,20702.0,20.58
2026-09-28T21:11:36.895098,5,0.0,16520.0,31.77
2026-09-28T21:11:36.895098,6,94.0,9328.0,345.04
2026-09-28T21:11:36.895098,7,96.0,13106.0,417.97
2026-09-28T21:11:37.892378,4,0.0,20702.0,20.47
2026-09-28T21:11:37.892378,5,0.0,16520.0,31.75
2026-09-28T21:11:37.892378,6,94.0,9328.0,346.93
2026-09-28T21:11:37.892378,7,95.0,13106.0,410.4
2026-09-28T21:11:38.935447,4,0.0,20702.0,20.44
2026-09-28T21:11:38.935447,5,0.0,16520.0,31.81
2026-09-28T21:11:38.935447,6,81.0,9328.0,337.47
2026-09-28T21:11:38.935447,7,86.0,13106.0,415.83
2026-09-28T21:11:39.897018,4,0.0,20702.0,20.48
2026-09-28T21:11:39.897018,5,0.0,16520.0,31.75
2026-09-28T21:11:39.897018,6,86.0,9328.0,348.18
2026-09-28T21:11:39.897018,7,81.0,13106.0,410.92
2026-09-28T21:11:40.898143,4,0.0,20702.0,20.5
2026-09-28T21:11:40.898143,5,0.0,16520.0,31.61
2026-09-28T21:11:40.898143,6,95.0,9328.0,356.88
2026-09-28T21:11:40.898143,7,96.0,13106.0,412.4
2026-09-28T21:11:41.899951,4,0.0,20702.0,20.39
2026-09-28T21:11:41.899951,5,0.0,16520.0,31.35
2026-09-28T21:11:41.899951,6,95.0,9328.0,345.95
2026-09-28T21:11:41.899951,7,96.0,13106.0,412.21
2026-09-28T21:11:42.892734,4,0.0,20702.0,20.16
2026-09-28T21:11:42.892734,5,0.0,16520.0,31.33
2026-09-28T21:11:42.892734,6,91.0,9328.0,335.24
2026-09-28T21:11:42.892734,7,93.0,13106.0,419.27
2026-09-28T21:11:43.893163,4,0.0,20702.0,20.17
2026-09-28T21:11:43.893163,5,0.0,16520.0,31.57
2026-09-28T21:11:43.893163,6,84.0,9328.0,349.29
2026-09-28T21:11:43.893163,7,86.0,13106.0,409.82
2026-09-28T21:11:44.933043,4,0.0,20702.0,20.25
2026-09-28T21:11:44.933043,5,0.0,16520.0,31.72
2026-09-28T21:11:44.933043,6,86.0,9328.0,357.39
2026-09-28T21:11:44.933043,7,82.0,13106.0,413.08
2026-09-28T21:11:45.896468,4,0.0,20702.0,20.16
2026-09-28T21:11:45.896468,5,0.0,16520.0,31.86
2026-09-28T21:11:45.896468,6,95.0,9328.0,346.91
2026-09-28T21:11:45.896468,7,97.0,13106.0,411.44
2026-09-28T21:11:46.894813,4,0.0,20702.0,20.25
2026-09-28T21:11:46.894813,5,0.0,16520.0,32.01
2026-09-28T21:11:46.894813,6,95.0,9328.0,344.26
2026-09-28T21:11:46.894813,7,96.0,13106.0,418.74
2026-09-28T21:11:47.889451,4,0.0,20702.0,20.36
2026-09-28T21:11:47.889451,5,0.0,16520.0,32.03
2026-09-28T21:11:47.889451,6,91.0,9328.0,343.61
2026-09-28T21:11:47.889451,7,95.0,13106.0,417.47
2026-09-28T21:11:48.889992,4,0.0,20702.0,20.38
2026-09-28T21:11:48.889992,5,0.0,16520.0,31.66
2026-09-28T21:11:48.889992,6,84.0,9328.0,343.18
2026-09-28T21:11:48.889992,7,89.0,13106.0,417.79
2026-09-28T21:11:49.894313,4,0.0,20702.0,20.4
2026-09-28T21:11:49.894313,5,0.0,16520.0,31.41
2026-09-28T21:11:49.894313,6,87.0,9328.0,351.35
2026-09-28T21:11:49.894313,7,85.0,13106.0,421.06
2026-09-28T21:11:50.907773,4,0.0,20702.0,20.34
2026-09-28T21:11:50.907773,5,0.0,16520.0,31.63
2026-09-28T21:11:50.907773,6,95.0,9328.0,341.66
2026-09-28T21:11:50.907773,7,96.0,13106.0,415.41
2026-09-28T21:11:51.903854,4,0.0,20702.0,20.26
2026-09-28T21:11:51.903854,5,0.0,16520.0,31.71
2026-09-28T21:11:51.903854,6,96.0,9328.0,345.69
2026-09-28T21:11:51.903854,7,96.0,13106.0,412.31
2026-09-28T21:11:52.895092,4,0.0,20702.0,20.25
2026-09-28T21:11:52.895092,5,0.0,16520.0,31.58
2026-09-28T21:11:52.895092,6,91.0,9328.0,359.29
2026-09-28T21:11:52.895092,7,93.0,13106.0,418.34
2026-09-28T21:11:53.892254,4,0.0,20702.0,20.4
2026-09-28T21:11:53.892254,5,0.0,16520.0,31.34
2026-09-28T21:11:53.892254,6,88.0,9328.0,357.31
2026-09-28T21:11:53.892254,7,88.0,13106.0,419.61
2026-09-28T21:11:54.894139,4,0.0,20702.0,20.52
2026-09-28T21:11:54.894139,5,0.0,16520.0,31.17
2026-09-28T21:11:54.894139,6,87.0,9328.0,366.65
2026-09-28T21:11:54.894139,7,84.0,13106.0,412.91
2026-09-28T21:11:55.893996,4,0.0,20702.0,20.57
2026-09-28T21:11:55.893996,5,0.0,16520.0,31.25
2026-09-28T21:11:55.893996,6,95.0,9328.0,350.48
2026-09-28T21:11:55.893996,7,96.0,13106.0,413.84
2026-09-28T21:11:56.898103,4,0.0,20702.0,20.47
2026-09-28T21:11:56.898103,5,0.0,16520.0,31.48
2026-09-28T21:11:56.898103,6,96.0,9328.0,351.55
2026-09-28T21:11:56.898103,7,95.0,13106.0,414.27
2026-09-28T21:11:57.909941,4,0.0,20702.0,20.35
2026-09-28T21:11:57.909941,5,0.0,16520.0,31.62
2026-09-28T21:11:57.909941,6,92.0,9328.0,356.82
2026-09-28T21:11:57.909941,7,93.0,13106.0,409.5
2026-09-28T21:11:58.894393,4,0.0,20702.0,20.43
2026-09-28T21:11:58.894393,5,0.0,16520.0,31.77
2026-09-28T21:11:58.894393,6,83.0,9328.0,359.41
2026-09-28T21:11:58.894393,7,88.0,13106.0,418.72
2026-09-28T21:11:59.897204,4,0.0,20702.0,20.62
2026-09-28T21:11:59.897204,5,0.0,16520.0,31.78
2026-09-28T21:11:59.897204,6,88.0,9328.0,354.62
2026-09-28T21:11:59.897204,7,84.0,13106.0,417.97
2026-09-28T21:12:00.892429,4,0.0,20702.0,20.54
2026-09-28T21:12:00.892429,5,0.0,16520.0,31.73
2026-09-28T21:12:00.892429,6,12.0,9328.0,234.73
2026-09-28T21:12:00.892429,7,68.0,13106.0,285.39
2026-09-28T21:12:01.896964,4,100.0,20702.0,423.89
2026-09-28T21:12:01.896964,5,0.0,16520.0,31.91
2026-09-28T21:12:01.896964,6,0.0,9328.0,115.15
2026-09-28T21:12:01.896964,7,100.0,13106.0,146.86
2026-09-28T21:12:02.893462,4,63.0,20702.0,421.25
2026-09-28T21:12:02.893462,5,0.0,16520.0,31.93
2026-09-28T21:12:02.893462,6,0.0,9328.0,112.74
2026-09-28T21:12:02.893462,7,100.0,13106.0,141.81
2026-09-28T21:12:03.969671,4,0.0,20702.0,259.46
2026-09-28T21:12:03.969671,5,0.0,16520.0,31.78
2026-09-28T21:12:03.969671,6,0.0,9328.0,104.19
2026-09-28T21:12:03.969671,7,100.0,13106.0,141.92
2026-09-28T21:12:04.893189,4,64.0,20702.0,196.3
2026-09-28T21:12:04.893189,5,0.0,16520.0,31.84
2026-09-28T21:12:04.893189,6,0.0,9328.0,99.1
2026-09-28T21:12:04.893189,7,100.0,13106.0,142.07
2026-09-28T21:12:05.906263,4,74.0,20702.0,306.8
2026-09-28T21:12:05.906263,5,0.0,16520.0,32.15
2026-09-28T21:12:05.906263,6,0.0,9328.0,94.4
2026-09-28T21:12:05.906263,7,100.0,13106.0,142.48
2026-09-28T21:12:06.899084,4,74.0,20702.0,309.99
2026-09-28T21:12:06.899084,5,0.0,16520.0,32.28
2026-09-28T21:12:06.899084,6,0.0,9328.0,94.18
2026-09-28T21:12:06.899084,7,100.0,13106.0,141.85
2026-09-28T21:12:07.895126,4,76.0,20702.0,314.07
2026-09-28T21:12:07.895126,5,0.0,16520.0,32.33
2026-09-28T21:12:07.895126,6,0.0,9328.0,93.85
2026-09-28T21:12:07.895126,7,100.0,13106.0,141.74
2026-09-28T21:12:08.888580,4,72.0,20702.0,314.62
2026-09-28T21:12:08.888580,5,0.0,16520.0,32.34
2026-09-28T21:12:08.888580,6,0.0,9328.0,93.55
2026-09-28T21:12:08.888580,7,100.0,13106.0,141.01
2026-09-28T21:12:09.930966,4,75.0,20702.0,315.95
2026-09-28T21:12:09.930966,5,0.0,16520.0,32.4
2026-09-28T21:12:09.930966,6,0.0,9328.0,93.23
2026-09-28T21:12:09.930966,7,100.0,13106.0,140.45
2026-09-28T21:12:10.893093,4,71.0,20702.0,316.39
2026-09-28T21:12:10.893093,5,0.0,16520.0,32.49
2026-09-28T21:12:10.893093,6,0.0,9328.0,92.65
2026-09-28T21:12:10.893093,7,100.0,13106.0,139.53
2026-09-28T21:12:11.897442,4,72.0,20702.0,317.64
2026-09-28T21:12:11.897442,5,0.0,16520.0,32.31
2026-09-28T21:12:11.897442,6,0.0,9328.0,91.94
2026-09-28T21:12:11.897442,7,100.0,13106.0,138.93
2026-09-28T21:12:12.895779,4,72.0,20702.0,318.75
2026-09-28T21:12:12.895779,5,0.0,16520.0,31.95
2026-09-28T21:12:12.895779,6,0.0,9328.0,90.87
2026-09-28T21:12:12.895779,7,100.0,13106.0,138.17
2026-09-28T21:12:13.897573,4,78.0,20702.0,320.18
2026-09-28T21:12:13.897573,5,0.0,16520.0,31.89
2026-09-28T21:12:13.897573,6,0.0,9328.0,89.37
2026-09-28T21:12:13.897573,7,100.0,13106.0,137.28
2026-09-28T21:12:14.895273,4,80.0,20702.0,323.08
2026-09-28T21:12:14.895273,5,0.0,16520.0,32.09
2026-09-28T21:12:14.895273,6,0.0,9328.0,87.73
2026-09-28T21:12:14.895273,7,100.0,13106.0,136.24
2026-09-28T21:12:15.935754,4,74.0,20702.0,324.49
2026-09-28T21:12:15.935754,5,0.0,16520.0,32.06
2026-09-28T21:12:15.935754,6,0.0,9328.0,86.2
2026-09-28T21:12:15.935754,7,100.0,13106.0,135.53
2026-09-28T21:12:16.894659,4,0.0,20702.0,250.97
2026-09-28T21:12:16.894659,5,0.0,16520.0,32.05
2026-09-28T21:12:16.894659,6,0.0,9328.0,84.99
2026-09-28T21:12:16.894659,7,100.0,13106.0,134.22
2026-09-28T21:12:17.895859,4,76.0,20702.0,259.31
2026-09-28T21:12:17.895859,5,0.0,16520.0,32.19
2026-09-28T21:12:17.895859,6,0.0,9328.0,84.23
2026-09-28T21:12:17.895859,7,100.0,13106.0,133.1
2026-09-28T21:12:18.896047,4,77.0,20702.0,327.76
2026-09-28T21:12:18.896047,5,0.0,16520.0,31.99
2026-09-28T21:12:18.896047,6,0.0,9328.0,83.93
2026-09-28T21:12:18.896047,7,100.0,13106.0,132.0
2026-09-28T21:12:19.899962,4,75.0,20702.0,330.02
2026-09-28T21:12:19.899962,5,0.0,16520.0,31.79
2026-09-28T21:12:19.899962,6,0.0,9328.0,66.26
2026-09-28T21:12:19.899962,7,100.0,13106.0,130.73
2026-09-28T21:12:20.898365,4,79.0,20702.0,330.29
2026-09-28T21:12:20.898365,5,0.0,16520.0,31.9
2026-09-28T21:12:20.898365,6,0.0,9328.0,38.02
2026-09-28T21:12:20.898365,7,100.0,13106.0,129.99
2026-09-28T21:12:21.915941,4,82.0,20702.0,335.6
2026-09-28T21:12:21.915941,5,0.0,16520.0,31.76
2026-09-28T21:12:21.915941,6,0.0,9328.0,25.92
2026-09-28T21:12:21.915941,7,100.0,13106.0,129.19
2026-09-28T21:12:22.902383,4,79.0,20702.0,336.24
2026-09-28T21:12:22.902383,5,0.0,16520.0,31.49
2026-09-28T21:12:22.902383,6,0.0,9328.0,24.43
2026-09-28T21:12:22.902383,7,100.0,13106.0,128.42
2026-09-28T21:12:23.898501,4,83.0,20702.0,336.73
2026-09-28T21:12:23.898501,5,0.0,16520.0,31.14
2026-09-28T21:12:23.898501,6,0.0,9328.0,24.35
2026-09-28T21:12:23.898501,7,100.0,13106.0,127.55
2026-09-28T21:12:24.899721,4,83.0,20702.0,337.61
2026-09-28T21:12:24.899721,5,0.0,16520.0,31.08
2026-09-28T21:12:24.899721,6,0.0,9328.0,24.27
2026-09-28T21:12:24.899721,7,100.0,13106.0,126.18
2026-09-28T21:12:25.900723,4,79.0,20702.0,333.15
2026-09-28T21:12:25.900723,5,0.0,16520.0,31.1
2026-09-28T21:12:25.900723,6,0.0,9328.0,24.1
2026-09-28T21:12:25.900723,7,100.0,13106.0,124.86
2026-09-28T21:12:26.895047,4,81.0,20702.0,331.62
2026-09-28T21:12:26.895047,5,0.0,16520.0,30.9
2026-09-28T21:12:26.895047,6,0.0,9328.0,23.77
2026-09-28T21:12:26.895047,7,100.0,13106.0,123.8
2026-09-28T21:12:27.925319,4,83.0,20702.0,331.58
2026-09-28T21:12:27.925319,5,0.0,16520.0,31.0
2026-09-28T21:12:27.925319,6,0.0,9328.0,23.39
2026-09-28T21:12:27.925319,7,100.0,13106.0,122.8
2026-09-28T21:12:28.903552,4,83.0,20702.0,333.36
2026-09-28T21:12:28.903552,5,0.0,16520.0,31.11
2026-09-28T21:12:28.903552,6,0.0,9328.0,23.23
2026-09-28T21:12:28.903552,7,100.0,13106.0,122.14
2026-09-28T21:12:29.899894,4,81.0,20702.0,334.08
2026-09-28T21:12:29.899894,5,0.0,16520.0,30.92
2026-09-28T21:12:29.899894,6,0.0,9328.0,23.06
2026-09-28T21:12:29.899894,7,100.0,13106.0,121.42
2026-09-28T21:12:30.900273,4,82.0,20702.0,334.14
2026-09-28T21:12:30.900273,5,0.0,16520.0,30.9
2026-09-28T21:12:30.900273,6,0.0,9328.0,23.0
2026-09-28T21:12:30.900273,7,100.0,13106.0,120.81
2026-09-28T21:12:31.899785,4,80.0,20702.0,334.96
2026-09-28T21:12:31.899785,5,0.0,16520.0,31.2
2026-09-28T21:12:31.899785,6,0.0,9328.0,22.97
2026-09-28T21:12:31.899785,7,100.0,13106.0,119.58
2026-09-28T21:12:32.896886,4,84.0,20702.0,336.37
2026-09-28T21:12:32.896886,5,0.0,16520.0,31.41
2026-09-28T21:12:32.896886,6,0.0,9328.0,22.91
2026-09-28T21:12:32.896886,7,100.0,13106.0,117.09
2026-09-28T21:12:33.893392,4,84.0,20702.0,334.84
2026-09-28T21:12:33.893392,5,0.0,16520.0,31.38
2026-09-28T21:12:33.893392,6,0.0,9328.0,22.84
2026-09-28T21:12:33.893392,7,100.0,13106.0,117.17
2026-09-28T21:12:34.917240,4,85.0,20702.0,332.85
2026-09-28T21:12:34.917240,5,0.0,16520.0,31.24
2026-09-28T21:12:34.917240,6,0.0,9328.0,22.71
2026-09-28T21:12:34.917240,7,100.0,13106.0,116.91
2026-09-28T21:12:35.901729,4,86.0,20702.0,327.16
2026-09-28T21:12:35.901729,5,0.0,16520.0,31.03
2026-09-28T21:12:35.901729,6,0.0,9328.0,22.68
2026-09-28T21:12:35.901729,7,100.0,13106.0,116.47
2026-09-28T21:12:36.897091,4,85.0,20702.0,321.32
2026-09-28T21:12:36.897091,5,0.0,16520.0,31.0
2026-09-28T21:12:36.897091,6,0.0,9328.0,22.75
2026-09-28T21:12:36.897091,7,100.0,13106.0,116.56
2026-09-28T21:12:37.897585,4,86.0,20702.0,319.07
2026-09-28T21:12:37.897585,5,0.0,16520.0,31.12
2026-09-28T21:12:37.897585,6,0.0,9328.0,22.71
2026-09-28T21:12:37.897585,7,100.0,13106.0,116.15
2026-09-28T21:12:38.898907,4,88.0,20702.0,321.14
2026-09-28T21:12:38.898907,5,0.0,16520.0,31.06
2026-09-28T21:12:38.898907,6,0.0,9328.0,22.81
2026-09-28T21:12:38.898907,7,100.0,13106.0,115.65
2026-09-28T21:12:39.899161,4,87.0,20702.0,325.43
2026-09-28T21:12:39.899161,5,0.0,16520.0,30.94
2026-09-28T21:12:39.899161,6,0.0,9328.0,23.0
2026-09-28T21:12:39.899161,7,100.0,13106.0,115.32
2026-09-28T21:12:40.927213,4,86.0,20702.0,318.77
2026-09-28T21:12:40.927213,5,0.0,16520.0,31.02
2026-09-28T21:12:40.927213,6,0.0,9328.0,22.98
2026-09-28T21:12:40.927213,7,100.0,13106.0,115.24
2026-09-28T21:12:41.900202,4,88.0,20702.0,322.51
2026-09-28T21:12:41.900202,5,0.0,16520.0,31.07
2026-09-28T21:12:41.900202,6,0.0,9328.0,22.9
2026-09-28T21:12:41.900202,7,100.0,13106.0,114.8
2026-09-28T21:12:42.900476,4,87.0,20702.0,321.8
2026-09-28T21:12:42.900476,5,0.0,16520.0,30.99
2026-09-28T21:12:42.900476,6,0.0,9328.0,22.82
2026-09-28T21:12:42.900476,7,100.0,13106.0,114.0
2026-09-28T21:12:43.895286,4,87.0,20702.0,316.67
2026-09-28T21:12:43.895286,5,0.0,16520.0,30.9
2026-09-28T21:12:43.895286,6,0.0,9328.0,22.71
2026-09-28T21:12:43.895286,7,100.0,13106.0,113.83
2026-09-28T21:12:44.899249,4,81.0,20702.0,313.42
2026-09-28T21:12:44.899249,5,0.0,16520.0,30.55
2026-09-28T21:12:44.899249,6,0.0,9328.0,22.72
2026-09-28T21:12:44.899249,7,100.0,13106.0,113.75
2026-09-28T21:12:45.898777,4,88.0,20702.0,307.36
2026-09-28T21:12:45.898777,5,0.0,16520.0,30.28
2026-09-28T21:12:45.898777,6,0.0,9328.0,22.65
2026-09-28T21:12:45.898777,7,100.0,13106.0,113.66
2026-09-28T21:12:46.948194,4,89.0,20702.0,301.74
2026-09-28T21:12:46.948194,5,0.0,16520.0,30.22
2026-09-28T21:12:46.948194,6,0.0,9328.0,22.37
2026-09-28T21:12:46.948194,7,100.0,13106.0,112.89
2026-09-28T21:12:47.899479,4,90.0,20702.0,300.53
2026-09-28T21:12:47.899479,5,0.0,16520.0,30.05
2026-09-28T21:12:47.899479,6,0.0,9328.0,22.3
2026-09-28T21:12:47.899479,7,100.0,13106.0,112.48
2026-09-28T21:12:48.898449,4,90.0,20702.0,292.84
2026-09-28T21:12:48.898449,5,0.0,16520.0,30.0
2026-09-28T21:12:48.898449,6,0.0,9328.0,22.39
2026-09-28T21:12:48.898449,7,100.0,13106.0,112.45
2026-09-28T21:12:49.895950,4,90.0,20702.0,286.36
2026-09-28T21:12:49.895950,5,0.0,16520.0,30.13
2026-09-28T21:12:49.895950,6,0.0,9328.0,22.33
2026-09-28T21:12:49.895950,7,100.0,13106.0,112.68
2026-09-28T21:12:50.896972,4,90.0,20702.0,289.27
2026-09-28T21:12:50.896972,5,0.0,16520.0,30.15
2026-09-28T21:12:50.896972,6,0.0,9328.0,22.3
2026-09-28T21:12:50.896972,7,100.0,13106.0,112.55
2026-09-28T21:12:51.898307,4,90.0,20702.0,282.64
2026-09-28T21:12:51.898307,5,0.0,16520.0,30.07
2026-09-28T21:12:51.898307,6,0.0,9328.0,22.35
2026-09-28T21:12:51.898307,7,100.0,13106.0,112.7
2026-09-28T21:12:52.953756,4,91.0,20702.0,267.62
2026-09-28T21:12:52.953756,5,0.0,16520.0,30.01
2026-09-28T21:12:52.953756,6,0.0,9328.0,22.33
2026-09-28T21:12:52.953756,7,100.0,13106.0,112.64
2026-09-28T21:12:53.900368,4,87.0,20702.0,267.74
2026-09-28T21:12:53.900368,5,0.0,16520.0,29.83
2026-09-28T21:12:53.900368,6,0.0,9328.0,22.23
2026-09-28T21:12:53.900368,7,100.0,13106.0,112.49
2026-09-28T21:12:54.894828,4,11.0,20702.0,277.23
2026-09-28T21:12:54.894828,5,0.0,16520.0,29.9
2026-09-28T21:12:54.894828,6,9.0,9328.0,25.9
2026-09-28T21:12:54.894828,7,70.0,13106.0,111.56
2026-09-28T21:12:55.890513,4,0.0,20702.0,121.15
2026-09-28T21:12:55.890513,5,0.0,16520.0,30.41
2026-09-28T21:12:55.890513,6,11.0,9328.0,84.72
2026-09-28T21:12:55.890513,7,11.0,13106.0,104.55
2026-09-28T21:12:56.896464,4,0.0,20702.0,98.55
2026-09-28T21:12:56.896464,5,0.0,16520.0,30.81
2026-09-28T21:12:56.896464,6,12.0,9328.0,83.72
2026-09-28T21:12:56.896464,7,12.0,13106.0,100.53
2026-09-28T21:12:57.891625,4,0.0,20702.0,91.79
2026-09-28T21:12:57.891625,5,0.0,16520.0,31.07
2026-09-28T21:12:57.891625,6,12.0,9328.0,85.43
2026-09-28T21:12:57.891625,7,12.0,13106.0,90.45
2026-09-28T21:12:58.928752,4,0.0,20702.0,85.16
2026-09-28T21:12:58.928752,5,0.0,16520.0,31.29
2026-09-28T21:12:58.928752,6,12.0,9328.0,85.28
2026-09-28T21:12:58.928752,7,11.0,13106.0,89.24
2026-09-28T21:12:59.894795,4,0.0,20702.0,85.0
2026-09-28T21:12:59.894795,5,99.0,16520.0,410.46
2026-09-28T21:12:59.894795,6,0.0,9328.0,80.79
2026-09-28T21:12:59.894795,7,100.0,13106.0,106.66
2026-09-28T21:13:00.894552,4,0.0,20702.0,84.95
2026-09-28T21:13:00.894552,5,95.0,16520.0,446.76
2026-09-28T21:13:00.894552,6,0.0,9328.0,80.28
2026-09-28T21:13:00.894552,7,100.0,13106.0,112.01
2026-09-28T21:13:01.895066,4,0.0,20702.0,84.93
2026-09-28T21:13:01.895066,5,96.0,16520.0,446.19
2026-09-28T21:13:01.895066,6,0.0,9328.0,79.22
2026-09-28T21:13:01.895066,7,100.0,13106.0,112.08
2026-09-28T21:13:02.892521,4,0.0,20702.0,84.57
2026-09-28T21:13:02.892521,5,98.0,16520.0,442.29
2026-09-28T21:13:02.892521,6,0.0,9328.0,79.22
2026-09-28T21:13:02.892521,7,100.0,13106.0,112.07
2026-09-28T21:13:03.894350,4,0.0,20702.0,84.12
2026-09-28T21:13:03.894350,5,95.0,16520.0,449.26
2026-09-28T21:13:03.894350,6,0.0,9328.0,79.44
2026-09-28T21:13:03.894350,7,100.0,13106.0,112.04
2026-09-28T21:13:04.893325,4,0.0,20702.0,84.0
2026-09-28T21:13:04.893325,5,99.0,16520.0,449.56
2026-09-28T21:13:04.893325,6,0.0,9328.0,79.6
2026-09-28T21:13:04.893325,7,100.0,13106.0,112.17
2026-09-28T21:13:05.923408,4,0.0,20702.0,83.91
2026-09-28T21:13:05.923408,5,95.0,16520.0,450.7
2026-09-28T21:13:05.923408,6,0.0,9328.0,79.58
2026-09-28T21:13:05.923408,7,100.0,13106.0,111.96
2026-09-28T21:13:06.892464,4,0.0,20702.0,83.71
2026-09-28T21:13:06.892464,5,99.0,16520.0,449.43
2026-09-28T21:13:06.892464,6,0.0,9328.0,79.76
2026-09-28T21:13:06.892464,7,100.0,13106.0,112.12
2026-09-28T21:13:07.895336,4,0.0,20702.0,83.68
2026-09-28T21:13:07.895336,5,96.0,16520.0,448.94
2026-09-28T21:13:07.895336,6,0.0,9328.0,79.82
2026-09-28T21:13:07.895336,7,100.0,13106.0,112.01
2026-09-28T21:13:08.894462,4,0.0,20702.0,83.52
2026-09-28T21:13:08.894462,5,95.0,16520.0,448.61
2026-09-28T21:13:08.894462,6,0.0,9328.0,79.51
2026-09-28T21:13:08.894462,7,100.0,13106.0,112.27
2026-09-28T21:13:09.894500,4,0.0,20702.0,83.25
2026-09-28T21:13:09.894500,5,99.0,16520.0,448.96
2026-09-28T21:13:09.894500,6,0.0,9328.0,79.11
2026-09-28T21:13:09.894500,7,100.0,13106.0,112.1
2026-09-28T21:13:10.892773,4,0.0,20702.0,82.97
2026-09-28T21:13:10.892773,5,99.0,16520.0,448.55
2026-09-28T21:13:10.892773,6,0.0,9328.0,79.09
2026-09-28T21:13:10.892773,7,100.0,13106.0,111.96
2026-09-28T21:13:11.928645,4,0.0,20702.0,78.23
2026-09-28T21:13:11.928645,5,95.0,16520.0,448.77
2026-09-28T21:13:11.928645,6,0.0,9328.0,79.28
2026-09-28T21:13:11.928645,7,100.0,13106.0,112.31
2026-09-28T21:13:12.897128,4,0.0,20702.0,53.3
2026-09-28T21:13:12.897128,5,95.0,16520.0,448.17
2026-09-28T21:13:12.897128,6,0.0,9328.0,79.4
2026-09-28T21:13:12.897128,7,100.0,13106.0,112.4
2026-09-28T21:13:13.896033,4,0.0,20702.0,27.55
2026-09-28T21:13:13.896033,5,95.0,16520.0,448.84
2026-09-28T21:13:13.896033,6,0.0,9328.0,79.63
2026-09-28T21:13:13.896033,7,100.0,13106.0,112.46
2026-09-28T21:13:14.897177,4,0.0,20702.0,22.32
2026-09-28T21:13:14.897177,5,90.0,16520.0,446.99
2026-09-28T21:13:14.897177,6,0.0,9328.0,79.7
2026-09-28T21:13:14.897177,7,100.0,13106.0,112.61
2026-09-28T21:13:15.899796,4,0.0,20702.0,22.27
2026-09-28T21:13:15.899796,5,99.0,16520.0,447.62
2026-09-28T21:13:15.899796,6,0.0,9328.0,79.59
2026-09-28T21:13:15.899796,7,100.0,13106.0,112.78
2026-09-28T21:13:16.898480,4,0.0,20702.0,21.67
2026-09-28T21:13:16.898480,5,99.0,16520.0,448.27
2026-09-28T21:13:16.898480,6,0.0,9328.0,65.66
2026-09-28T21:13:16.898480,7,100.0,13106.0,112.29
2026-09-28T21:13:17.899950,4,0.0,20702.0,21.25
2026-09-28T21:13:17.899950,5,95.0,16520.0,448.45
2026-09-28T21:13:17.899950,6,0.0,9328.0,38.85
2026-09-28T21:13:17.899950,7,100.0,13106.0,112.47
2026-09-28T21:13:18.910747,4,0.0,20702.0,21.25
2026-09-28T21:13:18.910747,5,96.0,16520.0,448.66
2026-09-28T21:13:18.910747,6,0.0,9328.0,24.04
2026-09-28T21:13:18.910747,7,100.0,13106.0,112.57
2026-09-28T21:13:19.899727,4,0.0,20702.0,21.36
2026-09-28T21:13:19.899727,5,93.0,16520.0,449.0
2026-09-28T21:13:19.899727,6,0.0,9328.0,22.22
2026-09-28T21:13:19.899727,7,100.0,13106.0,112.43
2026-09-28T21:13:20.907947,4,0.0,20702.0,21.46
2026-09-28T21:13:20.907947,5,99.0,16520.0,448.84
2026-09-28T21:13:20.907947,6,0.0,9328.0,22.3
2026-09-28T21:13:20.907947,7,100.0,13106.0,112.27
2026-09-28T21:13:21.899254,4,0.0,20702.0,21.52
2026-09-28T21:13:21.899254,5,99.0,16520.0,449.14
2026-09-28T21:13:21.899254,6,0.0,9328.0,22.46
2026-09-28T21:13:21.899254,7,100.0,13106.0,111.96
2026-09-28T21:13:22.905802,4,0.0,20702.0,21.48
2026-09-28T21:13:22.905802,5,95.0,16520.0,446.96
2026-09-28T21:13:22.905802,6,0.0,9328.0,22.45
2026-09-28T21:13:22.905802,7,100.0,13106.0,111.84
2026-09-28T21:13:23.897861,4,0.0,20702.0,21.43
2026-09-28T21:13:23.897861,5,96.0,16520.0,449.36
2026-09-28T21:13:23.897861,6,0.0,9328.0,22.33
2026-09-28T21:13:23.897861,7,100.0,13106.0,111.76
2026-09-28T21:13:24.973553,4,0.0,20702.0,21.43
2026-09-28T21:13:24.973553,5,96.0,16520.0,448.58
2026-09-28T21:13:24.973553,6,0.0,9328.0,22.25
2026-09-28T21:13:24.973553,7,100.0,13106.0,111.93
2026-09-28T21:13:25.898021,4,0.0,20702.0,21.33
2026-09-28T21:13:25.898021,5,96.0,16520.0,449.3
2026-09-28T21:13:25.898021,6,0.0,9328.0,22.28
2026-09-28T21:13:25.898021,7,100.0,13106.0,111.83
2026-09-28T21:13:26.909271,4,0.0,20702.0,21.11
2026-09-28T21:13:26.909271,5,95.0,16520.0,449.05
2026-09-28T21:13:26.909271,6,0.0,9328.0,22.42
2026-09-28T21:13:26.909271,7,100.0,13106.0,111.95
2026-09-28T21:13:27.899563,4,0.0,20702.0,20.95
2026-09-28T21:13:27.899563,5,96.0,16520.0,447.91
2026-09-28T21:13:27.899563,6,0.0,9328.0,22.44
2026-09-28T21:13:27.899563,7,100.0,13106.0,111.74
2026-09-28T21:13:28.900970,4,0.0,20702.0,20.95
2026-09-28T21:13:28.900970,5,96.0,16520.0,448.85
2026-09-28T21:13:28.900970,6,0.0,9328.0,22.48
2026-09-28T21:13:28.900970,7,100.0,13106.0,111.92
2026-09-28T21:13:29.902153,4,0.0,20702.0,21.01
2026-09-28T21:13:29.902153,5,0.0,16520.0,391.68
2026-09-28T21:13:29.902153,6,0.0,9328.0,22.62
2026-09-28T21:13:29.902153,7,77.0,13106.0,111.9
2026-09-28T21:13:30.939619,4,0.0,20702.0,21.04
2026-09-28T21:13:30.939619,5,0.0,16520.0,152.29
2026-09-28T21:13:30.939619,6,93.0,9328.0,200.12
2026-09-28T21:13:30.939619,7,96.0,13106.0,343.01
2026-09-28T21:13:31.900879,4,0.0,20702.0,21.09
2026-09-28T21:13:31.900879,5,0.0,16520.0,116.55
2026-09-28T21:13:31.900879,6,87.0,9328.0,387.02
2026-09-28T21:13:31.900879,7,87.0,13106.0,371.68
2026-09-28T21:13:32.900972,4,0.0,20702.0,21.12
2026-09-28T21:13:32.900972,5,0.0,16520.0,109.63
2026-09-28T21:13:32.900972,6,96.0,9328.0,381.78
2026-09-28T21:13:32.900972,7,97.0,13106.0,376.82
2026-09-28T21:13:33.902844,4,0.0,20702.0,21.0
2026-09-28T21:13:33.902844,5,0.0,16520.0,103.04
2026-09-28T21:13:33.902844,6,82.0,9328.0,372.51
2026-09-28T21:13:33.902844,7,92.0,13106.0,374.84
2026-09-28T21:13:34.900367,4,0.0,20702.0,20.92
2026-09-28T21:13:34.900367,5,0.0,16520.0,102.64
2026-09-28T21:13:34.900367,6,97.0,9328.0,378.93
2026-09-28T21:13:34.900367,7,96.0,13106.0,382.37
2026-09-28T21:13:35.903200,4,0.0,20702.0,20.98
2026-09-28T21:13:35.903200,5,0.0,16520.0,102.11
2026-09-28T21:13:35.903200,6,90.0,9328.0,386.95
2026-09-28T21:13:35.903200,7,87.0,13106.0,383.1
2026-09-28T21:13:36.927748,4,0.0,20702.0,21.09
2026-09-28T21:13:36.927748,5,0.0,16520.0,101.51
2026-09-28T21:13:36.927748,6,97.0,9328.0,387.37
2026-09-28T21:13:36.927748,7,96.0,13106.0,382.17
2026-09-28T21:13:37.902020,4,0.0,20702.0,21.03
2026-09-28T21:13:37.902020,5,0.0,16520.0,100.71
2026-09-28T21:13:37.902020,6,89.0,9328.0,382.11
2026-09-28T21:13:37.902020,7,93.0,13106.0,374.75
2026-09-28T21:13:38.901665,4,0.0,20702.0,20.88
2026-09-28T21:13:38.901665,5,0.0,16520.0,100.1
2026-09-28T21:13:38.901665,6,96.0,9328.0,378.23
2026-09-28T21:13:38.901665,7,87.0,13106.0,377.19
2026-09-28T21:13:39.903824,4,0.0,20702.0,20.81
2026-09-28T21:13:39.903824,5,0.0,16520.0,99.51
2026-09-28T21:13:39.903824,6,95.0,9328.0,384.46
2026-09-28T21:13:39.903824,7,97.0,13106.0,377.58
2026-09-28T21:13:40.904642,4,0.0,20702.0,20.72
2026-09-28T21:13:40.904642,5,0.0,16520.0,98.92
2026-09-28T21:13:40.904642,6,83.0,9328.0,378.36
2026-09-28T21:13:40.904642,7,94.0,13106.0,381.92
2026-09-28T21:13:41.900477,4,0.0,20702.0,20.87
2026-09-28T21:13:41.900477,5,0.0,16520.0,98.15
2026-09-28T21:13:41.900477,6,97.0,9328.0,379.64
2026-09-28T21:13:41.900477,7,96.0,13106.0,405.99
2026-09-28T21:13:42.901643,4,0.0,20702.0,20.81
2026-09-28T21:13:42.901643,5,0.0,16520.0,97.75
2026-09-28T21:13:42.901643,6,90.0,9328.0,385.4
2026-09-28T21:13:42.901643,7,88.0,13106.0,386.71
2026-09-28T21:13:43.907869,4,0.0,20702.0,20.61
2026-09-28T21:13:43.907869,5,0.0,16520.0,97.47
2026-09-28T21:13:43.907869,6,97.0,9328.0,396.29
2026-09-28T21:13:43.907869,7,96.0,13106.0,388.51
2026-09-28T21:13:44.899744,4,0.0,20702.0,20.71
2026-09-28T21:13:44.899744,5,0.0,16520.0,96.81
2026-09-28T21:13:44.899744,6,90.0,9328.0,394.18
2026-09-28T21:13:44.899744,7,93.0,13106.0,383.85
2026-09-28T21:13:45.902919,4,0.0,20702.0,20.73
2026-09-28T21:13:45.902919,5,0.0,16520.0,96.08
2026-09-28T21:13:45.902919,6,97.0,9328.0,388.48
2026-09-28T21:13:45.902919,7,97.0,13106.0,401.96
2026-09-28T21:13:46.903480,4,0.0,20702.0,20.55
2026-09-28T21:13:46.903480,5,0.0,16520.0,82.7
2026-09-28T21:13:46.903480,6,94.0,9328.0,388.1
2026-09-28T21:13:46.903480,7,96.0,13106.0,387.74
2026-09-28T21:13:47.905523,4,0.0,20702.0,20.46
2026-09-28T21:13:47.905523,5,0.0,16520.0,56.99
2026-09-28T21:13:47.905523,6,85.0,9328.0,384.43
2026-09-28T21:13:47.905523,7,86.0,13106.0,379.64
2026-09-28T21:13:48.901148,4,0.0,20702.0,20.5
2026-09-28T21:13:48.901148,5,0.0,16520.0,39.39
2026-09-28T21:13:48.901148,6,98.0,9328.0,383.02
2026-09-28T21:13:48.901148,7,97.0,13106.0,395.34
2026-09-28T21:13:49.946184,4,0.0,20702.0,20.58
2026-09-28T21:13:49.946184,5,0.0,16520.0,34.33
2026-09-28T21:13:49.946184,6,91.0,9328.0,384.42
2026-09-28T21:13:49.946184,7,89.0,13106.0,388.52
2026-09-28T21:13:50.907904,4,0.0,20702.0,20.55
2026-09-28T21:13:50.907904,5,0.0,16520.0,33.65
2026-09-28T21:13:50.907904,6,96.0,9328.0,382.22
2026-09-28T21:13:50.907904,7,96.0,13106.0,398.36
2026-09-28T21:13:51.904154,4,0.0,20702.0,20.33
2026-09-28T21:13:51.904154,5,0.0,16520.0,33.0
2026-09-28T21:13:51.904154,6,91.0,9328.0,388.85
2026-09-28T21:13:51.904154,7,87.0,13106.0,395.74
2026-09-28T21:13:52.904093,4,0.0,20702.0,20.25
2026-09-28T21:13:52.904093,5,0.0,16520.0,32.57
2026-09-28T21:13:52.904093,6,96.0,9328.0,390.42
2026-09-28T21:13:52.904093,7,97.0,13106.0,401.02
2026-09-28T21:13:53.901045,4,0.0,20702.0,20.05
2026-09-28T21:13:53.901045,5,0.0,16520.0,32.24
2026-09-28T21:13:53.901045,6,92.0,9328.0,387.28
2026-09-28T21:13:53.901045,7,96.0,13106.0,396.62
2026-09-28T21:13:54.903955,4,0.0,20702.0,20.04
2026-09-28T21:13:54.903955,5,0.0,16520.0,32.27
2026-09-28T21:13:54.903955,6,87.0,9328.0,389.46
2026-09-28T21:13:54.903955,7,87.0,13106.0,404.33
2026-09-28T21:13:55.969037,4,0.0,20702.0,20.28
2026-09-28T21:13:55.969037,5,0.0,16520.0,32.32
2026-09-28T21:13:55.969037,6,95.0,9328.0,384.99
2026-09-28T21:13:55.969037,7,97.0,13106.0,410.02
2026-09-28T21:13:56.908594,4,0.0,20702.0,20.36
2026-09-28T21:13:56.908594,5,0.0,16520.0,32.19
2026-09-28T21:13:56.908594,6,83.0,9328.0,385.05
2026-09-28T21:13:56.908594,7,92.0,13106.0,412.04
2026-09-28T21:13:57.903426,4,0.0,20702.0,20.48
2026-09-28T21:13:57.903426,5,0.0,16520.0,32.26
2026-09-28T21:13:57.903426,6,96.0,9328.0,390.8
2026-09-28T21:13:57.903426,7,96.0,13106.0,401.87
2026-09-28T21:13:58.905824,4,0.0,20702.0,20.5
2026-09-28T21:13:58.905824,5,0.0,16520.0,32.32
2026-09-28T21:13:58.905824,6,90.0,9328.0,385.81
2026-09-28T21:13:58.905824,7,91.0,13106.0,403.85
2026-09-28T21:13:59.908908,4,0.0,20702.0,20.28
2026-09-28T21:13:59.908908,5,0.0,16520.0,32.26
2026-09-28T21:13:59.908908,6,96.0,9328.0,388.02
2026-09-28T21:13:59.908908,7,97.0,13106.0,419.75
2026-09-28T21:14:00.904534,4,0.0,20702.0,20.29
2026-09-28T21:14:00.904534,5,0.0,16520.0,32.15
2026-09-28T21:14:00.904534,6,93.0,9328.0,393.29
2026-09-28T21:14:00.904534,7,95.0,13106.0,398.69
2026-09-28T21:14:01.979780,4,0.0,20702.0,20.45
2026-09-28T21:14:01.979780,5,0.0,16520.0,31.99
2026-09-28T21:14:01.979780,6,98.0,9328.0,403.57
2026-09-28T21:14:01.979780,7,88.0,13106.0,390.62
2026-09-28T21:14:02.905731,4,0.0,20702.0,20.48
2026-09-28T21:14:02.905731,5,0.0,16520.0,31.78
2026-09-28T21:14:02.905731,6,95.0,9328.0,393.63
2026-09-28T21:14:02.905731,7,96.0,13106.0,396.24
2026-09-28T21:14:03.907809,4,0.0,20702.0,20.52
2026-09-28T21:14:03.907809,5,0.0,16520.0,31.65
2026-09-28T21:14:03.907809,6,85.0,9328.0,392.9
2026-09-28T21:14:03.907809,7,85.0,13106.0,395.83
2026-09-28T21:14:04.904598,4,0.0,20702.0,20.41
2026-09-28T21:14:04.904598,5,0.0,16520.0,31.53
2026-09-28T21:14:04.904598,6,97.0,9328.0,393.96
2026-09-28T21:14:04.904598,7,97.0,13106.0,406.06
2026-09-28T21:14:05.905801,4,0.0,20702.0,20.38
2026-09-28T21:14:05.905801,5,0.0,16520.0,31.45
2026-09-28T21:14:05.905801,6,91.0,9328.0,400.27
2026-09-28T21:14:05.905801,7,89.0,13106.0,398.99
2026-09-28T21:14:06.907086,4,0.0,20702.0,20.52
2026-09-28T21:14:06.907086,5,0.0,16520.0,31.49
2026-09-28T21:14:06.907086,6,97.0,9328.0,395.39
2026-09-28T21:14:06.907086,7,98.0,13106.0,418.5
2026-09-28T21:14:07.960691,4,0.0,20702.0,20.62
2026-09-28T21:14:07.960691,5,0.0,16520.0,31.54
2026-09-28T21:14:07.960691,6,89.0,9328.0,390.94
2026-09-28T21:14:07.960691,7,91.0,13106.0,414.03
2026-09-28T21:14:08.907079,4,0.0,20702.0,20.67
2026-09-28T21:14:08.907079,5,0.0,16520.0,31.54
2026-09-28T21:14:08.907079,6,96.0,9328.0,395.87
2026-09-28T21:14:08.907079,7,97.0,13106.0,401.05
2026-09-28T21:14:09.904995,4,0.0,20702.0,20.48
2026-09-28T21:14:09.904995,5,0.0,16520.0,31.34
2026-09-28T21:14:09.904995,6,92.0,9328.0,400.8
2026-09-28T21:14:09.904995,7,96.0,13106.0,390.0
2026-09-28T21:14:10.907239,4,0.0,20702.0,20.47
2026-09-28T21:14:10.907239,5,0.0,16520.0,31.24
2026-09-28T21:14:10.907239,6,86.0,9328.0,395.2
2026-09-28T21:14:10.907239,7,85.0,13106.0,386.51
2026-09-28T21:14:11.902868,4,0.0,20702.0,20.74
2026-09-28T21:14:11.902868,5,0.0,16520.0,31.25
2026-09-28T21:14:11.902868,6,95.0,9328.0,401.58
2026-09-28T21:14:11.902868,7,97.0,13106.0,397.63
2026-09-28T21:14:12.908388,4,0.0,20702.0,20.69
2026-09-28T21:14:12.908388,5,0.0,16520.0,31.33
2026-09-28T21:14:12.908388,6,91.0,9328.0,392.33
2026-09-28T21:14:12.908388,7,93.0,13106.0,413.14
2026-09-28T21:14:13.957099,4,0.0,20702.0,20.41
2026-09-28T21:14:13.957099,5,0.0,16520.0,31.41
2026-09-28T21:14:13.957099,6,97.0,9328.0,403.11
2026-09-28T21:14:13.957099,7,97.0,13106.0,406.34
2026-09-28T21:14:14.906947,4,0.0,20702.0,20.27
2026-09-28T21:14:14.906947,5,0.0,16520.0,31.5
2026-09-28T21:14:14.906947,6,90.0,9328.0,394.74
2026-09-28T21:14:14.906947,7,87.0,13106.0,403.82
2026-09-28T21:14:15.912072,4,0.0,20702.0,20.31
2026-09-28T21:14:15.912072,5,0.0,16520.0,31.42
2026-09-28T21:14:15.912072,6,97.0,9328.0,406.95
2026-09-28T21:14:15.912072,7,97.0,13106.0,402.92
2026-09-28T21:14:16.909158,4,0.0,20702.0,20.22
2026-09-28T21:14:16.909158,5,0.0,16520.0,31.46
2026-09-28T21:14:16.909158,6,93.0,9328.0,402.9
2026-09-28T21:14:16.909158,7,94.0,13106.0,391.54
2026-09-28T21:14:17.905959,4,0.0,20702.0,20.19
2026-09-28T21:14:17.905959,5,0.0,16520.0,31.72
2026-09-28T21:14:17.905959,6,97.0,9328.0,406.67
2026-09-28T21:14:17.905959,7,88.0,13106.0,411.97
2026-09-28T21:14:18.901683,4,0.0,20702.0,20.24
2026-09-28T21:14:18.901683,5,0.0,16520.0,31.64
2026-09-28T21:14:18.901683,6,95.0,9328.0,401.29
2026-09-28T21:14:18.901683,7,95.0,13106.0,403.85
2026-09-28T21:14:19.967042,4,0.0,20702.0,20.26
2026-09-28T21:14:19.967042,5,0.0,16520.0,31.6
2026-09-28T21:14:19.967042,6,85.0,9328.0,399.65
2026-09-28T21:14:19.967042,7,83.0,13106.0,390.8
2026-09-28T21:14:20.904938,4,0.0,20702.0,20.07
2026-09-28T21:14:20.904938,5,0.0,16520.0,31.53
2026-09-28T21:14:20.904938,6,97.0,9328.0,404.68
2026-09-28T21:14:20.904938,7,97.0,13106.0,408.04
2026-09-28T21:14:21.908147,4,0.0,20702.0,20.02
2026-09-28T21:14:21.908147,5,0.0,16520.0,31.34
2026-09-28T21:14:21.908147,6,93.0,9328.0,401.71
2026-09-28T21:14:21.908147,7,92.0,13106.0,406.1
2026-09-28T21:14:22.912811,4,0.0,20702.0,20.09
2026-09-28T21:14:22.912811,5,0.0,16520.0,31.39
2026-09-28T21:14:22.912811,6,97.0,9328.0,409.41
2026-09-28T21:14:22.912811,7,96.0,13106.0,420.75
2026-09-28T21:14:23.904432,4,0.0,20702.0,20.11
2026-09-28T21:14:23.904432,5,0.0,16520.0,31.33
2026-09-28T21:14:23.904432,6,90.0,9328.0,402.62
2026-09-28T21:14:23.904432,7,91.0,13106.0,401.9
2026-09-28T21:14:24.907153,4,0.0,20702.0,20.32
2026-09-28T21:14:24.907153,5,0.0,16520.0,31.25
2026-09-28T21:14:24.907153,6,97.0,9328.0,406.89
2026-09-28T21:14:24.907153,7,97.0,13106.0,405.0
2026-09-28T21:14:25.951798,4,0.0,20702.0,20.24
2026-09-28T21:14:25.951798,5,0.0,16520.0,31.22
2026-09-28T21:14:25.951798,6,93.0,9328.0,402.86
2026-09-28T21:14:25.951798,7,96.0,13106.0,399.01
2026-09-28T21:14:26.909238,4,0.0,20702.0,20.13
2026-09-28T21:14:26.909238,5,0.0,16520.0,31.15
2026-09-28T21:14:26.909238,6,86.0,9328.0,399.72
2026-09-28T21:14:26.909238,7,86.0,13106.0,390.05
2026-09-28T21:14:27.907140,4,0.0,20702.0,20.21
2026-09-28T21:14:27.907140,5,0.0,16520.0,31.24
2026-09-28T21:14:27.907140,6,95.0,9328.0,411.85
2026-09-28T21:14:27.907140,7,97.0,13106.0,395.53
2026-09-28T21:14:28.906278,4,0.0,20702.0,20.2
2026-09-28T21:14:28.906278,5,0.0,16520.0,31.42
2026-09-28T21:14:28.906278,6,84.0,9328.0,396.48
2026-09-28T21:14:28.906278,7,92.0,13106.0,399.83
2026-09-28T21:14:29.905183,4,0.0,20702.0,20.11
2026-09-28T21:14:29.905183,5,0.0,16520.0,31.51
2026-09-28T21:14:29.905183,6,96.0,9328.0,404.69
2026-09-28T21:14:29.905183,7,97.0,13106.0,408.99
2026-09-28T21:14:30.908437,4,0.0,20702.0,20.08
2026-09-28T21:14:30.908437,5,0.0,16520.0,31.4
2026-09-28T21:14:30.908437,6,90.0,9328.0,406.58
2026-09-28T21:14:30.908437,7,89.0,13106.0,406.37
2026-09-28T21:14:31.951168,4,0.0,20702.0,20.09
2026-09-28T21:14:31.951168,5,0.0,16520.0,31.41
2026-09-28T21:14:31.951168,6,98.0,9328.0,409.26
2026-09-28T21:14:31.951168,7,96.0,13106.0,408.03
2026-09-28T21:14:32.907386,4,0.0,20702.0,19.81
2026-09-28T21:14:32.907386,5,0.0,16520.0,31.39
2026-09-28T21:14:32.907386,6,89.0,9328.0,404.08
2026-09-28T21:14:32.907386,7,93.0,13106.0,397.74
2026-09-28T21:14:33.910141,4,0.0,20702.0,19.61
2026-09-28T21:14:33.910141,5,0.0,16520.0,31.38
2026-09-28T21:14:33.910141,6,96.0,9328.0,405.01
2026-09-28T21:14:33.910141,7,89.0,13106.0,397.79
2026-09-28T21:14:34.905258,4,0.0,20702.0,19.61
2026-09-28T21:14:34.905258,5,0.0,16520.0,31.54
2026-09-28T21:14:34.905258,6,94.0,9328.0,397.2
2026-09-28T21:14:34.905258,7,96.0,13106.0,407.69
2026-09-28T21:14:35.907603,4,0.0,20702.0,19.47
2026-09-28T21:14:35.907603,5,0.0,16520.0,31.75
2026-09-28T21:14:35.907603,6,85.0,9328.0,398.53
2026-09-28T21:14:35.907603,7,84.0,13106.0,395.23
2026-09-28T21:14:36.906043,4,0.0,20702.0,19.35
2026-09-28T21:14:36.906043,5,0.0,16520.0,31.93
2026-09-28T21:14:36.906043,6,98.0,9328.0,408.46
2026-09-28T21:14:36.906043,7,96.0,13106.0,407.36
2026-09-28T21:14:37.947795,4,0.0,20702.0,19.36
2026-09-28T21:14:37.947795,5,0.0,16520.0,31.92
2026-09-28T21:14:37.947795,6,93.0,9328.0,407.22
2026-09-28T21:14:37.947795,7,93.0,13106.0,397.41
2026-09-28T21:14:38.911285,4,0.0,20702.0,19.42
2026-09-28T21:14:38.911285,5,0.0,16520.0,31.52
2026-09-28T21:14:38.911285,6,97.0,9328.0,410.26
2026-09-28T21:14:38.911285,7,96.0,13106.0,402.91
2026-09-28T21:14:39.909614,4,0.0,20702.0,19.62
2026-09-28T21:14:39.909614,5,0.0,16520.0,31.36
2026-09-28T21:14:39.909614,6,90.0,9328.0,400.73
2026-09-28T21:14:39.909614,7,88.0,13106.0,400.64
2026-09-28T21:14:40.910207,4,0.0,20702.0,19.75
2026-09-28T21:14:40.910207,5,0.0,16520.0,31.42
2026-09-28T21:14:40.910207,6,96.0,9328.0,402.63
2026-09-28T21:14:40.910207,7,97.0,13106.0,409.39
2026-09-28T21:14:41.911493,4,0.0,20702.0,19.66
2026-09-28T21:14:41.911493,5,0.0,16520.0,31.28
2026-09-28T21:14:41.911493,6,90.0,9328.0,410.52
2026-09-28T21:14:41.911493,7,93.0,13106.0,399.49
2026-09-28T21:14:42.907943,4,0.0,20702.0,19.66
2026-09-28T21:14:42.907943,5,0.0,16520.0,31.33
2026-09-28T21:14:42.907943,6,97.0,9328.0,400.31
2026-09-28T21:14:42.907943,7,88.0,13106.0,417.77
2026-09-28T21:14:43.963924,4,0.0,20702.0,19.6
2026-09-28T21:14:43.963924,5,0.0,16520.0,31.65
2026-09-28T21:14:43.963924,6,94.0,9328.0,402.62
2026-09-28T21:14:43.963924,7,97.0,13106.0,416.41
2026-09-28T21:14:44.910481,4,0.0,20702.0,19.57
2026-09-28T21:14:44.910481,5,0.0,16520.0,31.83
2026-09-28T21:14:44.910481,6,84.0,9328.0,403.13
2026-09-28T21:14:44.910481,7,86.0,13106.0,402.8
2026-09-28T21:14:45.913526,4,0.0,20702.0,19.53
2026-09-28T21:14:45.913526,5,0.0,16520.0,31.72
2026-09-28T21:14:45.913526,6,97.0,9328.0,404.17
2026-09-28T21:14:45.913526,7,96.0,13106.0,401.72
2026-09-28T21:14:46.910907,4,0.0,20702.0,19.44
2026-09-28T21:14:46.910907,5,0.0,16520.0,31.47
2026-09-28T21:14:46.910907,6,93.0,9328.0,404.2
2026-09-28T21:14:46.910907,7,91.0,13106.0,400.12
2026-09-28T21:14:47.916100,4,0.0,20702.0,19.46
2026-09-28T21:14:47.916100,5,0.0,16520.0,31.09
2026-09-28T21:14:47.916100,6,97.0,9328.0,417.65
2026-09-28T21:14:47.916100,7,96.0,13106.0,407.15
2026-09-28T21:14:48.908194,4,0.0,20702.0,19.5
2026-09-28T21:14:48.908194,5,0.0,16520.0,30.9
2026-09-28T21:14:48.908194,6,91.0,9328.0,408.87
2026-09-28T21:14:48.908194,7,89.0,13106.0,393.41
2026-09-28T21:14:49.931282,4,0.0,20702.0,19.55
2026-09-28T21:14:49.931282,5,0.0,16520.0,30.94
2026-09-28T21:14:49.931282,6,96.0,9328.0,406.18
2026-09-28T21:14:49.931282,7,97.0,13106.0,414.73
2026-09-28T21:14:50.910641,4,0.0,20702.0,19.65
2026-09-28T21:14:50.910641,5,0.0,16520.0,31.16
2026-09-28T21:14:50.910641,6,94.0,9328.0,406.74
2026-09-28T21:14:50.910641,7,95.0,13106.0,411.22
2026-09-28T21:14:51.907509,4,0.0,20702.0,19.88
2026-09-28T21:14:51.907509,5,0.0,16520.0,31.18
2026-09-28T21:14:51.907509,6,97.0,9328.0,411.18
2026-09-28T21:14:51.907509,7,72.0,13106.0,393.11
2026-09-28T21:14:52.907161,4,36.0,20702.0,54.43
2026-09-28T21:14:52.907161,5,0.0,16520.0,31.21
2026-09-28T21:14:52.907161,6,0.0,9328.0,152.57
2026-09-28T21:14:52.907161,7,100.0,13106.0,152.01
2026-09-28T21:14:53.904727,4,93.0,20702.0,434.54
2026-09-28T21:14:53.904727,5,0.0,16520.0,31.26
2026-09-28T21:14:53.904727,6,0.0,9328.0,119.17
2026-09-28T21:14:53.904727,7,100.0,13106.0,140.56
2026-09-28T21:14:54.910359,4,0.0,20702.0,196.64
2026-09-28T21:14:54.910359,5,0.0,16520.0,31.3
2026-09-28T21:14:54.910359,6,0.0,9328.0,111.44
2026-09-28T21:14:54.910359,7,100.0,13106.0,139.54
2026-09-28T21:14:55.906983,4,72.0,20702.0,224.37
2026-09-28T21:14:55.906983,5,0.0,16520.0,31.43
2026-09-28T21:14:55.906983,6,0.0,9328.0,105.41
2026-09-28T21:14:55.906983,7,100.0,13106.0,139.13
2026-09-28T21:14:56.929006,4,69.0,20702.0,306.37
2026-09-28T21:14:56.929006,5,0.0,16520.0,31.46
2026-09-28T21:14:56.929006,6,0.0,9328.0,99.34
2026-09-28T21:14:56.929006,7,100.0,13106.0,138.91
2026-09-28T21:14:57.909414,4,66.0,20702.0,306.29
2026-09-28T21:14:57.909414,5,0.0,16520.0,31.44
2026-09-28T21:14:57.909414,6,0.0,9328.0,98.59
2026-09-28T21:14:57.909414,7,100.0,13106.0,138.53
2026-09-28T21:14:58.906696,4,73.0,20702.0,308.15
2026-09-28T21:14:58.906696,5,0.0,16520.0,31.4
2026-09-28T21:14:58.906696,6,0.0,9328.0,97.81
2026-09-28T21:14:58.906696,7,100.0,13106.0,138.44
2026-09-28T21:14:59.906979,4,72.0,20702.0,311.64
2026-09-28T21:14:59.906979,5,0.0,16520.0,31.24
2026-09-28T21:14:59.906979,6,0.0,9328.0,96.73
2026-09-28T21:14:59.906979,7,100.0,13106.0,137.52
2026-09-28T21:15:00.907367,4,73.0,20702.0,313.96
2026-09-28T21:15:00.907367,5,0.0,16520.0,31.1
2026-09-28T21:15:00.907367,6,0.0,9328.0,95.62
2026-09-28T21:15:00.907367,7,100.0,13106.0,137.43
2026-09-28T21:15:01.910956,4,75.0,20702.0,315.8
2026-09-28T21:15:01.910956,5,0.0,16520.0,31.2
2026-09-28T21:15:01.910956,6,0.0,9328.0,94.46
2026-09-28T21:15:01.910956,7,100.0,13106.0,136.35
2026-09-28T21:15:02.959786,4,76.0,20702.0,318.08
2026-09-28T21:15:02.959786,5,0.0,16520.0,31.22
2026-09-28T21:15:02.959786,6,0.0,9328.0,93.39
2026-09-28T21:15:02.959786,7,100.0,13106.0,135.62
2026-09-28T21:15:03.908922,4,74.0,20702.0,320.59
2026-09-28T21:15:03.908922,5,0.0,16520.0,31.2
2026-09-28T21:15:03.908922,6,0.0,9328.0,92.24
2026-09-28T21:15:03.908922,7,100.0,13106.0,135.15
2026-09-28T21:15:04.908182,4,0.0,20702.0,246.51
2026-09-28T21:15:04.908182,5,0.0,16520.0,31.08
2026-09-28T21:15:04.908182,6,0.0,9328.0,90.67
2026-09-28T21:15:04.908182,7,100.0,13106.0,133.43
2026-09-28T21:15:05.908326,4,77.0,20702.0,321.75
2026-09-28T21:15:05.908326,5,0.0,16520.0,30.87
2026-09-28T21:15:05.908326,6,0.0,9328.0,89.07
2026-09-28T21:15:05.908326,7,100.0,13106.0,132.07
2026-09-28T21:15:06.906521,4,76.0,20702.0,327.46
2026-09-28T21:15:06.906521,5,0.0,16520.0,30.7
2026-09-28T21:15:06.906521,6,0.0,9328.0,87.53
2026-09-28T21:15:06.906521,7,100.0,13106.0,131.11
2026-09-28T21:15:07.904383,4,79.0,20702.0,321.54
2026-09-28T21:15:07.904383,5,0.0,16520.0,30.89
2026-09-28T21:15:07.904383,6,0.0,9328.0,86.3
2026-09-28T21:15:07.904383,7,100.0,13106.0,130.06
2026-09-28T21:15:08.941106,4,79.0,20702.0,323.31
2026-09-28T21:15:08.941106,5,0.0,16520.0,31.4
2026-09-28T21:15:08.941106,6,0.0,9328.0,85.41
2026-09-28T21:15:08.941106,7,100.0,13106.0,129.44
2026-09-28T21:15:09.912194,4,74.0,20702.0,325.68
2026-09-28T21:15:09.912194,5,0.0,16520.0,31.37
2026-09-28T21:15:09.912194,6,0.0,9328.0,78.65
2026-09-28T21:15:09.912194,7,100.0,13106.0,128.87
2026-09-28T21:15:10.909592,4,79.0,20702.0,326.54
2026-09-28T21:15:10.909592,5,0.0,16520.0,31.21
2026-09-28T21:15:10.909592,6,0.0,9328.0,52.24
2026-09-28T21:15:10.909592,7,100.0,13106.0,128.46
2026-09-28T21:15:11.910496,4,76.0,20702.0,328.13
2026-09-28T21:15:11.910496,5,0.0,16520.0,30.98
2026-09-28T21:15:11.910496,6,0.0,9328.0,28.36
2026-09-28T21:15:11.910496,7,100.0,13106.0,127.39
2026-09-28T21:15:12.909667,4,80.0,20702.0,328.25
2026-09-28T21:15:12.909667,5,0.0,16520.0,30.76
2026-09-28T21:15:12.909667,6,0.0,9328.0,24.47
2026-09-28T21:15:12.909667,7,100.0,13106.0,126.93
2026-09-28T21:15:13.909005,4,78.0,20702.0,331.18
2026-09-28T21:15:13.909005,5,0.0,16520.0,30.97
2026-09-28T21:15:13.909005,6,0.0,9328.0,24.31
2026-09-28T21:15:13.909005,7,100.0,13106.0,126.2
2026-09-28T21:15:14.925597,4,82.0,20702.0,333.64
2026-09-28T21:15:14.925597,5,0.0,16520.0,30.93
2026-09-28T21:15:14.925597,6,0.0,9328.0,24.09
2026-09-28T21:15:14.925597,7,100.0,13106.0,125.36
2026-09-28T21:15:15.915218,4,82.0,20702.0,332.85
2026-09-28T21:15:15.915218,5,0.0,16520.0,30.83
2026-09-28T21:15:15.915218,6,0.0,9328.0,24.01
2026-09-28T21:15:15.915218,7,100.0,13106.0,125.0
2026-09-28T21:15:16.916010,4,81.0,20702.0,334.17
2026-09-28T21:15:16.916010,5,0.0,16520.0,30.83
2026-09-28T21:15:16.916010,6,0.0,9328.0,24.04
2026-09-28T21:15:16.916010,7,100.0,13106.0,124.53
2026-09-28T21:15:17.910858,4,79.0,20702.0,333.89
2026-09-28T21:15:17.910858,5,0.0,16520.0,30.67
2026-09-28T21:15:17.910858,6,0.0,9328.0,24.02
2026-09-28T21:15:17.910858,7,100.0,13106.0,123.86
2026-09-28T21:15:18.908937,4,78.0,20702.0,335.69
2026-09-28T21:15:18.908937,5,0.0,16520.0,30.7
2026-09-28T21:15:18.908937,6,0.0,9328.0,24.04
2026-09-28T21:15:18.908937,7,100.0,13106.0,123.45
2026-09-28T21:15:19.909905,4,78.0,20702.0,337.41
2026-09-28T21:15:19.909905,5,0.0,16520.0,30.84
2026-09-28T21:15:19.909905,6,0.0,9328.0,23.97
2026-09-28T21:15:19.909905,7,100.0,13106.0,122.99
2026-09-28T21:15:20.915409,4,79.0,20702.0,338.06
2026-09-28T21:15:20.915409,5,0.0,16520.0,30.85
2026-09-28T21:15:20.915409,6,0.0,9328.0,23.81
2026-09-28T21:15:20.915409,7,100.0,13106.0,122.7
2026-09-28T21:15:21.924719,4,81.0,20702.0,332.61
2026-09-28T21:15:21.924719,5,0.0,16520.0,30.7
2026-09-28T21:15:21.924719,6,0.0,9328.0,23.61
2026-09-28T21:15:21.924719,7,100.0,13106.0,122.48
2026-09-28T21:15:22.912522,4,82.0,20702.0,333.59
2026-09-28T21:15:22.912522,5,0.0,16520.0,30.49
2026-09-28T21:15:22.912522,6,0.0,9328.0,23.47
2026-09-28T21:15:22.912522,7,100.0,13106.0,121.93
2026-09-28T21:15:23.916561,4,83.0,20702.0,334.58
2026-09-28T21:15:23.916561,5,0.0,16520.0,30.49
2026-09-28T21:15:23.916561,6,0.0,9328.0,23.42
2026-09-28T21:15:23.916561,7,100.0,13106.0,121.48
2026-09-28T21:15:24.915599,4,84.0,20702.0,336.27
2026-09-28T21:15:24.915599,5,0.0,16520.0,30.79
2026-09-28T21:15:24.915599,6,0.0,9328.0,23.3
2026-09-28T21:15:24.915599,7,100.0,13106.0,121.5
2026-09-28T21:15:25.906046,4,64.0,20702.0,334.22
2026-09-28T21:15:25.906046,5,0.0,16520.0,31.02
2026-09-28T21:15:25.906046,6,0.0,9328.0,23.25
2026-09-28T21:15:25.906046,7,100.0,13106.0,120.86
2026-09-28T21:15:26.907665,4,85.0,20702.0,191.46
2026-09-28T21:15:26.907665,5,0.0,16520.0,31.15
2026-09-28T21:15:26.907665,6,0.0,9328.0,23.2
2026-09-28T21:15:26.907665,7,100.0,13106.0,120.21
2026-09-28T21:15:27.931008,4,82.0,20702.0,340.58
2026-09-28T21:15:27.931008,5,0.0,16520.0,31.07
2026-09-28T21:15:27.931008,6,0.0,9328.0,23.07
2026-09-28T21:15:27.931008,7,100.0,13106.0,118.88
2026-09-28T21:15:28.913266,4,82.0,20702.0,338.42
2026-09-28T21:15:28.913266,5,0.0,16520.0,30.54
2026-09-28T21:15:28.913266,6,0.0,9328.0,23.07
2026-09-28T21:15:28.913266,7,100.0,13106.0,117.65
2026-09-28T21:15:29.912936,4,86.0,20702.0,322.72
2026-09-28T21:15:29.912936,5,0.0,16520.0,30.4
2026-09-28T21:15:29.912936,6,0.0,9328.0,23.08
2026-09-28T21:15:29.912936,7,100.0,13106.0,117.29
2026-09-28T21:15:30.909835,4,87.0,20702.0,319.49
2026-09-28T21:15:30.909835,5,0.0,16520.0,30.48
2026-09-28T21:15:30.909835,6,0.0,9328.0,23.07
2026-09-28T21:15:30.909835,7,100.0,13106.0,117.57
2026-09-28T21:15:31.910003,4,86.0,20702.0,323.56
2026-09-28T21:15:31.910003,5,0.0,16520.0,30.49
2026-09-28T21:15:31.910003,6,0.0,9328.0,23.0
2026-09-28T21:15:31.910003,7,100.0,13106.0,117.24
2026-09-28T21:15:32.912092,4,87.0,20702.0,320.99
2026-09-28T21:15:32.912092,5,0.0,16520.0,30.65
2026-09-28T21:15:32.912092,6,0.0,9328.0,23.02
2026-09-28T21:15:32.912092,7,100.0,13106.0,116.68
2026-09-28T21:15:33.947016,4,88.0,20702.0,309.75
2026-09-28T21:15:33.947016,5,0.0,16520.0,30.65
2026-09-28T21:15:33.947016,6,0.0,9328.0,23.1
2026-09-28T21:15:33.947016,7,100.0,13106.0,116.28
2026-09-28T21:15:34.909717,4,89.0,20702.0,303.1
2026-09-28T21:15:34.909717,5,0.0,16520.0,30.46
2026-09-28T21:15:34.909717,6,0.0,9328.0,22.88
2026-09-28T21:15:34.909717,7,100.0,13106.0,116.11
2026-09-28T21:15:35.913571,4,89.0,20702.0,295.24
2026-09-28T21:15:35.913571,5,0.0,16520.0,30.64
2026-09-28T21:15:35.913571,6,0.0,9328.0,22.64
2026-09-28T21:15:35.913571,7,100.0,13106.0,116.1
2026-09-28T21:15:36.911651,4,89.0,20702.0,288.4
2026-09-28T21:15:36.911651,5,0.0,16520.0,30.76
2026-09-28T21:15:36.911651,6,0.0,9328.0,22.69
2026-09-28T21:15:36.911651,7,100.0,13106.0,116.32
2026-09-28T21:15:37.913690,4,90.0,20702.0,276.01
2026-09-28T21:15:37.913690,5,0.0,16520.0,30.39
2026-09-28T21:15:37.913690,6,0.0,9328.0,22.76
2026-09-28T21:15:37.913690,7,100.0,13106.0,116.02
2026-09-28T21:15:38.911950,4,91.0,20702.0,267.91
2026-09-28T21:15:38.911950,5,0.0,16520.0,30.27
2026-09-28T21:15:38.911950,6,0.0,9328.0,22.81
2026-09-28T21:15:38.911950,7,100.0,13106.0,115.5
2026-09-28T21:15:39.957258,4,0.0,20702.0,234.42
2026-09-28T21:15:39.957258,5,0.0,16520.0,30.38
2026-09-28T21:15:39.957258,6,0.0,9328.0,22.84
2026-09-28T21:15:39.957258,7,100.0,13106.0,115.11
2026-09-28T21:15:40.906864,4,0.0,20702.0,159.17
2026-09-28T21:15:40.906864,5,0.0,16520.0,30.49
2026-09-28T21:15:40.906864,6,12.0,9328.0,59.49
2026-09-28T21:15:40.906864,7,12.0,13106.0,110.03
2026-09-28T21:15:41.907912,4,0.0,20702.0,123.92
2026-09-28T21:15:41.907912,5,0.0,16520.0,30.56
2026-09-28T21:15:41.907912,6,12.0,9328.0,84.85
2026-09-28T21:15:41.907912,7,12.0,13106.0,107.06
2026-09-28T21:15:42.908710,4,0.0,20702.0,98.93
2026-09-28T21:15:42.908710,5,0.0,16520.0,30.5
2026-09-28T21:15:42.908710,6,99.0,9328.0,86.6
2026-09-28T21:15:42.908710,7,13.0,13106.0,96.86
2026-09-28T21:15:43.907234,4,0.0,20702.0,92.42
2026-09-28T21:15:43.907234,5,96.0,16520.0,239.54
2026-09-28T21:15:43.907234,6,0.0,9328.0,98.05
2026-09-28T21:15:43.907234,7,100.0,13106.0,100.29
2026-09-28T21:15:44.906525,4,0.0,20702.0,85.97
2026-09-28T21:15:44.906525,5,95.0,16520.0,444.3
2026-09-28T21:15:44.906525,6,0.0,9328.0,94.28
2026-09-28T21:15:44.906525,7,100.0,13106.0,114.3
2026-09-28T21:15:45.923050,4,0.0,20702.0,85.29
2026-09-28T21:15:45.923050,5,95.0,16520.0,448.2
2026-09-28T21:15:45.923050,6,0.0,9328.0,90.09
2026-09-28T21:15:45.923050,7,100.0,13106.0,114.11
2026-09-28T21:15:46.908835,4,0.0,20702.0,85.29
2026-09-28T21:15:46.908835,5,95.0,16520.0,448.88
2026-09-28T21:15:46.908835,6,0.0,9328.0,84.77
2026-09-28T21:15:46.908835,7,100.0,13106.0,113.8
2026-09-28T21:15:47.906345,4,0.0,20702.0,85.08
2026-09-28T21:15:47.906345,5,96.0,16520.0,448.15
2026-09-28T21:15:47.906345,6,0.0,9328.0,79.73
2026-09-28T21:15:47.906345,7,100.0,13106.0,113.35
2026-09-28T21:15:48.907694,4,0.0,20702.0,84.94
2026-09-28T21:15:48.907694,5,96.0,16520.0,448.1
2026-09-28T21:15:48.907694,6,0.0,9328.0,80.03
2026-09-28T21:15:48.907694,7,100.0,13106.0,113.37
2026-09-28T21:15:49.909172,4,0.0,20702.0,84.82
2026-09-28T21:15:49.909172,5,96.0,16520.0,447.83
2026-09-28T21:15:49.909172,6,0.0,9328.0,80.11
2026-09-28T21:15:49.909172,7,100.0,13106.0,113.3
2026-09-28T21:15:50.908069,4,0.0,20702.0,84.68
2026-09-28T21:15:50.908069,5,95.0,16520.0,448.35
2026-09-28T21:15:50.908069,6,0.0,9328.0,79.93
2026-09-28T21:15:50.908069,7,100.0,13106.0,113.45
2026-09-28T21:15:51.906507,4,0.0,20702.0,84.35
2026-09-28T21:15:51.906507,5,95.0,16520.0,447.7
2026-09-28T21:15:51.906507,6,0.0,9328.0,79.9
2026-09-28T21:15:51.906507,7,100.0,13106.0,113.3
2026-09-28T21:15:52.942246,4,0.0,20702.0,83.76
2026-09-28T21:15:52.942246,5,99.0,16520.0,449.35
2026-09-28T21:15:52.942246,6,0.0,9328.0,79.75
2026-09-28T21:15:52.942246,7,100.0,13106.0,112.57
2026-09-28T21:15:53.905599,4,0.0,20702.0,83.76
2026-09-28T21:15:53.905599,5,95.0,16520.0,448.05
2026-09-28T21:15:53.905599,6,0.0,9328.0,79.69
2026-09-28T21:15:53.905599,7,100.0,13106.0,112.62
2026-09-28T21:15:54.907502,4,0.0,20702.0,83.66
2026-09-28T21:15:54.907502,5,94.0,16520.0,447.92
2026-09-28T21:15:54.907502,6,0.0,9328.0,79.66
2026-09-28T21:15:54.907502,7,100.0,13106.0,112.89
2026-09-28T21:15:55.908880,4,0.0,20702.0,83.38
2026-09-28T21:15:55.908880,5,95.0,16520.0,448.49
2026-09-28T21:15:55.908880,6,0.0,9328.0,79.65
2026-09-28T21:15:55.908880,7,100.0,13106.0,112.65
2026-09-28T21:15:56.907544,4,0.0,20702.0,83.03
2026-09-28T21:15:56.907544,5,94.0,16520.0,447.5
2026-09-28T21:15:56.907544,6,0.0,9328.0,79.71
2026-09-28T21:15:56.907544,7,100.0,13106.0,112.5
2026-09-28T21:15:57.907108,4,0.0,20702.0,70.32
2026-09-28T21:15:57.907108,5,95.0,16520.0,448.41
2026-09-28T21:15:57.907108,6,0.0,9328.0,79.67
2026-09-28T21:15:57.907108,7,100.0,13106.0,112.6
2026-09-28T21:15:58.933777,4,0.0,20702.0,25.49
2026-09-28T21:15:58.933777,5,94.0,16520.0,448.73
2026-09-28T21:15:58.933777,6,0.0,9328.0,79.54
2026-09-28T21:15:58.933777,7,100.0,13106.0,112.67
2026-09-28T21:15:59.912635,4,0.0,20702.0,25.49
2026-09-28T21:15:59.912635,5,96.0,16520.0,449.2
2026-09-28T21:15:59.912635,6,0.0,9328.0,79.65
2026-09-28T21:15:59.912635,7,100.0,13106.0,112.9
2026-09-28T21:16:00.917190,4,0.0,20702.0,21.8
2026-09-28T21:16:00.917190,5,95.0,16520.0,448.12
2026-09-28T21:16:00.917190,6,0.0,9328.0,79.86
2026-09-28T21:16:00.917190,7,100.0,13106.0,112.5
2026-09-28T21:16:01.912014,4,0.0,20702.0,21.8
2026-09-28T21:16:01.912014,5,95.0,16520.0,446.18
2026-09-28T21:16:01.912014,6,0.0,9328.0,57.46
2026-09-28T21:16:01.912014,7,100.0,13106.0,112.61
2026-09-28T21:16:02.919246,4,0.0,20702.0,21.41
2026-09-28T21:16:02.919246,5,95.0,16520.0,448.54
2026-09-28T21:16:02.919246,6,0.0,9328.0,28.78
2026-09-28T21:16:02.919246,7,100.0,13106.0,112.48
2026-09-28T21:16:03.913460,4,0.0,20702.0,21.41
2026-09-28T21:16:03.913460,5,96.0,16520.0,448.64
2026-09-28T21:16:03.913460,6,0.0,9328.0,22.55
2026-09-28T21:16:03.913460,7,100.0,13106.0,112.47
2026-09-28T21:16:04.925643,4,0.0,20702.0,21.4
2026-09-28T21:16:04.925643,5,95.0,16520.0,448.59
2026-09-28T21:16:04.925643,6,0.0,9328.0,22.5
2026-09-28T21:16:04.925643,7,100.0,13106.0,112.22
2026-09-28T21:16:05.934304,4,0.0,20702.0,21.17
2026-09-28T21:16:05.934304,5,95.0,16520.0,448.29
2026-09-28T21:16:05.934304,6,0.0,9328.0,22.47
2026-09-28T21:16:05.934304,7,100.0,13106.0,112.47
2026-09-28T21:16:06.925589,4,0.0,20702.0,21.04
2026-09-28T21:16:06.925589,5,95.0,16520.0,448.45
2026-09-28T21:16:06.925589,6,0.0,9328.0,22.45
2026-09-28T21:16:06.925589,7,100.0,13106.0,112.75
2026-09-28T21:16:07.911425,4,0.0,20702.0,20.98
2026-09-28T21:16:07.911425,5,99.0,16520.0,448.98
2026-09-28T21:16:07.911425,6,0.0,9328.0,22.4
2026-09-28T21:16:07.911425,7,100.0,13106.0,112.63
2026-09-28T21:16:08.912339,4,0.0,20702.0,20.93
2026-09-28T21:16:08.912339,5,99.0,16520.0,449.3
2026-09-28T21:16:08.912339,6,0.0,9328.0,22.31
2026-09-28T21:16:08.912339,7,100.0,13106.0,112.46
2026-09-28T21:16:09.912827,4,0.0,20702.0,20.8
2026-09-28T21:16:09.912827,5,96.0,16520.0,448.48
2026-09-28T21:16:09.912827,6,0.0,9328.0,22.19
2026-09-28T21:16:09.912827,7,100.0,13106.0,112.16
2026-09-28T21:16:10.914386,4,0.0,20702.0,20.62
2026-09-28T21:16:10.914386,5,99.0,16520.0,449.33
2026-09-28T21:16:10.914386,6,0.0,9328.0,22.2
2026-09-28T21:16:10.914386,7,100.0,13106.0,112.31
2026-09-28T21:16:11.961399,4,0.0,20702.0,20.47
2026-09-28T21:16:11.961399,5,95.0,16520.0,448.93
2026-09-28T21:16:11.961399,6,0.0,9328.0,22.18
2026-09-28T21:16:11.961399,7,100.0,13106.0,112.38
2026-09-28T21:16:12.912461,4,0.0,20702.0,20.47
2026-09-28T21:16:12.912461,5,96.0,16520.0,448.26
2026-09-28T21:16:12.912461,6,0.0,9328.0,22.13
2026-09-28T21:16:12.912461,7,100.0,13106.0,112.32
2026-09-28T21:16:13.915269,4,0.0,20702.0,20.58
2026-09-28T21:16:13.915269,5,0.0,16520.0,270.9
2026-09-28T21:16:13.915269,6,92.0,9328.0,71.49
2026-09-28T21:16:13.915269,7,93.0,13106.0,180.15
2026-09-28T21:16:14.918981,4,0.0,20702.0,20.6
2026-09-28T21:16:14.918981,5,0.0,16520.0,154.79
2026-09-28T21:16:14.918981,6,92.0,9328.0,339.84
2026-09-28T21:16:14.918981,7,94.0,13106.0,393.44
2026-09-28T21:16:15.920698,4,0.0,20702.0,20.65
2026-09-28T21:16:15.920698,5,0.0,16520.0,118.79
2026-09-28T21:16:15.920698,6,92.0,9328.0,335.96
2026-09-28T21:16:15.920698,7,95.0,13106.0,398.13
2026-09-28T21:16:16.914299,4,0.0,20702.0,20.82
2026-09-28T21:16:16.914299,5,0.0,16520.0,111.14
2026-09-28T21:16:16.914299,6,93.0,9328.0,340.86
2026-09-28T21:16:16.914299,7,95.0,13106.0,393.0
2026-09-28T21:16:17.949661,4,0.0,20702.0,20.58
2026-09-28T21:16:17.949661,5,0.0,16520.0,103.59
2026-09-28T21:16:17.949661,6,94.0,9328.0,333.98
2026-09-28T21:16:17.949661,7,95.0,13106.0,396.43
2026-09-28T21:16:18.915684,4,0.0,20702.0,20.58
2026-09-28T21:16:18.915684,5,0.0,16520.0,103.52
2026-09-28T21:16:18.915684,6,95.0,9328.0,350.65
2026-09-28T21:16:18.915684,7,94.0,13106.0,398.97
2026-09-28T21:16:19.916329,4,0.0,20702.0,20.92
2026-09-28T21:16:19.916329,5,0.0,16520.0,103.21
2026-09-28T21:16:19.916329,6,95.0,9328.0,341.42
2026-09-28T21:16:19.916329,7,96.0,13106.0,396.89
2026-09-28T21:16:20.916015,4,0.0,20702.0,21.06
2026-09-28T21:16:20.916015,5,0.0,16520.0,102.6
2026-09-28T21:16:20.916015,6,93.0,9328.0,341.96
2026-09-28T21:16:20.916015,7,95.0,13106.0,389.94
2026-09-28T21:16:21.916755,4,0.0,20702.0,20.94
2026-09-28T21:16:21.916755,5,0.0,16520.0,101.92
2026-09-28T21:16:21.916755,6,94.0,9328.0,345.4
2026-09-28T21:16:21.916755,7,96.0,13106.0,402.68
2026-09-28T21:16:22.912660,4,0.0,20702.0,20.88
2026-09-28T21:16:22.912660,5,0.0,16520.0,101.28
2026-09-28T21:16:22.912660,6,95.0,9328.0,350.11
2026-09-28T21:16:22.912660,7,95.0,13106.0,398.34
2026-09-28T21:16:23.939014,4,0.0,20702.0,20.56
2026-09-28T21:16:23.939014,5,0.0,16520.0,100.5
2026-09-28T21:16:23.939014,6,94.0,9328.0,351.99
2026-09-28T21:16:23.939014,7,95.0,13106.0,405.28
2026-09-28T21:16:24.915014,4,0.0,20702.0,20.56
2026-09-28T21:16:24.915014,5,0.0,16520.0,99.67
2026-09-28T21:16:24.915014,6,95.0,9328.0,348.3
2026-09-28T21:16:24.915014,7,95.0,13106.0,400.36
2026-09-28T21:16:25.916747,4,0.0,20702.0,20.55
2026-09-28T21:16:25.916747,5,0.0,16520.0,98.96
2026-09-28T21:16:25.916747,6,95.0,9328.0,361.35
2026-09-28T21:16:25.916747,7,95.0,13106.0,399.0
2026-09-28T21:16:26.918224,4,0.0,20702.0,20.59
2026-09-28T21:16:26.918224,5,0.0,16520.0,98.14
2026-09-28T21:16:26.918224,6,94.0,9328.0,351.29
2026-09-28T21:16:26.918224,7,94.0,13106.0,396.46
2026-09-28T21:16:27.915259,4,0.0,20702.0,20.69
2026-09-28T21:16:27.915259,5,0.0,16520.0,97.65
2026-09-28T21:16:27.915259,6,94.0,9328.0,342.46
2026-09-28T21:16:27.915259,7,94.0,13106.0,401.94
2026-09-28T21:16:28.917252,4,0.0,20702.0,20.88
2026-09-28T21:16:28.917252,5,0.0,16520.0,97.41
2026-09-28T21:16:28.917252,6,94.0,9328.0,337.04
2026-09-28T21:16:28.917252,7,95.0,13106.0,403.46
2026-09-28T21:16:29.914370,4,0.0,20702.0,20.89
2026-09-28T21:16:29.914370,5,0.0,16520.0,96.99
2026-09-28T21:16:29.914370,6,93.0,9328.0,327.13
2026-09-28T21:16:29.914370,7,95.0,13106.0,411.82
2026-09-28T21:16:30.937742,4,0.0,20702.0,20.95
2026-09-28T21:16:30.937742,5,0.0,16520.0,92.27
2026-09-28T21:16:30.937742,6,95.0,9328.0,327.21
2026-09-28T21:16:30.937742,7,91.0,13106.0,404.92
2026-09-28T21:16:31.917360,4,0.0,20702.0,20.79
2026-09-28T21:16:31.917360,5,0.0,16520.0,66.64
2026-09-28T21:16:31.917360,6,96.0,9328.0,343.97
2026-09-28T21:16:31.917360,7,86.0,13106.0,407.3
2026-09-28T21:16:32.918878,4,0.0,20702.0,20.62
2026-09-28T21:16:32.918878,5,0.0,16520.0,40.24
2026-09-28T21:16:32.918878,6,96.0,9328.0,347.43
2026-09-28T21:16:32.918878,7,87.0,13106.0,409.71
2026-09-28T21:16:33.915697,4,0.0,20702.0,20.62
2026-09-28T21:16:33.915697,5,0.0,16520.0,34.75
2026-09-28T21:16:33.915697,6,96.0,9328.0,340.02
2026-09-28T21:16:33.915697,7,86.0,13106.0,405.86
2026-09-28T21:16:34.918077,4,0.0,20702.0,20.62
2026-09-28T21:16:34.918077,5,0.0,16520.0,34.1
2026-09-28T21:16:34.918077,6,97.0,9328.0,354.53
2026-09-28T21:16:34.918077,7,86.0,13106.0,410.47
2026-09-28T21:16:35.915886,4,0.0,20702.0,20.5
2026-09-28T21:16:35.915886,5,0.0,16520.0,33.47
2026-09-28T21:16:35.915886,6,93.0,9328.0,346.74
2026-09-28T21:16:35.915886,7,85.0,13106.0,407.21
2026-09-28T21:16:36.968270,4,0.0,20702.0,20.37
2026-09-28T21:16:36.968270,5,0.0,16520.0,33.02
2026-09-28T21:16:36.968270,6,87.0,9328.0,341.96
2026-09-28T21:16:36.968270,7,84.0,13106.0,407.85
2026-09-28T21:16:37.916588,4,0.0,20702.0,20.37
2026-09-28T21:16:37.916588,5,0.0,16520.0,32.9
2026-09-28T21:16:37.916588,6,86.0,9328.0,346.64
2026-09-28T21:16:37.916588,7,83.0,13106.0,404.6
2026-09-28T21:16:38.915483,4,0.0,20702.0,20.38
2026-09-28T21:16:38.915483,5,0.0,16520.0,32.87
2026-09-28T21:16:38.915483,6,85.0,9328.0,358.85
2026-09-28T21:16:38.915483,7,82.0,13106.0,403.85
2026-09-28T21:16:39.915449,4,0.0,20702.0,20.38
2026-09-28T21:16:39.915449,5,0.0,16520.0,32.71
2026-09-28T21:16:39.915449,6,77.0,9328.0,344.96
2026-09-28T21:16:39.915449,7,84.0,13106.0,410.09
2026-09-28T21:16:40.917910,4,0.0,20702.0,20.42
2026-09-28T21:16:40.917910,5,0.0,16520.0,32.53
2026-09-28T21:16:40.917910,6,80.0,9328.0,351.61
2026-09-28T21:16:40.917910,7,82.0,13106.0,414.12
2026-09-28T21:16:41.917648,4,0.0,20702.0,20.32
2026-09-28T21:16:41.917648,5,0.0,16520.0,32.39
2026-09-28T21:16:41.917648,6,80.0,9328.0,352.08
2026-09-28T21:16:41.917648,7,92.0,13106.0,407.64
2026-09-28T21:16:42.971691,4,0.0,20702.0,20.46
2026-09-28T21:16:42.971691,5,0.0,16520.0,32.34
2026-09-28T21:16:42.971691,6,78.0,9328.0,352.12
2026-09-28T21:16:42.971691,7,88.0,13106.0,419.17
2026-09-28T21:16:43.920351,4,0.0,20702.0,20.46
2026-09-28T21:16:43.920351,5,0.0,16520.0,32.3
2026-09-28T21:16:43.920351,6,78.0,9328.0,340.56
2026-09-28T21:16:43.920351,7,81.0,13106.0,418.0
2026-09-28T21:16:44.919985,4,0.0,20702.0,20.56
2026-09-28T21:16:44.919985,5,0.0,16520.0,32.28
2026-09-28T21:16:44.919985,6,76.0,9328.0,346.58
2026-09-28T21:16:44.919985,7,90.0,13106.0,408.27
2026-09-28T21:16:45.918003,4,0.0,20702.0,20.52
2026-09-28T21:16:45.918003,5,0.0,16520.0,32.06
2026-09-28T21:16:45.918003,6,76.0,9328.0,346.58
2026-09-28T21:16:45.918003,7,93.0,13106.0,413.46
2026-09-28T21:16:46.916670,4,0.0,20702.0,20.27
2026-09-28T21:16:46.916670,5,0.0,16520.0,31.76
2026-09-28T21:16:46.916670,6,76.0,9328.0,346.23
2026-09-28T21:16:46.916670,7,86.0,13106.0,414.55
2026-09-28T21:16:47.914127,4,0.0,20702.0,20.24
2026-09-28T21:16:47.914127,5,0.0,16520.0,31.81
2026-09-28T21:16:47.914127,6,79.0,9328.0,349.34
2026-09-28T21:16:47.914127,7,87.0,13106.0,411.28
2026-09-28T21:16:48.976340,4,0.0,20702.0,20.13
2026-09-28T21:16:48.976340,5,0.0,16520.0,31.96
2026-09-28T21:16:48.976340,6,77.0,9328.0,349.51
2026-09-28T21:16:48.976340,7,86.0,13106.0,414.86
2026-09-28T21:16:49.915920,4,0.0,20702.0,20.13
2026-09-28T21:16:49.915920,5,0.0,16520.0,31.76
2026-09-28T21:16:49.915920,6,76.0,9328.0,354.36
2026-09-28T21:16:49.915920,7,84.0,13106.0,414.39
2026-09-28T21:16:50.916674,4,0.0,20702.0,20.25
2026-09-28T21:16:50.916674,5,0.0,16520.0,31.59
2026-09-28T21:16:50.916674,6,81.0,9328.0,347.79
2026-09-28T21:16:50.916674,7,84.0,13106.0,413.06
2026-09-28T21:16:51.919476,4,0.0,20702.0,20.34
2026-09-28T21:16:51.919476,5,0.0,16520.0,31.52
2026-09-28T21:16:51.919476,6,85.0,9328.0,343.76
2026-09-28T21:16:51.919476,7,84.0,13106.0,415.37
2026-09-28T21:16:52.916546,4,0.0,20702.0,20.35
2026-09-28T21:16:52.916546,5,0.0,16520.0,31.35
2026-09-28T21:16:52.916546,6,90.0,9328.0,354.17
2026-09-28T21:16:52.916546,7,84.0,13106.0,411.78
2026-09-28T21:16:53.919651,4,0.0,20702.0,20.38
2026-09-28T21:16:53.919651,5,0.0,16520.0,31.29
2026-09-28T21:16:53.919651,6,91.0,9328.0,355.99
2026-09-28T21:16:53.919651,7,83.0,13106.0,416.01
2026-09-28T21:16:54.956156,4,0.0,20702.0,20.32
2026-09-28T21:16:54.956156,5,0.0,16520.0,31.45
2026-09-28T21:16:54.956156,6,91.0,9328.0,350.92
2026-09-28T21:16:54.956156,7,87.0,13106.0,413.18
2026-09-28T21:16:55.918374,4,0.0,20702.0,20.32
2026-09-28T21:16:55.918374,5,0.0,16520.0,31.39
2026-09-28T21:16:55.918374,6,89.0,9328.0,347.11
2026-09-28T21:16:55.918374,7,84.0,13106.0,420.8
2026-09-28T21:16:56.919314,4,0.0,20702.0,20.32
2026-09-28T21:16:56.919314,5,0.0,16520.0,31.18
2026-09-28T21:16:56.919314,6,92.0,9328.0,351.34
2026-09-28T21:16:56.919314,7,83.0,13106.0,409.03
2026-09-28T21:16:57.919498,4,0.0,20702.0,20.41
2026-09-28T21:16:57.919498,5,0.0,16520.0,31.36
2026-09-28T21:16:57.919498,6,93.0,9328.0,354.1
2026-09-28T21:16:57.919498,7,85.0,13106.0,408.63
2026-09-28T21:16:58.915541,4,0.0,20702.0,20.34
2026-09-28T21:16:58.915541,5,0.0,16520.0,31.42
2026-09-28T21:16:58.915541,6,94.0,9328.0,354.21
2026-09-28T21:16:58.915541,7,84.0,13106.0,413.0
2026-09-28T21:16:59.917363,4,0.0,20702.0,20.27
2026-09-28T21:16:59.917363,5,0.0,16520.0,31.16
2026-09-28T21:16:59.917363,6,93.0,9328.0,351.04
2026-09-28T21:16:59.917363,7,82.0,13106.0,412.13
2026-09-28T21:17:00.952325,4,0.0,20702.0,20.17
2026-09-28T21:17:00.952325,5,0.0,16520.0,31.11
2026-09-28T21:17:00.952325,6,95.0,9328.0,352.81
2026-09-28T21:17:00.952325,7,88.0,13106.0,409.24
2026-09-28T21:17:01.919963,4,0.0,20702.0,20.17
2026-09-28T21:17:01.919963,5,0.0,16520.0,31.18
2026-09-28T21:17:01.919963,6,93.0,9328.0,356.11
2026-09-28T21:17:01.919963,7,91.0,13106.0,407.34
2026-09-28T21:17:02.917599,4,0.0,20702.0,20.04
2026-09-28T21:17:02.917599,5,0.0,16520.0,31.07
2026-09-28T21:17:02.917599,6,93.0,9328.0,349.26
2026-09-28T21:17:02.917599,7,92.0,13106.0,414.19
2026-09-28T21:17:03.922733,4,0.0,20702.0,19.95
2026-09-28T21:17:03.922733,5,0.0,16520.0,30.96
2026-09-28T21:17:03.922733,6,93.0,9328.0,354.52
2026-09-28T21:17:03.922733,7,94.0,13106.0,417.43
2026-09-28T21:17:04.924752,4,0.0,20702.0,20.06
2026-09-28T21:17:04.924752,5,0.0,16520.0,31.05
2026-09-28T21:17:04.924752,6,94.0,9328.0,352.4
2026-09-28T21:17:04.924752,7,90.0,13106.0,421.31
2026-09-28T21:17:05.916625,4,0.0,20702.0,20.06
2026-09-28T21:17:05.916625,5,0.0,16520.0,31.01
2026-09-28T21:17:05.916625,6,94.0,9328.0,356.82
2026-09-28T21:17:05.916625,7,91.0,13106.0,414.09
2026-09-28T21:17:06.946745,4,0.0,20702.0,20.18
2026-09-28T21:17:06.946745,5,0.0,16520.0,31.11
2026-09-28T21:17:06.946745,6,95.0,9328.0,353.57
2026-09-28T21:17:06.946745,7,94.0,13106.0,413.87
2026-09-28T21:17:07.919150,4,0.0,20702.0,20.18
2026-09-28T21:17:07.919150,5,0.0,16520.0,31.24
2026-09-28T21:17:07.919150,6,93.0,9328.0,352.15
2026-09-28T21:17:07.919150,7,91.0,13106.0,421.16
2026-09-28T21:17:08.920839,4,0.0,20702.0,19.88
2026-09-28T21:17:08.920839,5,0.0,16520.0,31.19
2026-09-28T21:17:08.920839,6,94.0,9328.0,356.83
2026-09-28T21:17:08.920839,7,92.0,13106.0,413.57
2026-09-28T21:17:09.915827,4,0.0,20702.0,19.88
2026-09-28T21:17:09.915827,5,0.0,16520.0,31.28
2026-09-28T21:17:09.915827,6,95.0,9328.0,370.69
2026-09-28T21:17:09.915827,7,93.0,13106.0,416.73
2026-09-28T21:17:10.917489,4,0.0,20702.0,19.9
2026-09-28T21:17:10.917489,5,0.0,16520.0,31.37
2026-09-28T21:17:10.917489,6,95.0,9328.0,366.76
2026-09-28T21:17:10.917489,7,94.0,13106.0,415.95
2026-09-28T21:17:11.916315,4,0.0,20702.0,20.0
2026-09-28T21:17:11.916315,5,0.0,16520.0,31.34
2026-09-28T21:17:11.916315,6,95.0,9328.0,364.83
2026-09-28T21:17:11.916315,7,92.0,13106.0,417.92
2026-09-28T21:17:12.926360,4,0.0,20702.0,19.99
2026-09-28T21:17:12.926360,5,0.0,16520.0,31.2
2026-09-28T21:17:12.926360,6,95.0,9328.0,364.87
2026-09-28T21:17:12.926360,7,92.0,13106.0,411.8
2026-09-28T21:17:13.947482,4,0.0,20702.0,20.02
2026-09-28T21:17:13.947482,5,0.0,16520.0,31.02
2026-09-28T21:17:13.947482,6,94.0,9328.0,359.93
2026-09-28T21:17:13.947482,7,94.0,13106.0,413.36
2026-09-28T21:17:14.921417,4,0.0,20702.0,20.02
2026-09-28T21:17:14.921417,5,0.0,16520.0,31.03
2026-09-28T21:17:14.921417,6,95.0,9328.0,361.16
2026-09-28T21:17:14.921417,7,95.0,13106.0,415.6
2026-09-28T21:17:15.927382,4,0.0,20702.0,20.21
2026-09-28T21:17:15.927382,5,0.0,16520.0,31.28
2026-09-28T21:17:15.927382,6,95.0,9328.0,364.36
2026-09-28T21:17:15.927382,7,95.0,13106.0,413.65
2026-09-28T21:17:16.918892,4,0.0,20702.0,20.21
2026-09-28T21:17:16.918892,5,0.0,16520.0,31.2
2026-09-28T21:17:16.918892,6,95.0,9328.0,356.6
2026-09-28T21:17:16.918892,7,95.0,13106.0,417.54
2026-09-28T21:17:17.917606,4,57.0,20702.0,27.97
2026-09-28T21:17:17.917606,5,0.0,16520.0,31.08
2026-09-28T21:17:17.917606,6,0.0,9328.0,169.59
2026-09-28T21:17:17.917606,7,99.0,13106.0,189.11
2026-09-28T21:17:18.918689,4,91.0,20702.0,374.39
2026-09-28T21:17:18.918689,5,0.0,16520.0,31.05
2026-09-28T21:17:18.918689,6,0.0,9328.0,112.46
2026-09-28T21:17:18.918689,7,100.0,13106.0,140.55
2026-09-28T21:17:19.957739,4,63.0,20702.0,299.33
2026-09-28T21:17:19.957739,5,0.0,16520.0,30.96
2026-09-28T21:17:19.957739,6,0.0,9328.0,104.51
2026-09-28T21:17:19.957739,7,100.0,13106.0,139.72
2026-09-28T21:17:20.919513,4,63.0,20702.0,300.53
2026-09-28T21:17:20.919513,5,0.0,16520.0,31.05
2026-09-28T21:17:20.919513,6,0.0,9328.0,98.94
2026-09-28T21:17:20.919513,7,100.0,13106.0,138.77
2026-09-28T21:17:21.919451,4,71.0,20702.0,302.78
2026-09-28T21:17:21.919451,5,0.0,16520.0,31.04
2026-09-28T21:17:21.919451,6,0.0,9328.0,93.77
2026-09-28T21:17:21.919451,7,100.0,13106.0,139.51
2026-09-28T21:17:22.920187,4,71.0,20702.0,306.54
2026-09-28T21:17:22.920187,5,0.0,16520.0,30.91
2026-09-28T21:17:22.920187,6,0.0,9328.0,93.81
2026-09-28T21:17:22.920187,7,100.0,13106.0,139.92
2026-09-28T21:17:23.928563,4,74.0,20702.0,310.61
2026-09-28T21:17:23.928563,5,0.0,16520.0,30.95
2026-09-28T21:17:23.928563,6,0.0,9328.0,93.79
2026-09-28T21:17:23.928563,7,100.0,13106.0,139.88
2026-09-28T21:17:24.920406,4,74.0,20702.0,312.45
2026-09-28T21:17:24.920406,5,0.0,16520.0,31.13
2026-09-28T21:17:24.920406,6,0.0,9328.0,93.61
2026-09-28T21:17:24.920406,7,100.0,13106.0,139.73
2026-09-28T21:17:25.991862,4,71.0,20702.0,314.63
2026-09-28T21:17:25.991862,5,0.0,16520.0,30.97
2026-09-28T21:17:25.991862,6,0.0,9328.0,93.08
2026-09-28T21:17:25.991862,7,100.0,13106.0,139.1
2026-09-28T21:17:26.919943,4,76.0,20702.0,316.35
2026-09-28T21:17:26.919943,5,0.0,16520.0,30.7
2026-09-28T21:17:26.919943,6,0.0,9328.0,92.26
2026-09-28T21:17:26.919943,7,100.0,13106.0,138.54
2026-09-28T21:17:27.928346,4,0.0,20702.0,252.7
2026-09-28T21:17:27.928346,5,0.0,16520.0,30.79
2026-09-28T21:17:27.928346,6,0.0,9328.0,91.29
2026-09-28T21:17:27.928346,7,100.0,13106.0,138.04
2026-09-28T21:17:28.922756,4,77.0,20702.0,318.89
2026-09-28T21:17:28.922756,5,0.0,16520.0,30.95
2026-09-28T21:17:28.922756,6,0.0,9328.0,90.35
2026-09-28T21:17:28.922756,7,100.0,13106.0,137.28
2026-09-28T21:17:29.919442,4,69.0,20702.0,319.51
2026-09-28T21:17:29.919442,5,0.0,16520.0,31.04
2026-09-28T21:17:29.919442,6,0.0,9328.0,89.19
2026-09-28T21:17:29.919442,7,100.0,13106.0,136.65
2026-09-28T21:17:30.916597,4,77.0,20702.0,321.52
2026-09-28T21:17:30.916597,5,0.0,16520.0,30.86
2026-09-28T21:17:30.916597,6,0.0,9328.0,87.74
2026-09-28T21:17:30.916597,7,100.0,13106.0,135.48
2026-09-28T21:17:31.954578,4,73.0,20702.0,325.7
2026-09-28T21:17:31.954578,5,0.0,16520.0,30.65
2026-09-28T21:17:31.954578,6,0.0,9328.0,86.44
2026-09-28T21:17:31.954578,7,100.0,13106.0,134.12
2026-09-28T21:17:32.920475,4,76.0,20702.0,325.75
2026-09-28T21:17:32.920475,5,0.0,16520.0,30.56
2026-09-28T21:17:32.920475,6,0.0,9328.0,85.67
2026-09-28T21:17:32.920475,7,100.0,13106.0,132.83
2026-09-28T21:17:33.919606,4,78.0,20702.0,326.02
2026-09-28T21:17:33.919606,5,0.0,16520.0,30.57
2026-09-28T21:17:33.919606,6,0.0,9328.0,85.25
2026-09-28T21:17:33.919606,7,100.0,13106.0,131.84
2026-09-28T21:17:34.920498,4,75.0,20702.0,326.05
2026-09-28T21:17:34.920498,5,0.0,16520.0,30.71
2026-09-28T21:17:34.920498,6,0.0,9328.0,74.7
2026-09-28T21:17:34.920498,7,100.0,13106.0,130.86
2026-09-28T21:17:35.920513,4,79.0,20702.0,326.63
2026-09-28T21:17:35.920513,5,0.0,16520.0,30.79
2026-09-28T21:17:35.920513,6,0.0,9328.0,47.39
2026-09-28T21:17:35.920513,7,100.0,13106.0,129.32
2026-09-28T21:17:36.920553,4,76.0,20702.0,329.99
2026-09-28T21:17:36.920553,5,0.0,16520.0,31.24
2026-09-28T21:17:36.920553,6,0.0,9328.0,27.44
2026-09-28T21:17:36.920553,7,100.0,13106.0,128.44
2026-09-28T21:17:37.922392,4,80.0,20702.0,329.29
2026-09-28T21:17:37.922392,5,0.0,16520.0,31.5
2026-09-28T21:17:37.922392,6,0.0,9328.0,24.48
2026-09-28T21:17:37.922392,7,100.0,13106.0,127.33
2026-09-28T21:17:38.929763,4,80.0,20702.0,330.35
2026-09-28T21:17:38.929763,5,0.0,16520.0,31.19
2026-09-28T21:17:38.929763,6,0.0,9328.0,24.49
2026-09-28T21:17:38.929763,7,100.0,13106.0,126.64
2026-09-28T21:17:39.924478,4,82.0,20702.0,333.47
2026-09-28T21:17:39.924478,5,0.0,16520.0,30.84
2026-09-28T21:17:39.924478,6,0.0,9328.0,24.45
2026-09-28T21:17:39.924478,7,100.0,13106.0,126.16
2026-09-28T21:17:40.924892,4,79.0,20702.0,335.44
2026-09-28T21:17:40.924892,5,0.0,16520.0,30.74
2026-09-28T21:17:40.924892,6,0.0,9328.0,24.42
2026-09-28T21:17:40.924892,7,100.0,13106.0,125.21
2026-09-28T21:17:41.921177,4,82.0,20702.0,336.72
2026-09-28T21:17:41.921177,5,0.0,16520.0,30.73
2026-09-28T21:17:41.921177,6,0.0,9328.0,24.29
2026-09-28T21:17:41.921177,7,100.0,13106.0,123.25
2026-09-28T21:17:42.920785,4,82.0,20702.0,336.4
2026-09-28T21:17:42.920785,5,0.0,16520.0,30.49
2026-09-28T21:17:42.920785,6,0.0,9328.0,23.84
2026-09-28T21:17:42.920785,7,100.0,13106.0,121.9
2026-09-28T21:17:43.918728,4,83.0,20702.0,317.36
2026-09-28T21:17:43.918728,5,0.0,16520.0,30.25
2026-09-28T21:17:43.918728,6,0.0,9328.0,23.44
2026-09-28T21:17:43.918728,7,100.0,13106.0,120.91
2026-09-28T21:17:44.975612,4,80.0,20702.0,293.06
2026-09-28T21:17:44.975612,5,0.0,16520.0,30.1
2026-09-28T21:17:44.975612,6,0.0,9328.0,23.23
2026-09-28T21:17:44.975612,7,100.0,13106.0,119.74
2026-09-28T21:17:45.922136,4,81.0,20702.0,331.67
2026-09-28T21:17:45.922136,5,0.0,16520.0,30.08
2026-09-28T21:17:45.922136,6,0.0,9328.0,23.03
2026-09-28T21:17:45.922136,7,100.0,13106.0,117.73
2026-09-28T21:17:46.926539,4,82.0,20702.0,333.45
2026-09-28T21:17:46.926539,5,0.0,16520.0,30.18
2026-09-28T21:17:46.926539,6,0.0,9328.0,22.94
2026-09-28T21:17:46.926539,7,100.0,13106.0,117.02
2026-09-28T21:17:47.923854,4,82.0,20702.0,334.22
2026-09-28T21:17:47.923854,5,0.0,16520.0,30.26
2026-09-28T21:17:47.923854,6,0.0,9328.0,22.94
2026-09-28T21:17:47.923854,7,100.0,13106.0,116.59
2026-09-28T21:17:48.926513,4,83.0,20702.0,336.92
2026-09-28T21:17:48.926513,5,0.0,16520.0,30.22
2026-09-28T21:17:48.926513,6,0.0,9328.0,22.97
2026-09-28T21:17:48.926513,7,100.0,13106.0,116.7
2026-09-28T21:17:49.921918,4,83.0,20702.0,336.36
2026-09-28T21:17:49.921918,5,0.0,16520.0,30.2
2026-09-28T21:17:49.921918,6,0.0,9328.0,23.06
2026-09-28T21:17:49.921918,7,100.0,13106.0,116.64
2026-09-28T21:17:50.943284,4,83.0,20702.0,337.79
2026-09-28T21:17:50.943284,5,0.0,16520.0,30.15
2026-09-28T21:17:50.943284,6,0.0,9328.0,23.06
2026-09-28T21:17:50.943284,7,100.0,13106.0,115.88
2026-09-28T21:17:51.927388,4,83.0,20702.0,339.92
2026-09-28T21:17:51.927388,5,0.0,16520.0,29.81
2026-09-28T21:17:51.927388,6,0.0,9328.0,23.11
2026-09-28T21:17:51.927388,7,100.0,13106.0,115.15
2026-09-28T21:17:52.919150,4,81.0,20702.0,340.77
2026-09-28T21:17:52.919150,5,0.0,16520.0,29.73
2026-09-28T21:17:52.919150,6,0.0,9328.0,23.13
2026-09-28T21:17:52.919150,7,100.0,13106.0,114.74
2026-09-28T21:17:53.925719,4,85.0,20702.0,341.09
2026-09-28T21:17:53.925719,5,0.0,16520.0,29.92
2026-09-28T21:17:53.925719,6,0.0,9328.0,22.97
2026-09-28T21:17:53.925719,7,100.0,13106.0,114.61
2026-09-28T21:17:54.923670,4,86.0,20702.0,341.87
2026-09-28T21:17:54.923670,5,0.0,16520.0,30.09
2026-09-28T21:17:54.923670,6,0.0,9328.0,22.91
2026-09-28T21:17:54.923670,7,100.0,13106.0,114.46
2026-09-28T21:17:55.920869,4,84.0,20702.0,344.38
2026-09-28T21:17:55.920869,5,0.0,16520.0,30.17
2026-09-28T21:17:55.920869,6,0.0,9328.0,22.87
2026-09-28T21:17:55.920869,7,100.0,13106.0,113.81
2026-09-28T21:17:56.970869,4,86.0,20702.0,343.09
2026-09-28T21:17:56.970869,5,0.0,16520.0,30.07
2026-09-28T21:17:56.970869,6,0.0,9328.0,22.87
2026-09-28T21:17:56.970869,7,100.0,13106.0,113.55
2026-09-28T21:17:57.926147,4,85.0,20702.0,336.15
2026-09-28T21:17:57.926147,5,0.0,16520.0,30.0
2026-09-28T21:17:57.926147,6,0.0,9328.0,22.93
2026-09-28T21:17:57.926147,7,100.0,13106.0,113.44
2026-09-28T21:17:58.926073,4,87.0,20702.0,329.51
2026-09-28T21:17:58.926073,5,0.0,16520.0,29.97
2026-09-28T21:17:58.926073,6,0.0,9328.0,22.9
2026-09-28T21:17:58.926073,7,100.0,13106.0,112.91
2026-09-28T21:17:59.924654,4,86.0,20702.0,325.77
2026-09-28T21:17:59.924654,5,0.0,16520.0,29.85
2026-09-28T21:17:59.924654,6,0.0,9328.0,22.86
2026-09-28T21:17:59.924654,7,100.0,13106.0,112.68
2026-09-28T21:18:00.919040,4,87.0,20702.0,328.51
2026-09-28T21:18:00.919040,5,0.0,16520.0,29.63
2026-09-28T21:18:00.919040,6,0.0,9328.0,22.79
2026-09-28T21:18:00.919040,7,100.0,13106.0,112.42
2026-09-28T21:18:01.921541,4,87.0,20702.0,330.24
2026-09-28T21:18:01.921541,5,0.0,16520.0,29.75
2026-09-28T21:18:01.921541,6,0.0,9328.0,22.71
2026-09-28T21:18:01.921541,7,100.0,13106.0,112.26
2026-09-28T21:18:02.985104,4,87.0,20702.0,328.42
2026-09-28T21:18:02.985104,5,0.0,16520.0,30.17
2026-09-28T21:18:02.985104,6,0.0,9328.0,22.61
2026-09-28T21:18:02.985104,7,100.0,13106.0,111.94
2026-09-28T21:18:03.921484,4,88.0,20702.0,326.92
2026-09-28T21:18:03.921484,5,0.0,16520.0,30.21
2026-09-28T21:18:03.921484,6,0.0,9328.0,22.56
2026-09-28T21:18:03.921484,7,100.0,13106.0,112.29
2026-09-28T21:18:04.928261,4,89.0,20702.0,318.53
2026-09-28T21:18:04.928261,5,0.0,16520.0,30.09
2026-09-28T21:18:04.928261,6,0.0,9328.0,22.52
2026-09-28T21:18:04.928261,7,100.0,13106.0,112.54
2026-09-28T21:18:05.926383,4,88.0,20702.0,316.6
2026-09-28T21:18:05.926383,5,0.0,16520.0,29.93
2026-09-28T21:18:05.926383,6,0.0,9328.0,22.57
2026-09-28T21:18:05.926383,7,100.0,13106.0,112.36
2026-09-28T21:18:06.925416,4,88.0,20702.0,306.86
2026-09-28T21:18:06.925416,5,0.0,16520.0,29.92
2026-09-28T21:18:06.925416,6,0.0,9328.0,22.59
2026-09-28T21:18:06.925416,7,100.0,13106.0,112.29
2026-09-28T21:18:07.922409,4,89.0,20702.0,307.64
2026-09-28T21:18:07.922409,5,0.0,16520.0,30.02
2026-09-28T21:18:07.922409,6,0.0,9328.0,22.49
2026-09-28T21:18:07.922409,7,100.0,13106.0,112.2
2026-09-28T21:18:08.995540,4,90.0,20702.0,300.43
2026-09-28T21:18:08.995540,5,0.0,16520.0,29.91
2026-09-28T21:18:08.995540,6,0.0,9328.0,22.5
2026-09-28T21:18:08.995540,7,100.0,13106.0,111.97
2026-09-28T21:18:09.924194,4,89.0,20702.0,295.14
2026-09-28T21:18:09.924194,5,0.0,16520.0,29.97
2026-09-28T21:18:09.924194,6,0.0,9328.0,22.45
2026-09-28T21:18:09.924194,7,100.0,13106.0,111.93
2026-09-28T21:18:10.922094,4,90.0,20702.0,283.09
2026-09-28T21:18:10.922094,5,0.0,16520.0,30.14
2026-09-28T21:18:10.922094,6,0.0,9328.0,22.42
2026-09-28T21:18:10.922094,7,100.0,13106.0,112.19
2026-09-28T21:18:11.924863,4,90.0,20702.0,278.68
2026-09-28T21:18:11.924863,5,0.0,16520.0,30.13
2026-09-28T21:18:11.924863,6,0.0,9328.0,22.44
2026-09-28T21:18:11.924863,7,100.0,13106.0,111.95
2026-09-28T21:18:12.922209,4,91.0,20702.0,274.35
2026-09-28T21:18:12.922209,5,0.0,16520.0,29.87
2026-09-28T21:18:12.922209,6,0.0,9328.0,22.36
2026-09-28T21:18:12.922209,7,100.0,13106.0,112.1
2026-09-28T21:18:13.922909,4,91.0,20702.0,270.48
2026-09-28T21:18:13.922909,5,0.0,16520.0,29.67
2026-09-28T21:18:13.922909,6,0.0,9328.0,22.31
2026-09-28T21:18:13.922909,7,100.0,13106.0,111.93
2026-09-28T21:18:14.981091,4,0.0,20702.0,242.16
2026-09-28T21:18:14.981091,5,0.0,16520.0,29.85
2026-09-28T21:18:14.981091,6,0.0,9328.0,22.34
2026-09-28T21:18:14.981091,7,100.0,13106.0,111.92
2026-09-28T21:18:15.918594,4,0.0,20702.0,167.02
2026-09-28T21:18:15.918594,5,0.0,16520.0,29.97
2026-09-28T21:18:15.918594,6,12.0,9328.0,56.94
2026-09-28T21:18:15.918594,7,12.0,13106.0,107.74
2026-09-28T21:18:16.921043,4,0.0,20702.0,121.55
2026-09-28T21:18:16.921043,5,0.0,16520.0,29.88
2026-09-28T21:18:16.921043,6,12.0,9328.0,85.95
2026-09-28T21:18:16.921043,7,12.0,13106.0,102.57
2026-09-28T21:18:17.920176,4,0.0,20702.0,101.28
2026-09-28T21:18:17.920176,5,0.0,16520.0,30.05
2026-09-28T21:18:17.920176,6,12.0,9328.0,83.92
2026-09-28T21:18:17.920176,7,12.0,13106.0,95.01
2026-09-28T21:18:18.923096,4,0.0,20702.0,94.39
2026-09-28T21:18:18.923096,5,0.0,16520.0,30.43
2026-09-28T21:18:18.923096,6,11.0,9328.0,85.15
2026-09-28T21:18:18.923096,7,12.0,13106.0,89.74
2026-09-28T21:18:19.918232,4,0.0,20702.0,87.44
2026-09-28T21:18:19.918232,5,93.0,16520.0,128.62
2026-09-28T21:18:19.918232,6,0.0,9328.0,98.05
2026-09-28T21:18:19.918232,7,100.0,13106.0,92.39
2026-09-28T21:18:20.935847,4,0.0,20702.0,86.82
2026-09-28T21:18:20.935847,5,94.0,16520.0,452.37
2026-09-28T21:18:20.935847,6,0.0,9328.0,93.92
2026-09-28T21:18:20.935847,7,100.0,13106.0,111.48
2026-09-28T21:18:21.921041,4,0.0,20702.0,86.82
2026-09-28T21:18:21.921041,5,96.0,16520.0,447.42
2026-09-28T21:18:21.921041,6,0.0,9328.0,90.48
2026-09-28T21:18:21.921041,7,100.0,13106.0,111.71
2026-09-28T21:18:22.919797,4,0.0,20702.0,86.47
2026-09-28T21:18:22.919797,5,99.0,16520.0,449.31
2026-09-28T21:18:22.919797,6,0.0,9328.0,84.93
2026-09-28T21:18:22.919797,7,100.0,13106.0,111.27
2026-09-28T21:18:23.921447,4,0.0,20702.0,86.13
2026-09-28T21:18:23.921447,5,96.0,16520.0,448.62
2026-09-28T21:18:23.921447,6,0.0,9328.0,79.62
2026-09-28T21:18:23.921447,7,100.0,13106.0,111.63
2026-09-28T21:18:24.920844,4,0.0,20702.0,85.91
2026-09-28T21:18:24.920844,5,95.0,16520.0,447.81
2026-09-28T21:18:24.920844,6,0.0,9328.0,79.86
2026-09-28T21:18:24.920844,7,100.0,13106.0,111.73
2026-09-28T21:18:25.918011,4,0.0,20702.0,85.6
2026-09-28T21:18:25.918011,5,95.0,16520.0,448.52
2026-09-28T21:18:25.918011,6,0.0,9328.0,79.88
2026-09-28T21:18:25.918011,7,100.0,13106.0,112.16
2026-09-28T21:18:26.917474,4,0.0,20702.0,85.17
2026-09-28T21:18:26.917474,5,95.0,16520.0,448.19
2026-09-28T21:18:26.917474,6,0.0,9328.0,79.67
2026-09-28T21:18:26.917474,7,100.0,13106.0,111.85
2026-09-28T21:18:27.952539,4,0.0,20702.0,84.59
2026-09-28T21:18:27.952539,5,95.0,16520.0,448.42
2026-09-28T21:18:27.952539,6,0.0,9328.0,79.56
2026-09-28T21:18:27.952539,7,100.0,13106.0,111.68
2026-09-28T21:18:28.921124,4,0.0,20702.0,84.59
2026-09-28T21:18:28.921124,5,95.0,16520.0,449.34
2026-09-28T21:18:28.921124,6,0.0,9328.0,79.61
2026-09-28T21:18:28.921124,7,100.0,13106.0,111.74
2026-09-28T21:18:29.919944,4,0.0,20702.0,84.2
2026-09-28T21:18:29.919944,5,86.0,16520.0,439.94
2026-09-28T21:18:29.919944,6,0.0,9328.0,79.79
2026-09-28T21:18:29.919944,7,100.0,13106.0,111.78
2026-09-28T21:18:30.921639,4,0.0,20702.0,83.78
2026-09-28T21:18:30.921639,5,94.0,16520.0,448.45
2026-09-28T21:18:30.921639,6,0.0,9328.0,79.78
2026-09-28T21:18:30.921639,7,100.0,13106.0,111.93
2026-09-28T21:18:31.920926,4,0.0,20702.0,83.3
2026-09-28T21:18:31.920926,5,95.0,16520.0,448.22
2026-09-28T21:18:31.920926,6,0.0,9328.0,79.71
2026-09-28T21:18:31.920926,7,100.0,13106.0,111.95
2026-09-28T21:18:32.922378,4,0.0,20702.0,82.74
2026-09-28T21:18:32.922378,5,95.0,16520.0,445.93
2026-09-28T21:18:32.922378,6,0.0,9328.0,79.64
2026-09-28T21:18:32.922378,7,100.0,13106.0,112.29
2026-09-28T21:18:33.955348,4,0.0,20702.0,38.86
2026-09-28T21:18:33.955348,5,95.0,16520.0,448.7
2026-09-28T21:18:33.955348,6,0.0,9328.0,79.71
2026-09-28T21:18:33.955348,7,100.0,13106.0,112.18
2026-09-28T21:18:34.921509,4,0.0,20702.0,38.86
2026-09-28T21:18:34.921509,5,96.0,16520.0,448.99
2026-09-28T21:18:34.921509,6,0.0,9328.0,79.84
2026-09-28T21:18:34.921509,7,100.0,13106.0,112.03
2026-09-28T21:18:35.921736,4,0.0,20702.0,24.83
2026-09-28T21:18:35.921736,5,96.0,16520.0,449.1
2026-09-28T21:18:35.921736,6,0.0,9328.0,79.71
2026-09-28T21:18:35.921736,7,100.0,13106.0,112.42
2026-09-28T21:18:36.922821,4,0.0,20702.0,22.85
2026-09-28T21:18:36.922821,5,95.0,16520.0,448.81
2026-09-28T21:18:36.922821,6,0.0,9328.0,75.51
2026-09-28T21:18:36.922821,7,100.0,13106.0,112.17
2026-09-28T21:18:37.923898,4,0.0,20702.0,22.6
2026-09-28T21:18:37.923898,5,96.0,16520.0,449.02
2026-09-28T21:18:37.923898,6,0.0,9328.0,50.25
2026-09-28T21:18:37.923898,7,100.0,13106.0,112.11
2026-09-28T21:18:38.925279,4,0.0,20702.0,22.3
2026-09-28T21:18:38.925279,5,95.0,16520.0,449.13
2026-09-28T21:18:38.925279,6,0.0,9328.0,25.92
2026-09-28T21:18:38.925279,7,100.0,13106.0,112.32
2026-09-28T21:18:39.923513,4,0.0,20702.0,22.13
2026-09-28T21:18:39.923513,5,96.0,16520.0,450.05
2026-09-28T21:18:39.923513,6,0.0,9328.0,22.65
2026-09-28T21:18:39.923513,7,100.0,13106.0,112.32
2026-09-28T21:18:40.941491,4,0.0,20702.0,22.01
2026-09-28T21:18:40.941491,5,99.0,16520.0,449.65
2026-09-28T21:18:40.941491,6,0.0,9328.0,22.52
2026-09-28T21:18:40.941491,7,100.0,13106.0,112.19
2026-09-28T21:18:41.922508,4,0.0,20702.0,21.87
2026-09-28T21:18:41.922508,5,95.0,16520.0,448.63
2026-09-28T21:18:41.922508,6,0.0,9328.0,22.38
2026-09-28T21:18:41.922508,7,100.0,13106.0,112.19
2026-09-28T21:18:42.925288,4,0.0,20702.0,21.91
2026-09-28T21:18:42.925288,5,95.0,16520.0,447.43
2026-09-28T21:18:42.925288,6,0.0,9328.0,22.41
2026-09-28T21:18:42.925288,7,100.0,13106.0,112.0
2026-09-28T21:18:43.925842,4,0.0,20702.0,21.8
2026-09-28T21:18:43.925842,5,95.0,16520.0,448.5
2026-09-28T21:18:43.925842,6,0.0,9328.0,22.47
2026-09-28T21:18:43.925842,7,100.0,13106.0,112.03
2026-09-28T21:18:44.925271,4,0.0,20702.0,21.47
2026-09-28T21:18:44.925271,5,99.0,16520.0,449.25
2026-09-28T21:18:44.925271,6,0.0,9328.0,22.42
2026-09-28T21:18:44.925271,7,100.0,13106.0,111.88
2026-09-28T21:18:45.923367,4,0.0,20702.0,21.26
2026-09-28T21:18:45.923367,5,90.0,16520.0,446.1
2026-09-28T21:18:45.923367,6,0.0,9328.0,22.37
2026-09-28T21:18:45.923367,7,100.0,13106.0,112.0
2026-09-28T21:18:46.982194,4,0.0,20702.0,21.25
2026-09-28T21:18:46.982194,5,99.0,16520.0,448.69
2026-09-28T21:18:46.982194,6,0.0,9328.0,22.17
2026-09-28T21:18:46.982194,7,100.0,13106.0,111.96
2026-09-28T21:18:47.921713,4,0.0,20702.0,21.25
2026-09-28T21:18:47.921713,5,99.0,16520.0,449.76
2026-09-28T21:18:47.921713,6,0.0,9328.0,22.08
2026-09-28T21:18:47.921713,7,100.0,13106.0,111.48
2026-09-28T21:18:48.933453,4,0.0,20702.0,21.29
2026-09-28T21:18:48.933453,5,99.0,16520.0,449.71
2026-09-28T21:18:48.933453,6,0.0,9328.0,22.11
2026-09-28T21:18:48.933453,7,100.0,13106.0,111.38
2026-09-28T21:18:49.924647,4,0.0,20702.0,21.29
2026-09-28T21:18:49.924647,5,99.0,16520.0,448.76
2026-09-28T21:18:49.924647,6,0.0,9328.0,21.94
2026-09-28T21:18:49.924647,7,100.0,13106.0,111.4
2026-09-28T21:18:50.938238,4,0.0,20702.0,21.21
2026-09-28T21:18:50.938238,5,99.0,16520.0,450.21
2026-09-28T21:18:50.938238,6,0.0,9328.0,21.83
2026-09-28T21:18:50.938238,7,100.0,13106.0,111.11
2026-09-28T21:18:51.926675,4,0.0,20702.0,21.31
2026-09-28T21:18:51.926675,5,0.0,16520.0,300.65
2026-09-28T21:18:51.926675,6,90.0,9328.0,84.11
2026-09-28T21:18:51.926675,7,95.0,13106.0,191.27
2026-09-28T21:18:52.983247,4,0.0,20702.0,21.15
2026-09-28T21:18:52.983247,5,0.0,16520.0,182.02
2026-09-28T21:18:52.983247,6,83.0,9328.0,377.95
2026-09-28T21:18:52.983247,7,91.0,13106.0,388.05
2026-09-28T21:18:53.926959,4,0.0,20702.0,21.15
2026-09-28T21:18:53.926959,5,0.0,16520.0,119.01
2026-09-28T21:18:53.926959,6,96.0,9328.0,373.3
2026-09-28T21:18:53.926959,7,96.0,13106.0,391.18
2026-09-28T21:18:54.925385,4,0.0,20702.0,21.07
2026-09-28T21:18:54.925385,5,0.0,16520.0,111.55
2026-09-28T21:18:54.925385,6,94.0,9328.0,370.53
2026-09-28T21:18:54.925385,7,96.0,13106.0,395.16
2026-09-28T21:18:55.924654,4,0.0,20702.0,21.05
2026-09-28T21:18:55.924654,5,0.0,16520.0,104.19
2026-09-28T21:18:55.924654,6,86.0,9328.0,371.54
2026-09-28T21:18:55.924654,7,90.0,13106.0,399.12
2026-09-28T21:18:56.929585,4,0.0,20702.0,20.93
2026-09-28T21:18:56.929585,5,0.0,16520.0,103.9
2026-09-28T21:18:56.929585,6,86.0,9328.0,375.06
2026-09-28T21:18:56.929585,7,84.0,13106.0,393.47
2026-09-28T21:18:57.926186,4,0.0,20702.0,21.06
2026-09-28T21:18:57.926186,5,0.0,16520.0,103.43
2026-09-28T21:18:57.926186,6,96.0,9328.0,386.43
2026-09-28T21:18:57.926186,7,96.0,13106.0,394.3
2026-09-28T21:18:58.948943,4,0.0,20702.0,21.07
2026-09-28T21:18:58.948943,5,0.0,16520.0,102.63
2026-09-28T21:18:58.948943,6,92.0,9328.0,374.65
2026-09-28T21:18:58.948943,7,95.0,13106.0,408.18
2026-09-28T21:18:59.928547,4,0.0,20702.0,21.07
2026-09-28T21:18:59.928547,5,0.0,16520.0,101.79
2026-09-28T21:18:59.928547,6,91.0,9328.0,371.8
2026-09-28T21:18:59.928547,7,89.0,13106.0,403.09
2026-09-28T21:19:00.928458,4,0.0,20702.0,21.21
2026-09-28T21:19:00.928458,5,0.0,16520.0,101.16
2026-09-28T21:19:00.928458,6,95.0,9328.0,374.65
2026-09-28T21:19:00.928458,7,87.0,13106.0,401.94
2026-09-28T21:19:01.929419,4,0.0,20702.0,21.18
2026-09-28T21:19:01.929419,5,0.0,16520.0,100.57
2026-09-28T21:19:01.929419,6,96.0,9328.0,374.91
2026-09-28T21:19:01.929419,7,97.0,13106.0,412.54
2026-09-28T21:19:02.929187,4,0.0,20702.0,20.92
2026-09-28T21:19:02.929187,5,0.0,16520.0,99.99
2026-09-28T21:19:02.929187,6,84.0,9328.0,370.43
2026-09-28T21:19:02.929187,7,94.0,13106.0,417.06
2026-09-28T21:19:03.926441,4,0.0,20702.0,20.89
2026-09-28T21:19:03.926441,5,0.0,16520.0,99.12
2026-09-28T21:19:03.926441,6,86.0,9328.0,367.25
2026-09-28T21:19:03.926441,7,85.0,13106.0,417.31
2026-09-28T21:19:04.930349,4,0.0,20702.0,20.95
2026-09-28T21:19:04.930349,5,0.0,16520.0,98.17
2026-09-28T21:19:04.930349,6,96.0,9328.0,375.43
2026-09-28T21:19:04.930349,7,96.0,13106.0,407.79
2026-09-28T21:19:05.957462,4,0.0,20702.0,20.95
2026-09-28T21:19:05.957462,5,0.0,16520.0,97.81
2026-09-28T21:19:05.957462,6,92.0,9328.0,371.0
2026-09-28T21:19:05.957462,7,96.0,13106.0,411.03
2026-09-28T21:19:06.929039,4,0.0,20702.0,20.75
2026-09-28T21:19:06.929039,5,0.0,16520.0,97.52
2026-09-28T21:19:06.929039,6,91.0,9328.0,377.58
2026-09-28T21:19:06.929039,7,92.0,13106.0,412.47
2026-09-28T21:19:07.929615,4,0.0,20702.0,20.72
2026-09-28T21:19:07.929615,5,0.0,16520.0,96.86
2026-09-28T21:19:07.929615,6,96.0,9328.0,379.39
2026-09-28T21:19:07.929615,7,96.0,13106.0,418.94
2026-09-28T21:19:08.932503,4,0.0,20702.0,20.86
2026-09-28T21:19:08.932503,5,0.0,16520.0,93.75
2026-09-28T21:19:08.932503,6,97.0,9328.0,377.23
2026-09-28T21:19:08.932503,7,96.0,13106.0,411.29
2026-09-28T21:19:09.928308,4,0.0,20702.0,20.86
2026-09-28T21:19:09.928308,5,0.0,16520.0,69.0
2026-09-28T21:19:09.928308,6,84.0,9328.0,387.88
2026-09-28T21:19:09.928308,7,92.0,13106.0,411.3
2026-09-28T21:19:10.928185,4,0.0,20702.0,20.66
2026-09-28T21:19:10.928185,5,0.0,16520.0,42.74
2026-09-28T21:19:10.928185,6,87.0,9328.0,359.48
2026-09-28T21:19:10.928185,7,84.0,13106.0,417.56
2026-09-28T21:19:11.977082,4,0.0,20702.0,20.58
2026-09-28T21:19:11.977082,5,0.0,16520.0,36.41
2026-09-28T21:19:11.977082,6,97.0,9328.0,385.54
2026-09-28T21:19:11.977082,7,96.0,13106.0,412.5
2026-09-28T21:19:12.929373,4,0.0,20702.0,20.58
2026-09-28T21:19:12.929373,5,0.0,16520.0,34.03
2026-09-28T21:19:12.929373,6,93.0,9328.0,382.15
2026-09-28T21:19:12.929373,7,96.0,13106.0,411.8
2026-09-28T21:19:13.928007,4,0.0,20702.0,20.61
2026-09-28T21:19:13.928007,5,0.0,16520.0,33.52
2026-09-28T21:19:13.928007,6,86.0,9328.0,382.3
2026-09-28T21:19:13.928007,7,89.0,13106.0,411.85
2026-09-28T21:19:14.933141,4,0.0,20702.0,20.49
2026-09-28T21:19:14.933141,5,0.0,16520.0,33.32
2026-09-28T21:19:14.933141,6,96.0,9328.0,382.16
2026-09-28T21:19:14.933141,7,92.0,13106.0,420.07
2026-09-28T21:19:15.930275,4,0.0,20702.0,20.38
2026-09-28T21:19:15.930275,5,0.0,16520.0,33.09
2026-09-28T21:19:15.930275,6,97.0,9328.0,376.4
2026-09-28T21:19:15.930275,7,96.0,13106.0,416.21
2026-09-28T21:19:16.929788,4,0.0,20702.0,20.45
2026-09-28T21:19:16.929788,5,0.0,16520.0,32.83
2026-09-28T21:19:16.929788,6,87.0,9328.0,386.22
2026-09-28T21:19:16.929788,7,93.0,13106.0,421.12
2026-09-28T21:19:17.952927,4,0.0,20702.0,20.59
2026-09-28T21:19:17.952927,5,0.0,16520.0,32.77
2026-09-28T21:19:17.952927,6,84.0,9328.0,388.59
2026-09-28T21:19:17.952927,7,84.0,13106.0,414.41
2026-09-28T21:19:18.938073,4,0.0,20702.0,20.74
2026-09-28T21:19:18.938073,5,0.0,16520.0,32.69
2026-09-28T21:19:18.938073,6,96.0,9328.0,376.96
2026-09-28T21:19:18.938073,7,98.0,13106.0,422.92
2026-09-28T21:19:19.932095,4,0.0,20702.0,20.68
2026-09-28T21:19:19.932095,5,0.0,16520.0,32.66
2026-09-28T21:19:19.932095,6,88.0,9328.0,366.75
2026-09-28T21:19:19.932095,7,94.0,13106.0,421.67
2026-09-28T21:19:20.930088,4,0.0,20702.0,20.68
2026-09-28T21:19:20.930088,5,0.0,16520.0,32.64
2026-09-28T21:19:20.930088,6,90.0,9328.0,373.41
2026-09-28T21:19:20.930088,7,90.0,13106.0,410.55
2026-09-28T21:19:21.930953,4,0.0,20702.0,20.55
2026-09-28T21:19:21.930953,5,0.0,16520.0,32.65
2026-09-28T21:19:21.930953,6,96.0,9328.0,388.24
2026-09-28T21:19:21.930953,7,97.0,13106.0,419.35
2026-09-28T21:19:22.929879,4,0.0,20702.0,20.62
2026-09-28T21:19:22.929879,5,0.0,16520.0,32.67
2026-09-28T21:19:22.929879,6,96.0,9328.0,399.03
2026-09-28T21:19:22.929879,7,96.0,13106.0,413.45
2026-09-28T21:19:23.969685,4,0.0,20702.0,20.67
2026-09-28T21:19:23.969685,5,0.0,16520.0,32.49
2026-09-28T21:19:23.969685,6,85.0,9328.0,384.47
2026-09-28T21:19:23.969685,7,90.0,13106.0,419.61
2026-09-28T21:19:24.935208,4,0.0,20702.0,20.47
2026-09-28T21:19:24.935208,5,0.0,16520.0,32.45
2026-09-28T21:19:24.935208,6,87.0,9328.0,385.12
2026-09-28T21:19:24.935208,7,83.0,13106.0,418.08
2026-09-28T21:19:25.933261,4,0.0,20702.0,20.49
2026-09-28T21:19:25.933261,5,0.0,16520.0,32.47
2026-09-28T21:19:25.933261,6,95.0,9328.0,381.48
2026-09-28T21:19:25.933261,7,96.0,13106.0,409.74
2026-09-28T21:19:26.930741,4,0.0,20702.0,20.71
2026-09-28T21:19:26.930741,5,0.0,16520.0,32.47
2026-09-28T21:19:26.930741,6,91.0,9328.0,386.79
2026-09-28T21:19:26.930741,7,95.0,13106.0,419.91
2026-09-28T21:19:27.928398,4,0.0,20702.0,20.64
2026-09-28T21:19:27.928398,5,0.0,16520.0,32.39
2026-09-28T21:19:27.928398,6,89.0,9328.0,385.7
2026-09-28T21:19:27.928398,7,92.0,13106.0,414.56
2026-09-28T21:19:28.929167,4,0.0,20702.0,20.5
2026-09-28T21:19:28.929167,5,0.0,16520.0,32.1
2026-09-28T21:19:28.929167,6,97.0,9328.0,388.02
2026-09-28T21:19:28.929167,7,96.0,13106.0,424.92
2026-09-28T21:19:29.988100,4,0.0,20702.0,20.35
2026-09-28T21:19:29.988100,5,0.0,16520.0,31.93
2026-09-28T21:19:29.988100,6,95.0,9328.0,387.71
2026-09-28T21:19:29.988100,7,97.0,13106.0,420.06
2026-09-28T21:19:30.933001,4,0.0,20702.0,20.35
2026-09-28T21:19:30.933001,5,0.0,16520.0,31.76
2026-09-28T21:19:30.933001,6,84.0,9328.0,382.04
2026-09-28T21:19:30.933001,7,88.0,13106.0,419.8
2026-09-28T21:19:31.933756,4,0.0,20702.0,20.45
2026-09-28T21:19:31.933756,5,0.0,16520.0,31.64
2026-09-28T21:19:31.933756,6,85.0,9328.0,388.31
2026-09-28T21:19:31.933756,7,85.0,13106.0,411.87
2026-09-28T21:19:32.935747,4,0.0,20702.0,20.5
2026-09-28T21:19:32.935747,5,0.0,16520.0,31.38
2026-09-28T21:19:32.935747,6,97.0,9328.0,390.23
2026-09-28T21:19:32.935747,7,97.0,13106.0,421.35
2026-09-28T21:19:33.931592,4,0.0,20702.0,20.5
2026-09-28T21:19:33.931592,5,0.0,16520.0,31.25
2026-09-28T21:19:33.931592,6,90.0,9328.0,386.75
2026-09-28T21:19:33.931592,7,94.0,13106.0,423.17
2026-09-28T21:19:34.930492,4,0.0,20702.0,20.58
2026-09-28T21:19:34.930492,5,0.0,16520.0,31.65
2026-09-28T21:19:34.930492,6,91.0,9328.0,397.86
2026-09-28T21:19:34.930492,7,90.0,13106.0,414.67
2026-09-28T21:19:35.978222,4,0.0,20702.0,21.02
2026-09-28T21:19:35.978222,5,0.0,16520.0,31.9
2026-09-28T21:19:35.978222,6,96.0,9328.0,399.08
2026-09-28T21:19:35.978222,7,96.0,13106.0,418.58
2026-09-28T21:19:36.932019,4,0.0,20702.0,21.02
2026-09-28T21:19:36.932019,5,0.0,16520.0,32.07
2026-09-28T21:19:36.932019,6,95.0,9328.0,378.55
2026-09-28T21:19:36.932019,7,97.0,13106.0,425.58
2026-09-28T21:19:37.928664,4,0.0,20702.0,20.91
2026-09-28T21:19:37.928664,5,0.0,16520.0,32.32
2026-09-28T21:19:37.928664,6,87.0,9328.0,399.34
2026-09-28T21:19:37.928664,7,92.0,13106.0,414.27
2026-09-28T21:19:38.933829,4,0.0,20702.0,20.66
2026-09-28T21:19:38.933829,5,0.0,16520.0,32.21
2026-09-28T21:19:38.933829,6,96.0,9328.0,395.82
2026-09-28T21:19:38.933829,7,87.0,13106.0,421.9
2026-09-28T21:19:39.931847,4,0.0,20702.0,20.65
2026-09-28T21:19:39.931847,5,0.0,16520.0,32.02
2026-09-28T21:19:39.931847,6,96.0,9328.0,390.8
2026-09-28T21:19:39.931847,7,96.0,13106.0,421.49
2026-09-28T21:19:40.928133,4,0.0,20702.0,20.68
2026-09-28T21:19:40.928133,5,0.0,16520.0,31.92
2026-09-28T21:19:40.928133,6,86.0,9328.0,402.17
2026-09-28T21:19:40.928133,7,91.0,13106.0,416.45
2026-09-28T21:19:41.973890,4,0.0,20702.0,20.58
2026-09-28T21:19:41.973890,5,0.0,16520.0,31.55
2026-09-28T21:19:41.973890,6,84.0,9328.0,398.16
2026-09-28T21:19:41.973890,7,85.0,13106.0,419.87
